held,config,variant,truth,baseline,error
2mm,MEDIUM,none,1652420,0.0,6.403940886699508
2mm,MEDIUM,all 26 others,1652420,107244.1340723869,0.0861847515998894
2mm,MEDIUM,1 other kernel,1652420,106605.31277713126,0.047525010416923676
2mm,MEDIUM,1 other kernel,1652420,106586.46945351911,0.04638466331315345
2mm,MEDIUM,1 other kernel,1652420,112903.98905598104,0.428703904333095
2mm,MEDIUM,1 other kernel,1652420,106655.97799233136,0.050591132540841695
2mm,MEDIUM,1 other kernel,1652420,106706.24769373452,0.053633319236905654
2mm,MEDIUM,3 other kernels,1652420,106631.39391319557,0.04910337040192375
2mm,MEDIUM,3 other kernels,1652420,108635.16154627419,0.17036598118360274
2mm,MEDIUM,3 other kernels,1652420,106637.02663302858,0.049444247408566795
2mm,MEDIUM,3 other kernels,1652420,106617.12501026547,0.04823985489557758
2mm,MEDIUM,3 other kernels,1652420,108657.8138955153,0.17173684024130664
2mm,MINI,none,121735,0.0,87.66501006284142
2mm,MINI,all 26 others,121735,107244.1340723869,0.4313747668188336
2mm,MINI,1 other kernel,121735,106605.31277713126,0.09338910162955809
2mm,MINI,1 other kernel,121735,106586.46945351911,0.10886807120457685
2mm,MINI,1 other kernel,121735,112903.98905598104,5.080699105418363
2mm,MINI,1 other kernel,121735,106655.97799233136,0.051769834204327646
2mm,MINI,1 other kernel,121735,106706.24769373452,0.01047546413560603
2mm,MINI,3 other kernels,121735,106631.39391319557,0.0719645843877518
2mm,MINI,3 other kernels,121735,108635.16154627419,1.574043246621095
2mm,MINI,3 other kernels,121735,106637.02663302858,0.06733755039341088
2mm,MINI,3 other kernels,121735,106617.12501026547,0.0836858666238354
2mm,MINI,3 other kernels,121735,108657.8138955153,1.5926511648378012
2mm,MINI2,none,135132,0.0,78.98943255483528
2mm,MINI2,all 26 others,135132,107244.1340723869,0.3730678687408553
2mm,MINI2,1 other kernel,135132,106605.31277713126,0.09967085728674777
2mm,MINI2,1 other kernel,135132,106586.46945351911,0.11361524026944483
2mm,MINI2,1 other kernel,135132,112903.98905598104,4.561457727245245
2mm,MINI2,1 other kernel,135132,106655.97799233136,0.06217772819807573
2mm,MINI2,1 other kernel,135132,106706.24769373452,0.024977286109482175
2mm,MINI2,3 other kernels,135132,106631.39391319557,0.08037036882782397
2mm,MINI2,3 other kernels,135132,108635.16154627419,1.4024520811311938
2mm,MINI2,3 other kernels,135132,106637.02663302858,0.07620205944662901
2mm,MINI2,3 other kernels,135132,106617.12501026547,0.09092960197031497
2mm,MINI2,3 other kernels,135132,108657.8138955153,1.4192152084741458
2mm,MINI3,none,157704,0.0,67.68122558717597
2mm,MINI3,all 26 others,157704,107244.1340723869,0.32220747247177783
2mm,MINI3,1 other kernel,157704,106605.31277713126,0.08286867984878506
2mm,MINI3,1 other kernel,157704,106586.46945351911,0.09481721863802199
2mm,MINI3,1 other kernel,157704,112903.98905598104,3.9111176989683485
2mm,MINI3,1 other kernel,157704,106655.97799233136,0.050741901073291545
2mm,MINI3,1 other kernel,157704,106706.24769373452,0.018865917329595604
2mm,MINI3,3 other kernels,157704,106631.39391319557,0.066330649066869
2mm,MINI3,3 other kernels,157704,108635.16154627419,1.2042570551629665
2mm,MINI3,3 other kernels,157704,106637.02663302858,0.0627589452210589
2mm,MINI3,3 other kernels,157704,106617.12501026547,0.07537855078788491
2mm,MINI3,3 other kernels,157704,108657.8138955153,1.218620894533609
2mm,SMALL,none,230868,0.0,46.20302510525495
2mm,SMALL,all 26 others,230868,107244.1340723869,0.24955129008216492
2mm,SMALL,1 other kernel,230868,106605.31277713126,0.027152841826813583
2mm,SMALL,1 other kernel,230868,106586.46945351911,0.03531478874547629
2mm,SMALL,1 other kernel,230868,112903.98905598104,2.7011058509542445
2mm,SMALL,1 other kernel,230868,106655.97799233136,0.005207307928610159
2mm,SMALL,1 other kernel,230868,106706.24769373452,0.01656690998082651
2mm,SMALL,3 other kernels,230868,106631.39391319557,0.015855851310885485
2mm,SMALL,3 other kernels,230868,108635.16154627419,0.8520719832433273
2mm,SMALL,3 other kernels,230868,106637.02663302858,0.01341605028475957
2mm,SMALL,3 other kernels,230868,106617.12501026547,0.022036397306913917
2mm,SMALL,3 other kernels,230868,108657.8138955153,0.8618838017894567
2mm,SMALL2,none,463737,0.0,23.01670990238001
2mm,SMALL2,all 26 others,463737,107244.1340723869,0.10935812160489512
2mm,SMALL2,1 other kernel,463737,106605.31277713126,0.028396962689784942
2mm,SMALL2,1 other kernel,463737,106586.46945351911,0.032460326970008044
2mm,SMALL2,1 other kernel,463737,112903.98905598104,1.3298462395670487
2mm,SMALL2,1 other kernel,463737,106655.97799233136,0.017471542634860643
2mm,SMALL2,1 other kernel,463737,106706.24769373452,0.0066314109647204016
2mm,SMALL2,3 other kernels,463737,106631.39391319557,0.022772840382461416
2mm,SMALL2,3 other kernels,463737,108635.16154627419,0.4093185461315799
2mm,SMALL2,3 other kernels,463737,106637.02663302858,0.021558203673939912
2mm,SMALL2,3 other kernels,463737,106617.12501026547,0.02584977902011203
2mm,SMALL2,3 other kernels,463737,108657.8138955153,0.414203286672248
2mm,SMALL3,none,947608,0.0,11.165798515841994
2mm,SMALL3,all 26 others,947608,107244.1340723869,0.15155360364062911
2mm,SMALL3,1 other kernel,947608,106605.31277713126,0.08413951519311928
2mm,SMALL3,1 other kernel,947608,106586.46945351911,0.08215100057398142
2mm,SMALL3,1 other kernel,947608,112903.98905598104,0.7488316958047045
2mm,SMALL3,1 other kernel,947608,106655.97799233136,0.08948615802434934
2mm,SMALL3,1 other kernel,947608,106706.24769373452,0.09479106273210824
2mm,SMALL3,3 other kernels,947608,106631.39391319557,0.08689182797059385
2mm,SMALL3,3 other kernels,947608,108635.16154627419,0.2983471589807394
2mm,SMALL3,3 other kernels,947608,106637.02663302858,0.08748624252102552
2mm,SMALL3,3 other kernels,947608,106617.12501026547,0.08538604678997043
2mm,SMALL3,3 other kernels,947608,108657.8138955153,0.300737635764502
3mm,MEDIUM,none,2297260,0.0,4.6084465841916025
3mm,MEDIUM,all 26 others,2297260,107237.14857708565,0.059599199789562185
3mm,MEDIUM,1 other kernel,2297260,106605.31277713126,0.03209531255196757
3mm,MEDIUM,1 other kernel,2297260,112824.07292091346,0.30279867846536057
3mm,MEDIUM,1 other kernel,2297260,106655.44465647107,0.03427755919970992
3mm,MEDIUM,1 other kernel,2297260,106605.31277713126,0.03209531255196757
3mm,MEDIUM,1 other kernel,2297260,106716.99366689014,0.036956794916120826
3mm,MEDIUM,3 other kernels,2297260,106708.21898301244,0.036574831887215706
3mm,MEDIUM,3 other kernels,2297260,106555.56405340155,0.02992974471332592
3mm,MEDIUM,3 other kernels,2297260,108446.43623922797,0.11223963500988647
3mm,MEDIUM,3 other kernels,2297260,106701.1600734129,0.036267556715959354
3mm,MEDIUM,3 other kernels,2297260,106552.55404030344,0.029798718486521065
3mm,MINI,none,128431,0.0,83.18163060320327
3mm,MINI,all 26 others,128431,107237.14857708565,0.31623874071342006
3mm,MINI,1 other kernel,128431,106605.31277713126,0.17572643899739357
3mm,MINI,1 other kernel,128431,112824.07292091346,4.666375657678799
3mm,MINI,1 other kernel,128431,106655.44465647107,0.13669234338199734
3mm,MINI,1 other kernel,128431,106605.31277713126,0.17572643899739357
3mm,MINI,1 other kernel,128431,106716.99366689014,0.08876854739888694
3mm,MINI,3 other kernels,128431,106708.21898301244,0.09560076382459007
3mm,MINI,3 other kernels,128431,106555.56405340155,0.21446219884486245
3mm,MINI,3 other kernels,128431,108446.43623922797,1.257824231866117
3mm,MINI,3 other kernels,128431,106701.1600734129,0.10109702999049885
3mm,MINI,3 other kernels,128431,106552.55404030344,0.2168058799639968
3mm,MINI2,none,149560,0.0,71.43621289114736
3mm,MINI2,all 26 others,149560,107237.14857708565,0.26554464902757285
3mm,MINI2,1 other kernel,149560,106605.31277713126,0.1569184426776732
3mm,MINI2,1 other kernel,149560,112824.07292091346,4.001118561723361
3mm,MINI2,1 other kernel,149560,106655.44465647107,0.12339886569197543
3mm,MINI2,1 other kernel,149560,106605.31277713126,0.1569184426776732
3mm,MINI2,1 other kernel,149560,106716.99366689014,0.08224547546794898
3mm,MINI2,3 other kernels,149560,106708.21898301244,0.08811247458382844
3mm,MINI2,3 other kernels,149560,106555.56405340155,0.1901818311035339
3mm,MINI2,3 other kernels,149560,108446.43623922797,1.0741082102353388
3mm,MINI2,3 other kernels,149560,106701.1600734129,0.09283225901785075
3mm,MINI2,3 other kernels,149560,106552.55404030344,0.192194410067228
3mm,MINI3,none,177828,0.0,60.069280428279015
3mm,MINI3,all 26 others,177828,107237.14857708565,0.23457980581552845
3mm,MINI3,1 other kernel,177828,106605.31277713126,0.12072745735695616
3mm,MINI3,1 other kernel,177828,112824.07292091346,3.376337202754043
3mm,MINI3,1 other kernel,177828,106655.44465647107,0.09253623924742924
3mm,MINI3,1 other kernel,177828,106605.31277713126,0.12072745735695616
3mm,MINI3,1 other kernel,177828,106716.99366689014,0.057924698646931026
3mm,MINI3,3 other kernels,177828,106708.21898301244,0.0628590643698258
3mm,MINI3,3 other kernels,177828,106555.56405340155,0.14870321130443198
3mm,MINI3,3 other kernels,177828,108446.43623922797,0.9146120066738492
3mm,MINI3,3 other kernels,177828,106701.1600734129,0.06682857963149649
3mm,MINI3,3 other kernels,177828,106552.55404030344,0.15039586549730424
3mm,SMALL,none,293320,0.0,36.386199372698755
3mm,SMALL,all 26 others,293320,107237.14857708565,0.17358126860958611
3mm,SMALL,1 other kernel,293320,106605.31277713126,0.04182709084574117
3mm,SMALL,1 other kernel,293320,112824.07292091346,2.0783011458180347
3mm,SMALL,1 other kernel,293320,106655.44465647107,0.024735900562156844
3mm,SMALL,1 other kernel,293320,106605.31277713126,0.04182709084574117
3mm,SMALL,1 other kernel,293320,106716.99366689014,0.003752329575161769
3mm,SMALL,3 other kernels,293320,106708.21898301244,0.0067438350564481865
3mm,SMALL,3 other kernels,293320,106555.56405340155,0.05878765396100375
3mm,SMALL,3 other kernels,293320,108446.43623922797,0.5858571659716357
3mm,SMALL,3 other kernels,293320,106701.1600734129,0.009150390899723332
3mm,SMALL,3 other kernels,293320,106552.55404030344,0.05981384143479687
3mm,SMALL2,none,642229,0.0,16.635343467828452
3mm,SMALL2,all 26 others,642229,107237.14857708565,0.06230621430762176
3mm,SMALL2,1 other kernel,642229,106605.31277713126,0.03607548442514838
3mm,SMALL2,1 other kernel,642229,112824.07292091346,0.9322333499286795
3mm,SMALL2,1 other kernel,642229,106655.44465647107,0.028269564832633945
3mm,SMALL2,1 other kernel,642229,106605.31277713126,0.03607548442514838
3mm,SMALL2,1 other kernel,642229,106716.99366689014,0.018685910027408093
3mm,SMALL2,3 other kernels,642229,106708.21898301244,0.02005219586588516
3mm,SMALL2,3 other kernels,642229,106555.56405340155,0.043821743739136075
3mm,SMALL2,3 other kernels,642229,108446.43623922797,0.25060161394580466
3mm,SMALL2,3 other kernels,642229,106701.1600734129,0.021151322439047205
3mm,SMALL2,3 other kernels,642229,106552.55404030344,0.04429042595344436
3mm,SMALL3,none,1310256,0.0,8.079642451551452
3mm,SMALL3,all 26 others,1310256,107237.14857708565,0.10480002206329879
3mm,SMALL3,1 other kernel,1310256,106605.31277713126,0.05657770520656499
3mm,SMALL3,1 other kernel,1310256,112824.07292091346,0.5311994694863708
3mm,SMALL3,1 other kernel,1310256,106655.44465647107,0.06040381852638136
3mm,SMALL3,1 other kernel,1310256,106605.31277713126,0.05657770520656499
3mm,SMALL3,1 other kernel,1310256,106716.99366689014,0.06510129828751612
3mm,SMALL3,3 other kernels,1310256,106708.21898301244,0.06443160596192533
3mm,SMALL3,3 other kernels,1310256,106555.56405340155,0.05278083469196736
3mm,SMALL3,3 other kernels,1310256,108446.43623922797,0.19709402126209577
3mm,SMALL3,3 other kernels,1310256,106701.1600734129,0.06389286318191369
3mm,SMALL3,3 other kernels,1310256,106552.55404030344,0.052551107592978305
adi,MEDIUM,none,1373220,0.0,7.7007325847278665
adi,MEDIUM,all 26 others,1373220,107251.77393847992,0.10950713931342634
adi,MEDIUM,1 other kernel,1373220,106628.34823631898,0.06410831740863886
adi,MEDIUM,1 other kernel,1373220,106787.95784962596,0.07573133581115653
adi,MEDIUM,1 other kernel,1373220,106774.12370898976,0.07472391233667613
adi,MEDIUM,1 other kernel,1373220,106622.35407899856,0.06367181362043638
adi,MEDIUM,1 other kernel,1373220,106605.31277713126,0.06243083971478207
adi,MEDIUM,3 other kernels,1373220,106705.71776433168,0.06974248586036662
adi,MEDIUM,3 other kernels,1373220,106556.91350010438,0.058906329656160876
adi,MEDIUM,3 other kernels,1373220,106696.60061403697,0.0690785609033439
adi,MEDIUM,3 other kernels,1373220,106592.82204226968,0.06152124512238623
adi,MEDIUM,3 other kernels,1373220,106660.64233106929,0.06646002323512148
adi,MINI,none,118363,0.0,90.03742723655196
adi,MINI,all 26 others,118363,107251.77393847992,0.5751577253701923
adi,MINI,1 other kernel,118363,106628.34823631898,0.048451151389355844
adi,MINI,1 other kernel,118363,106787.95784962596,0.18329870789517308
adi,MINI,1 other kernel,118363,106774.12370898976,0.17161081502645442
adi,MINI,1 other kernel,118363,106622.35407899856,0.04338693595004888
adi,MINI,1 other kernel,118363,106605.31277713126,0.028989445292242903
adi,MINI,3 other kernels,118363,106705.71776433168,0.11381746350775386
adi,MINI,3 other kernels,118363,106556.91350010438,0.011901100762589663
adi,MINI,3 other kernels,118363,106696.60061403697,0.10611476055606213
adi,MINI,3 other kernels,118363,106592.82204226968,0.018436540362846393
adi,MINI,3 other kernels,118363,106660.64233106929,0.07573509548532201
adi,MINI2,none,133724,0.0,79.69549220783105
adi,MINI2,all 26 others,133724,107251.77393847992,0.5083410146869078
adi,MINI2,1 other kernel,133724,106628.34823631898,0.042137713737974265
adi,MINI2,1 other kernel,133724,106787.95784962596,0.161495206265116
adi,MINI2,1 other kernel,133724,106774.12370898976,0.1511499124987005
adi,MINI2,1 other kernel,133724,106622.35407899856,0.03765522942669705
adi,MINI2,1 other kernel,133724,106605.31277713126,0.024911591884233208
adi,MINI2,3 other kernels,133724,106705.71776433168,0.09999533691160012
adi,MINI2,3 other kernels,133724,106556.91350010438,0.011281819191476063
adi,MINI2,3 other kernels,133724,106696.60061403697,0.09317745059746738
adi,MINI2,3 other kernels,133724,106592.82204226968,0.015570908939076327
adi,MINI2,3 other kernels,133724,106660.64233106929,0.0662875258512138
adi,MINI3,none,155512,0.0,68.54776480271619
adi,MINI3,all 26 others,155512,107251.77393847992,0.4191148840474823
adi,MINI3,1 other kernel,155512,106628.34823631898,0.018228970316739996
adi,MINI3,1 other kernel,155512,106787.95784962596,0.12086388807678104
adi,MINI3,1 other kernel,155512,106774.12370898976,0.11196802111075815
adi,MINI3,1 other kernel,155512,106622.35407899856,0.014374504217395674
adi,MINI3,1 other kernel,155512,106605.31277713126,0.003416313294968886
adi,MINI3,3 other kernels,155512,106705.71776433168,0.06798045445474829
adi,MINI3,3 other kernels,155512,106556.91350010438,0.027706221960755086
adi,MINI3,3 other kernels,155512,106696.60061403697,0.06211778771860516
adi,MINI3,3 other kernels,155512,106592.82204226968,0.004615693792318003
adi,MINI3,3 other kernels,155512,106660.64233106929,0.03899527436421442
adi,SMALL,none,218216,0.0,48.843347875499504
adi,SMALL,all 26 others,218216,107251.77393847992,0.30601511276896315
adi,SMALL,1 other kernel,218216,106628.34823631898,0.02032309102859951
adi,SMALL,1 other kernel,218216,106787.95784962596,0.09346603806593637
adi,SMALL,1 other kernel,218216,106774.12370898976,0.08712638348689475
adi,SMALL,1 other kernel,218216,106622.35407899856,0.017576199269786066
adi,SMALL,1 other kernel,218216,106605.31277713126,0.009766826049085317
adi,SMALL,3 other kernels,218216,106705.71776433168,0.05577857000937977
adi,SMALL,3 other kernels,218216,106556.91350010438,0.012412701128977459
adi,SMALL,3 other kernels,218216,106696.60061403697,0.05160053068379829
adi,SMALL,3 other kernels,218216,106592.82204226968,0.004042802667856816
adi,SMALL,3 other kernels,218216,106660.64233106929,0.03512223259031287
adi,SMALL2,none,306561,0.0,34.77578687439041
adi,SMALL2,all 26 others,306561,107251.77393847992,0.20967244316137723
adi,SMALL2,1 other kernel,306561,106628.34823631898,0.0063113821780881145
adi,SMALL2,1 other kernel,306561,106787.95784962596,0.058375934846886496
adi,SMALL2,1 other kernel,306561,106774.12370898976,0.05386324711550466
adi,SMALL2,1 other kernel,306561,106622.35407899856,0.004356091935554868
adi,SMALL2,1 other kernel,306561,106605.31277713126,0.001202769715889492
adi,SMALL2,3 other kernels,306561,106705.71776433168,0.031549272194332664
adi,SMALL2,3 other kernels,306561,106556.91350010438,0.016990582590613108
adi,SMALL2,3 other kernels,306561,106696.60061403697,0.02857526366268288
adi,SMALL2,3 other kernels,306561,106592.82204226968,0.005277239352138586
adi,SMALL2,3 other kernels,306561,106660.64233106929,0.016845695006630697
adi,SMALL3,none,559993,0.0,19.03613080877797
adi,SMALL3,all 26 others,559993,107251.77393847992,0.11621108450997597
adi,SMALL3,1 other kernel,559993,106628.34823631898,0.004883674674331091
adi,SMALL3,1 other kernel,559993,106787.95784962596,0.033385747612195815
adi,SMALL3,1 other kernel,559993,106774.12370898976,0.030915334475556666
adi,SMALL3,1 other kernel,559993,106622.35407899856,0.003813276058550082
adi,SMALL3,1 other kernel,559993,106605.31277713126,0.0007701484002860405
adi,SMALL3,3 other kernels,559993,106705.71776433168,0.018699834521454083
adi,SMALL3,3 other kernels,559993,106556.91350010438,0.007872687675679457
adi,SMALL3,3 other kernels,559993,106696.60061403697,0.017071751617790842
adi,SMALL3,3 other kernels,559993,106592.82204226968,0.0014603678493066484
adi,SMALL3,3 other kernels,559993,106660.64233106929,0.010650549394248738
atax,MEDIUM,none,1395735,0.0,7.64751188441932
atax,MEDIUM,all 26 others,1395735,107244.66147383262,0.036229045902879765
atax,MEDIUM,1 other kernel,1395735,106706.24769373452,0.0023465991943688205
atax,MEDIUM,1 other kernel,1395735,106561.57838884159,0.012711697504068472
atax,MEDIUM,1 other kernel,1395735,106631.6649555473,0.007690216585002721
atax,MEDIUM,1 other kernel,1395735,112956.58872323515,0.44547057451701544
atax,MEDIUM,1 other kernel,1395735,106774.12370898976,0.002516502702139305
atax,MEDIUM,3 other kernels,1395735,106638.13537278686,0.007226631646639034
atax,MEDIUM,3 other kernels,1395735,106572.90712132996,0.011900029638145208
atax,MEDIUM,3 other kernels,1395735,106647.50790822618,0.006555119114572346
atax,MEDIUM,3 other kernels,1395735,108629.87189036404,0.13547499277183575
atax,MEDIUM,3 other kernels,1395735,108897.15762298346,0.15462517046455426
atax,MINI,none,120601,0.0,88.50755798044793
atax,MINI,all 26 others,120601,107244.66147383262,0.41762628322536055
atax,MINI,1 other kernel,120601,106706.24769373452,0.028815935411381333
atax,MINI,1 other kernel,120601,106561.57838884159,0.1487729049994694
atax,MINI,1 other kernel,120601,106631.6649555473,0.09065848911095453
atax,MINI,1 other kernel,120601,112956.58872323515,5.153845095177612
atax,MINI,1 other kernel,120601,106774.12370898976,0.027465534273979682
atax,MINI,3 other kernels,120601,106638.13537278686,0.08529334517387464
atax,MINI,3 other kernels,120601,106572.90712132996,0.13937934069372457
atax,MINI,3 other kernels,120601,106647.50790822618,0.07752182135622424
atax,MINI,3 other kernels,120601,108629.87189036404,1.5662157779488064
atax,MINI,3 other kernels,120601,108897.15762298346,1.7878439009489648
atax,MINI2,none,130562,0.0,81.7619215391921
atax,MINI2,all 26 others,130562,107244.66147383262,0.3788709378169889
atax,MINI2,1 other kernel,130562,106706.24769373452,0.033510750651399336
atax,MINI2,1 other kernel,130562,106561.57838884159,0.14431581253229123
atax,MINI2,1 other kernel,130562,106631.6649555473,0.0906351346124464
atax,MINI2,1 other kernel,130562,112956.58872323515,4.753748198737115
atax,MINI2,1 other kernel,130562,106774.12370898976,0.018476822497941386
atax,MINI2,3 other kernels,130562,106638.13537278686,0.08567931497154192
atax,MINI2,3 other kernels,130562,106572.90712132996,0.13563891382641105
atax,MINI2,3 other kernels,130562,106647.50790822618,0.07850070600467211
atax,MINI2,3 other kernels,130562,108629.87189036404,1.4398308009712169
atax,MINI2,3 other kernels,130562,108897.15762298346,1.6445501929990705
atax,MINI3,none,165206,0.0,64.59934869193613
atax,MINI3,all 26 others,165206,107244.66147383262,0.31636954700956205
atax,MINI3,1 other kernel,165206,106706.24769373452,0.009534948043936326
atax,MINI3,1 other kernel,165206,106561.57838884159,0.09710398602860071
atax,MINI3,1 other kernel,165206,106631.6649555473,0.054680244332946576
atax,MINI3,1 other kernel,165206,112956.58872323515,3.77382705424449
atax,MINI3,1 other kernel,165206,106774.12370898976,0.03155073604455179
atax,MINI3,3 other kernels,165206,106638.13537278686,0.05076366912409907
atax,MINI3,3 other kernels,165206,106572.90712132996,0.09024664883238152
atax,MINI3,3 other kernels,165206,106647.50790822618,0.04509042757153768
atax,MINI3,3 other kernels,165206,108629.87189036404,1.1548441886880865
atax,MINI3,3 other kernels,165206,108897.15762298346,1.316633550224233
atax,SMALL,none,224842,0.0,47.474226345611584
atax,SMALL,all 26 others,224842,107244.66147383262,0.22356208974863107
atax,SMALL,1 other kernel,224842,106706.24769373452,0.01590107998748697
atax,SMALL,1 other kernel,224842,106561.57838884159,0.0802437316686429
atax,SMALL,1 other kernel,224842,106631.6649555473,0.04907225716400304
atax,SMALL,1 other kernel,224842,112956.58872323515,2.7639803609802227
atax,SMALL,1 other kernel,224842,106774.12370898976,0.01428723681063246
atax,SMALL,3 other kernels,224842,106638.13537278686,0.046194495340354164
atax,SMALL,3 other kernels,224842,106572.90712132996,0.07520520128357878
atax,SMALL,3 other kernels,224842,106647.50790822618,0.04202599682169459
atax,SMALL,3 other kernels,224842,108629.87189036404,0.8396437900232342
atax,SMALL,3 other kernels,224842,108897.15762298346,0.9585209271325847
atax,SMALL2,none,278411,0.0,38.35157375247386
atax,SMALL2,all 26 others,278411,107244.66147383262,0.1686935767022916
atax,SMALL2,1 other kernel,278411,106706.24769373452,0.024694536589957093
atax,SMALL2,1 other kernel,278411,106561.57838884159,0.07665703264540916
atax,SMALL2,1 other kernel,278411,106631.6649555473,0.05148325477538162
atax,SMALL2,1 other kernel,278411,112956.58872323515,2.2203105205021285
atax,SMALL2,1 other kernel,278411,106774.12370898976,0.00031474726581843556
atax,SMALL2,3 other kernels,278411,106638.13537278686,0.049159202478766685
atax,SMALL2,3 other kernels,278411,106572.90712132996,0.07258796479665826
atax,SMALL2,3 other kernels,278411,106647.50790822618,0.04579276385409863
atax,SMALL2,3 other kernels,278411,108629.87189036404,0.6662351309265943
atax,SMALL2,3 other kernels,278411,108897.15762298346,0.7622391439215571
atax,SMALL3,none,451051,0.0,23.665394822314994
atax,SMALL3,all 26 others,451051,107244.66147383262,0.11122056570822747
atax,SMALL3,1 other kernel,451051,106706.24769373452,0.008148148716102048
atax,SMALL3,1 other kernel,451051,106561.57838884159,0.0402219729384061
atax,SMALL3,1 other kernel,451051,106631.6649555473,0.0246834713707957
atax,SMALL3,1 other kernel,451051,112956.58872323515,1.3775800792449593
atax,SMALL3,1 other kernel,451051,106774.12370898976,0.0069002638259891315
atax,SMALL3,3 other kernels,451051,106638.13537278686,0.02324895127450313
atax,SMALL3,3 other kernels,451051,106572.90712132996,0.03771034288140902
atax,SMALL3,3 other kernels,451051,106647.50790822618,0.021171018748175827
atax,SMALL3,3 other kernels,451051,108629.87189036404,0.41832783662247514
atax,SMALL3,3 other kernels,451051,108897.15762298346,0.47758626474244514
bicg,MEDIUM,none,1398879,0.0,7.630895881630935
bicg,MEDIUM,all 26 others,1398879,107242.93002635064,0.035451960201743175
bicg,MEDIUM,1 other kernel,1398879,106560.20540915847,0.013353162842641368
bicg,MEDIUM,1 other kernel,1398879,106622.35407899856,0.008910414767928008
bicg,MEDIUM,1 other kernel,1398879,106564.06266914602,0.01307742348365316
bicg,MEDIUM,1 other kernel,1398879,112956.58872323515,0.4438974867186558
bicg,MEDIUM,1 other kernel,1398879,106678.16240285254,0.004920911468937743
bicg,MEDIUM,3 other kernels,1398879,106582.86430498229,0.011733373295162872
bicg,MEDIUM,3 other kernels,1398879,106592.35232984775,0.011055114141547015
bicg,MEDIUM,3 other kernels,1398879,106588.51872441366,0.011329162535602533
bicg,MEDIUM,3 other kernels,1398879,106645.0534649954,0.0072877307475868675
bicg,MEDIUM,3 other kernels,1398879,106742.04048735886,0.00035453478400832077
bicg,MINI,none,120961,0.0,88.27721331668886
bicg,MINI,all 26 others,120961,107242.93002635064,0.38188343875351954
bicg,MINI,1 other kernel,120961,106560.20540915847,0.18253370164063432
bicg,MINI,1 other kernel,120961,106622.35407899856,0.13115460437781074
bicg,MINI,1 other kernel,120961,106564.06266914602,0.17934485565924538
bicg,MINI,1 other kernel,120961,112956.58872323515,5.105437887612662
bicg,MINI,1 other kernel,120961,106678.16240285254,0.08501715193116768
bicg,MINI,3 other kernels,120961,106582.86430498229,0.16380130374063887
bicg,MINI,3 other kernels,120961,106592.35232984775,0.1559574326867733
bicg,MINI,3 other kernels,120961,106588.51872441366,0.15912672314740997
bicg,MINI,3 other kernels,120961,106645.0534649954,0.11238873273583543
bicg,MINI,3 other kernels,120961,106742.04048735886,0.03220832552735518
bicg,MINI2,none,131010,0.0,81.50675520952599
bicg,MINI2,all 26 others,131010,107242.93002635064,0.3518281248383019
bicg,MINI2,1 other kernel,131010,106560.20540915847,0.1692959246176076
bicg,MINI2,1 other kernel,131010,106622.35407899856,0.12185781314513675
bicg,MINI2,1 other kernel,131010,106564.06266914602,0.16635167609646576
bicg,MINI2,1 other kernel,131010,112956.58872323515,4.713066730200101
bicg,MINI2,1 other kernel,131010,106678.16240285254,0.079259291006381
bicg,MINI2,3 other kernels,131010,106582.86430498229,0.15200037784727438
bicg,MINI2,3 other kernels,131010,106592.35232984775,0.14475816361518043
bicg,MINI2,3 other kernels,131010,106588.51872441366,0.14768435660357118
bicg,MINI2,3 other kernels,131010,106645.0534649954,0.10453136020501785
bicg,MINI2,3 other kernels,131010,106742.04048735886,0.030501116434733307
bicg,MINI3,none,165910,0.0,64.35416792236754
bicg,MINI3,all 26 others,165910,107242.93002635064,0.28505215258312294
bicg,MINI3,1 other kernel,165910,106560.20540915847,0.1264508413245212
bicg,MINI3,1 other kernel,165910,106622.35407899856,0.08899157434840796
bicg,MINI3,1 other kernel,165910,106564.06266914602,0.12412593023565777
bicg,MINI3,1 other kernel,165910,112956.58872323515,3.728882359854832
bicg,MINI3,1 other kernel,165910,106678.16240285254,0.05535386483481718
bicg,MINI3,3 other kernels,165910,106582.86430498229,0.11279349949834223
bicg,MINI3,3 other kernels,165910,106592.35232984775,0.10707472132616953
bicg,MINI3,3 other kernels,165910,106588.51872441366,0.10938537495410353
bicg,MINI3,3 other kernels,165910,106645.0534649954,0.07530982762015183
bicg,MINI3,3 other kernels,165910,106742.04048735886,0.016852216648260834
bicg,SMALL,none,225834,0.0,47.28694527839033
bicg,SMALL,all 26 others,225834,107242.93002635064,0.2005588292067002
bicg,SMALL,1 other kernel,225834,106560.20540915847,0.10175376198513648
bicg,SMALL,1 other kernel,225834,106622.35407899856,0.07423413702163698
bicg,SMALL,1 other kernel,225834,106564.06266914602,0.10004575522462508
bicg,SMALL,1 other kernel,225834,112956.58872323515,2.7305847318097154
bicg,SMALL,1 other kernel,225834,106678.16240285254,0.04952203704820585
bicg,SMALL,3 other kernels,225834,106582.86430498229,0.09172033219873872
bicg,SMALL,3 other kernels,225834,106592.35232984775,0.08751900517736386
bicg,SMALL,3 other kernels,225834,106588.51872441366,0.08921653762779438
bicg,SMALL,3 other kernels,225834,106645.0534649954,0.06418277806025395
bicg,SMALL,3 other kernels,225834,106742.04048735886,0.021236621873203125
bicg,SMALL2,none,279571,0.0,38.20102943438339
bicg,SMALL2,all 26 others,279571,107242.93002635064,0.15878972652766535
bicg,SMALL2,1 other kernel,279571,106560.20540915847,0.08541464988912052
bicg,SMALL2,1 other kernel,279571,106622.35407899856,0.06318463681907052
bicg,SMALL2,1 other kernel,279571,106564.06266914602,0.08403494312858234
bicg,SMALL2,1 other kernel,279571,112956.58872323515,2.2025133948925966
bicg,SMALL2,1 other kernel,279571,106678.16240285254,0.043222507752036225
bicg,SMALL2,3 other kernels,279571,106582.86430498229,0.0773097692599374
bicg,SMALL2,3 other kernels,279571,106592.35232984775,0.07391598919496224
bicg,SMALL2,3 other kernels,279571,106588.51872441366,0.07528723493722637
bicg,SMALL2,3 other kernels,279571,106645.0534649954,0.05506527322383005
bicg,SMALL2,3 other kernels,279571,106742.04048735886,0.020373898809651056
bicg,SMALL3,none,452707,0.0,23.587662660396237
bicg,SMALL3,all 26 others,452707,107242.93002635064,0.10159551903342766
bicg,SMALL3,1 other kernel,452707,106560.20540915847,0.04921386036476421
bicg,SMALL3,1 other kernel,452707,106622.35407899856,0.03548562779047897
bicg,SMALL3,1 other kernel,452707,106564.06266914602,0.04836181699289141
bicg,SMALL3,1 other kernel,452707,112956.58872323515,1.3637051610059447
bicg,SMALL3,1 other kernel,452707,106678.16240285254,0.02315793596022266
bicg,SMALL3,3 other kernels,452707,106582.86430498229,0.044208659247084676
bicg,SMALL3,3 other kernels,452707,106592.35232984775,0.04211281693286118
bicg,SMALL3,3 other kernels,452707,106588.51872441366,0.04295963516940387
bicg,SMALL3,3 other kernels,452707,106645.0534649954,0.03047148265977639
bicg,SMALL3,3 other kernels,452707,106742.04048735886,0.009047687056115666
cholesky,MEDIUM,none,2672124,0.0,4.193068884527814
cholesky,MEDIUM,all 26 others,2672124,107087.90102328474,0.18547413880177221
cholesky,MEDIUM,1 other kernel,2672124,106818.75572373607,0.19554647449982676
cholesky,MEDIUM,1 other kernel,2672124,106969.68962889828,0.1898980126334644
cholesky,MEDIUM,1 other kernel,2672124,106678.16240285254,0.20080795641024002
cholesky,MEDIUM,1 other kernel,2672124,106586.46945351911,0.2042394195209799
cholesky,MEDIUM,1 other kernel,2672124,102266.23262412129,0.3659174265819447
cholesky,MEDIUM,3 other kernels,2672124,106622.85104156319,0.2028778963265432
cholesky,MEDIUM,3 other kernels,2672124,106623.03114813557,0.20287115612390513
cholesky,MEDIUM,3 other kernels,2672124,108592.11143459499,0.12918145136246695
cholesky,MEDIUM,3 other kernels,2672124,106675.99027886268,0.2008892447033565
cholesky,MEDIUM,3 other kernels,2672124,106658.39728712276,0.20154763449888907
cholesky,MINI,none,138531,0.0,81.4626329124889
cholesky,MINI,all 26 others,138531,107087.90102328474,4.160151140694332
cholesky,MINI,1 other kernel,138531,106818.75572373607,4.354436390601328
cholesky,MINI,1 other kernel,138531,106969.68962889828,4.2454832283761155
cholesky,MINI,1 other kernel,138531,106678.16240285254,4.455925097738012
cholesky,MINI,1 other kernel,138531,106586.46945351911,4.522114578311646
cholesky,MINI,1 other kernel,138531,102266.23262412129,7.640721120816794
cholesky,MINI,3 other kernels,138531,106622.85104156319,4.495852161925342
cholesky,MINI,3 other kernels,138531,106623.03114813557,4.495722150178967
cholesky,MINI,3 other kernels,138531,108592.11143459499,3.074321679194556
cholesky,MINI,3 other kernels,138531,106675.99027886268,4.457493067354831
cholesky,MINI,3 other kernels,138531,106658.39728712276,4.47019274593935
cholesky,MINI2,none,170512,0.0,66.17246879984987
cholesky,MINI2,all 26 others,170512,107087.90102328474,3.3687359110885238
cholesky,MINI2,1 other kernel,170512,106818.75572373607,3.526581282410578
cholesky,MINI2,1 other kernel,170512,106969.68962889828,3.4380632278676675
cholesky,MINI2,1 other kernel,170512,106678.16240285254,3.6090349049612023
cholesky,MINI2,1 other kernel,170512,106586.46945351911,3.6628099761195148
cholesky,MINI2,1 other kernel,170512,102266.23262412129,6.196494895302793
cholesky,MINI2,3 other kernels,170512,106622.85104156319,3.641473303014917
cholesky,MINI2,3 other kernels,170512,106623.03114813557,3.6413676760957734
cholesky,MINI2,3 other kernels,170512,108592.11143459499,2.486563154150447
cholesky,MINI2,3 other kernels,170512,106675.99027886268,3.610308788318313
cholesky,MINI2,3 other kernels,170512,106658.39728712276,3.6206265323714697
cholesky,MINI3,none,215348,0.0,52.4119100247042
cholesky,MINI3,all 26 others,215348,107087.90102328474,2.68407367457105
cholesky,MINI3,1 other kernel,215348,106818.75572373607,2.80905523908461
cholesky,MINI3,1 other kernel,215348,106969.68962889828,2.738966868093373
cholesky,MINI3,1 other kernel,215348,106678.16240285254,2.874341808211567
cholesky,MINI3,1 other kernel,215348,106586.46945351911,2.91692077311185
cholesky,MINI3,1 other kernel,215348,102266.23262412129,4.923086063431608
cholesky,MINI3,3 other kernels,215348,106622.85104156319,2.900026449484925
cholesky,MINI3,3 other kernels,215348,106623.03114813557,2.8999428143583525
cholesky,MINI3,3 other kernels,215348,108592.11143459499,1.9855715239542555
cholesky,MINI3,3 other kernels,215348,106675.99027886268,2.8753504658215174
cholesky,MINI3,3 other kernels,215348,106658.39728712276,2.883520029383714
cholesky,SMALL,none,343312,0.0,32.86573146292585
cholesky,SMALL,all 26 others,343312,107087.90102328474,1.673142499159725
cholesky,SMALL,1 other kernel,343312,106818.75572373607,1.7515392052313714
cholesky,SMALL,1 other kernel,343312,106969.68962889828,1.7075751418831024
cholesky,SMALL,1 other kernel,343312,106678.16240285254,1.7924912607620604
cholesky,SMALL,1 other kernel,343312,106586.46945351911,1.8191996045815193
cholesky,SMALL,1 other kernel,343312,102266.23262412129,3.077599203021945
cholesky,SMALL,3 other kernels,343312,106622.85104156319,1.8086023670704185
cholesky,SMALL,3 other kernels,343312,106623.03114813557,1.808549905585722
cholesky,SMALL,3 other kernels,343312,108592.11143459499,1.2349957372317424
cholesky,SMALL,3 other kernels,343312,106675.99027886268,1.7931239575480467
cholesky,SMALL,3 other kernels,343312,106658.39728712276,1.798248448314423
cholesky,SMALL2,none,630556,0.0,17.77415487284238
cholesky,SMALL2,all 26 others,630556,107087.90102328474,0.7910635973197043
cholesky,SMALL2,1 other kernel,630556,106818.75572373607,0.8337474032859863
cholesky,SMALL2,1 other kernel,630556,106969.68962889828,0.8098107655944464
cholesky,SMALL2,1 other kernel,630556,106678.16240285254,0.8560441256839116
cholesky,SMALL2,1 other kernel,630556,106586.46945351911,0.870585728544476
cholesky,SMALL2,1 other kernel,630556,102266.23262412129,1.5557329366271604
cholesky,SMALL2,3 other kernels,630556,106622.85104156319,0.8648159653443621
cholesky,SMALL2,3 other kernels,630556,106623.03114813557,0.8647874022076476
cholesky,SMALL2,3 other kernels,630556,108592.11143459499,0.5525105724796908
cholesky,SMALL2,3 other kernels,630556,106675.99027886268,0.8563886032544851
cholesky,SMALL2,3 other kernels,630556,106658.39728712276,0.8591786792730878
cholesky,SMALL3,none,1033756,0.0,10.841629939753675
cholesky,SMALL3,all 26 others,1033756,107087.90102328474,0.48252188879341307
cholesky,SMALL3,1 other kernel,1033756,106818.75572373607,0.5085575586757402
cholesky,SMALL3,1 other kernel,1033756,106969.68962889828,0.49395702381429635
cholesky,SMALL3,1 other kernel,1033756,106678.16240285254,0.5221578009847048
cholesky,SMALL3,1 other kernel,1033756,106586.46945351911,0.5310276841421869
cholesky,SMALL3,1 other kernel,1033756,102266.23262412129,0.9489441779180732
cholesky,SMALL3,3 other kernels,1033756,106622.85104156319,0.5275083248306947
cholesky,SMALL3,3 other kernels,1033756,106623.03114813557,0.5274909022887851
cholesky,SMALL3,3 other kernels,1033756,108592.11143459499,0.3370126572813158
cholesky,SMALL3,3 other kernels,1033756,106675.99027886268,0.5223679205864198
cholesky,SMALL3,3 other kernels,1033756,106658.39728712276,0.5240697720619963
correlation,MEDIUM,none,1076967,0.0,10.490107867743394
correlation,MEDIUM,all 26 others,1076967,107021.99942975864,0.5527560798280134
correlation,MEDIUM,1 other kernel,1076967,106564.06266914602,0.5952770447798208
correlation,MEDIUM,1 other kernel,1076967,106678.16240285254,0.5846825016131006
correlation,MEDIUM,1 other kernel,1076967,106787.95784962596,0.5744876259322742
correlation,MEDIUM,1 other kernel,1076967,106564.06266914602,0.5952770447798208
correlation,MEDIUM,1 other kernel,1076967,106605.31277713126,0.591446833827654
correlation,MEDIUM,3 other kernels,1076967,106634.22111854074,0.588762597318141
correlation,MEDIUM,3 other kernels,1076967,106518.8891258482,0.599471559866905
correlation,MEDIUM,3 other kernels,1076967,106513.65092791064,0.599957944123582
correlation,MEDIUM,3 other kernels,1076967,108330.32880580667,0.4312733068138039
correlation,MEDIUM,3 other kernels,1076967,106677.5158556278,0.584742535692567
correlation,MINI,none,126983,0.0,88.94340187269162
correlation,MINI,all 26 others,126983,107021.99942975864,4.662829331675391
correlation,MINI,1 other kernel,126983,106564.06266914602,5.023457731234874
correlation,MINI,1 other kernel,126983,106678.16240285254,4.933603393483741
correlation,MINI,1 other kernel,126983,106787.95784962596,4.847138711775621
correlation,MINI,1 other kernel,126983,106564.06266914602,5.023457731234874
correlation,MINI,1 other kernel,126983,106605.31277713126,4.990972982894358
correlation,MINI,3 other kernels,126983,106634.22111854074,4.968207461990396
correlation,MINI,3 other kernels,126983,106518.8891258482,5.059032212305424
correlation,MINI,3 other kernels,126983,106513.65092791064,5.063157329791673
correlation,MINI,3 other kernels,126983,108330.32880580667,3.632510803960634
correlation,MINI,3 other kernels,126983,106677.5158556278,4.934112553942021
correlation,MINI2,none,142554,0.0,79.2415505703102
correlation,MINI2,all 26 others,142554,107021.99942975864,4.166842438824138
correlation,MINI2,1 other kernel,142554,106564.06266914602,4.4880798370119255
correlation,MINI2,1 other kernel,142554,106678.16240285254,4.408040179263609
correlation,MINI2,1 other kernel,142554,106787.95784962596,4.331019929552336
correlation,MINI2,1 other kernel,142554,106564.06266914602,4.4880798370119255
correlation,MINI2,1 other kernel,142554,106605.31277713126,4.459143358214241
correlation,MINI2,3 other kernels,142554,106634.22111854074,4.438864487463883
correlation,MINI2,3 other kernels,142554,106518.8891258482,4.519768560792269
correlation,MINI2,3 other kernels,142554,106513.65092791064,4.5234430967137795
correlation,MINI2,3 other kernels,142554,108330.32880580667,3.2490643504870658
correlation,MINI2,3 other kernels,142554,106677.5158556278,4.408493724744445
correlation,MINI3,none,178866,0.0,63.15006764840718
correlation,MINI3,all 26 others,178866,107021.99942975864,3.3164495042329802
correlation,MINI3,1 other kernel,178866,106564.06266914602,3.572471755869746
correlation,MINI3,1 other kernel,178866,106678.16240285254,3.5086811340039166
correlation,MINI3,1 other kernel,178866,106787.95784962596,3.447296943172004
correlation,MINI3,1 other kernel,178866,106564.06266914602,3.572471755869746
correlation,MINI3,1 other kernel,178866,106605.31277713126,3.5494097385018546
correlation,MINI3,3 other kernels,178866,106634.22111854074,3.5332477281648074
correlation,MINI3,3 other kernels,178866,106518.8891258482,3.5977272786062255
correlation,MINI3,3 other kernels,178866,106513.65092791064,3.600655838498854
correlation,MINI3,3 other kernels,178866,108330.32880580667,2.5849916664952155
correlation,MINI3,3 other kernels,178866,106677.5158556278,3.5090426041685934
correlation,SMALL,none,229606,0.0,49.20341802914558
correlation,SMALL,all 26 others,229606,107021.99942975864,2.592267000967467
correlation,SMALL,1 other kernel,229606,106564.06266914602,2.791711597629844
correlation,SMALL,1 other kernel,229606,106678.16240285254,2.742017890276145
correlation,SMALL,1 other kernel,229606,106787.95784962596,2.694198823364388
correlation,SMALL,1 other kernel,229606,106564.06266914602,2.791711597629844
correlation,SMALL,1 other kernel,229606,106605.31277713126,2.7737459922078376
correlation,SMALL,3 other kernels,229606,106634.22111854074,2.7611555801935768
correlation,SMALL,3 other kernels,229606,106518.8891258482,2.8113859716870686
correlation,SMALL,3 other kernels,229606,106513.65092791064,2.813667357163733
correlation,SMALL,3 other kernels,229606,108330.32880580667,2.0224520239860158
correlation,SMALL,3 other kernels,229606,106677.5158556278,2.7422994801408485
correlation,SMALL2,none,364663,0.0,30.985046467560462
correlation,SMALL2,all 26 others,364663,107021.99942975864,1.63685390901774
correlation,SMALL2,1 other kernel,364663,106564.06266914602,1.7624319798976065
correlation,SMALL2,1 other kernel,364663,106678.16240285254,1.7311428900512102
correlation,SMALL2,1 other kernel,364663,106787.95784962596,1.7010341466981944
correlation,SMALL2,1 other kernel,364663,106564.06266914602,1.7624319798976065
correlation,SMALL2,1 other kernel,364663,106605.31277713126,1.7511201363639108
correlation,SMALL2,3 other kernels,364663,106634.22111854074,1.7431927235445503
correlation,SMALL2,3 other kernels,364663,106518.8891258482,1.7748197305873674
correlation,SMALL2,3 other kernels,364663,106513.65092791064,1.7762561795656155
correlation,SMALL2,3 other kernels,364663,108330.32880580667,1.2780762496313864
correlation,SMALL2,3 other kernels,364663,106677.5158556278,1.731320189975996
correlation,SMALL3,none,663199,0.0,17.033650533248693
correlation,SMALL3,all 26 others,663199,107021.99942975864,0.8964127765936561
correlation,SMALL3,1 other kernel,663199,106564.06266914602,0.965462452575171
correlation,SMALL3,1 other kernel,663199,106678.16240285254,0.9482580035777264
correlation,SMALL3,1 other kernel,663199,106787.95784962596,0.9317025734921247
correlation,SMALL3,1 other kernel,663199,106564.06266914602,0.965462452575171
correlation,SMALL3,1 other kernel,663199,106605.31277713126,0.9592425837295873
correlation,SMALL3,3 other kernels,663199,106634.22111854074,0.9548836595741647
correlation,SMALL3,3 other kernels,663199,106518.8891258482,0.9722739138858488
correlation,SMALL3,3 other kernels,663199,106513.65092791064,0.9730637519190196
correlation,SMALL3,3 other kernels,663199,108330.32880580667,0.6991372414906087
correlation,SMALL3,3 other kernels,663199,106677.5158556278,0.9483554927513713
covariance,MEDIUM,none,1068627,0.0,9.973451915401725
covariance,MEDIUM,all 26 others,1068627,107246.73895820355,0.062485690348780876
covariance,MEDIUM,1 other kernel,1068627,106969.68962889828,0.036559962353390485
covariance,MEDIUM,1 other kernel,1068627,106560.20540915847,0.0017587606191414899
covariance,MEDIUM,1 other kernel,1068627,106787.95784962596,0.01955386207029803
covariance,MEDIUM,1 other kernel,1068627,106969.68962889828,0.036559962353390485
covariance,MEDIUM,1 other kernel,1068627,106655.44465647107,0.007153539679516176
covariance,MEDIUM,3 other kernels,1068627,106729.98162498158,0.014128561694737385
covariance,MEDIUM,3 other kernels,1068627,108594.98932314024,0.18865229150490506
covariance,MEDIUM,3 other kernels,1068627,106709.98030184576,0.01225687745544692
covariance,MEDIUM,3 other kernels,1068627,106673.70527926234,0.008862332625160207
covariance,MEDIUM,3 other kernels,1068627,106717.29040440625,0.012940942387394606
covariance,MINI,none,120433,0.0,88.54798933847036
covariance,MINI,all 26 others,120433,107246.73895820355,0.5029675904474304
covariance,MINI,1 other kernel,120433,106969.68962889828,0.27292322610769687
covariance,MINI,1 other kernel,120433,106560.20540915847,0.06708675432940114
covariance,MINI,1 other kernel,120433,106787.95784962596,0.12202456936716989
covariance,MINI,1 other kernel,120433,106969.68962889828,0.27292322610769687
covariance,MINI,1 other kernel,120433,106655.44465647107,0.011993935608236108
covariance,MINI,3 other kernels,120433,106729.98162498158,0.07388475333303798
covariance,MINI,3 other kernels,120433,108594.98932314024,1.6224700232828528
covariance,MINI,3 other kernels,120433,106709.98030184576,0.057276910685410604
covariance,MINI,3 other kernels,120433,106673.70527926234,0.02715641000584851
covariance,MINI,3 other kernels,120433,106717.29040440625,0.06334676077673497
covariance,MINI2,none,135894,0.0,78.47734263470058
covariance,MINI2,all 26 others,135894,107246.73895820355,0.44206437238108665
covariance,MINI2,1 other kernel,135894,106969.68962889828,0.23819273028852084
covariance,MINI2,1 other kernel,135894,106560.20540915847,0.06313346493701939
covariance,MINI2,1 other kernel,135894,106787.95784962596,0.10446219084430786
covariance,MINI2,1 other kernel,135894,106969.68962889828,0.23819273028852084
covariance,MINI2,1 other kernel,135894,106655.44465647107,0.00695001727160989
covariance,MINI2,3 other kernels,135894,106729.98162498158,0.06179936198917029
covariance,MINI2,3 other kernels,135894,108594.98932314024,1.4341982156241175
covariance,MINI2,3 other kernels,135894,106709.98030184576,0.04708103510512646
covariance,MINI2,3 other kernels,135894,106673.70527926234,0.02038741906362973
covariance,MINI2,3 other kernels,135894,106717.29040440625,0.05246030318208292
covariance,MINI3,none,172086,0.0,61.991097474518554
covariance,MINI3,all 26 others,172086,107246.73895820355,0.33049693653379936
covariance,MINI3,1 other kernel,172086,106969.68962889828,0.16950224242430095
covariance,MINI3,1 other kernel,172086,106560.20540915847,0.06845100173257158
covariance,MINI3,1 other kernel,172086,106787.95784962596,0.0638970338237647
covariance,MINI3,1 other kernel,172086,106969.68962889828,0.16950224242430095
covariance,MINI3,1 other kernel,172086,106655.44465647107,0.013107018309983646
covariance,MINI3,3 other kernels,172086,106729.98162498158,0.030206771603479118
covariance,MINI3,3 other kernels,172086,108594.98932314024,1.113971690399125
covariance,MINI3,3 other kernels,172086,106709.98030184576,0.018583906794138134
covariance,MINI3,3 other kernels,172086,106673.70527926234,0.0024956828200266225
covariance,MINI3,3 other kernels,172086,106717.29040440625,0.02283184245450517
covariance,SMALL,none,222618,0.0,47.90717731719807
covariance,SMALL,all 26 others,222618,107246.73895820355,0.26805512501394946
covariance,SMALL,1 other kernel,222618,106969.68962889828,0.1436045732592524
covariance,SMALL,1 other kernel,222618,106560.20540915847,0.04033572794720693
covariance,SMALL,1 other kernel,222618,106787.95784962596,0.0619706625816258
covariance,SMALL,1 other kernel,222618,106969.68962889828,0.1436045732592524
covariance,SMALL,1 other kernel,222618,106655.44465647107,0.0024457395498484144
covariance,SMALL,3 other kernels,222618,106729.98162498158,0.03592774392976447
covariance,SMALL,3 other kernels,222618,108594.98932314024,0.8736891550280025
covariance,SMALL,3 other kernels,222618,106709.98030184576,0.02694315008029923
covariance,SMALL,3 other kernels,222618,106673.70527926234,0.010648410848327173
covariance,SMALL,3 other kernels,222618,106717.29040440625,0.0302268479665884
covariance,SMALL2,none,357395,0.0,29.856881041984355
covariance,SMALL2,all 26 others,357395,107246.73895820355,0.15102028797369382
covariance,SMALL2,1 other kernel,357395,106969.68962889828,0.07350120424132474
covariance,SMALL2,1 other kernel,357395,106560.20540915847,0.04107348755341097
covariance,SMALL2,1 other kernel,357395,106787.95784962596,0.02265220543823045
covariance,SMALL2,1 other kernel,357395,106969.68962889828,0.07350120424132474
covariance,SMALL2,1 other kernel,357395,106655.44465647107,0.01442531191788314
covariance,SMALL2,3 other kernels,357395,106729.98162498158,0.0064303151923118885
covariance,SMALL2,3 other kernels,357395,108594.98932314024,0.5282640560556914
covariance,SMALL2,3 other kernels,357395,106709.98030184576,0.0008338957863877644
covariance,SMALL2,3 other kernels,357395,106673.70527926234,0.0093159447495547
covariance,SMALL2,3 other kernels,357395,106717.29040440625,0.002879280461746742
covariance,SMALL3,none,655347,0.0,16.262987394464307
covariance,SMALL3,all 26 others,655347,107246.73895820355,0.1018909002717008
covariance,SMALL3,1 other kernel,655347,106969.68962889828,0.05961568892484173
covariance,SMALL3,1 other kernel,655347,106560.20540915847,0.0028678838602317746
covariance,SMALL3,1 other kernel,655347,106787.95784962596,0.03188506998978613
covariance,SMALL3,1 other kernel,655347,106969.68962889828,0.05961568892484173
covariance,SMALL3,1 other kernel,655347,106655.44465647107,0.011664760267617511
covariance,SMALL3,3 other kernels,655347,106729.98162498158,0.023038424679081657
covariance,SMALL3,3 other kernels,655347,108594.98932314024,0.3076216604547268
covariance,SMALL3,3 other kernels,655347,106709.98030184576,0.019986404430907406
covariance,SMALL3,3 other kernels,655347,106673.70527926234,0.014451165453170182
covariance,SMALL3,3 other kernels,655347,106717.29040440625,0.02110185968750292
doitgen,MEDIUM,none,1096055,0.0,9.731172249567768
doitgen,MEDIUM,all 26 others,1096055,107248.9803815744,0.053827625582154336
doitgen,MEDIUM,1 other kernel,1096055,106586.46945351911,0.006617418512829171
doitgen,MEDIUM,1 other kernel,1096055,106706.24769373452,0.004310704639317949
doitgen,MEDIUM,1 other kernel,1096055,112824.07292091346,0.5624784268046168
doitgen,MEDIUM,1 other kernel,1096055,106969.68962889828,0.028346171396341067
doitgen,MEDIUM,1 other kernel,1096055,106605.31277713126,0.004898223434833998
doitgen,MEDIUM,3 other kernels,1096055,106598.60037397812,0.005510638245523439
doitgen,MEDIUM,3 other kernels,1096055,109953.26671860702,0.3005566982137694
doitgen,MEDIUM,3 other kernels,1096055,107874.45052167085,0.11089320532918034
doitgen,MEDIUM,3 other kernels,1096055,106591.43883054057,0.006164030952779242
doitgen,MEDIUM,3 other kernels,1096055,106650.89532236483,0.0007394407794540442
doitgen,MINI,none,115689,0.0,92.18248925999879
doitgen,MINI,all 26 others,115689,107248.9803815744,0.5220724369424876
doitgen,MINI,1 other kernel,115689,106586.46945351911,0.05059300925834923
doitgen,MINI,1 other kernel,115689,106706.24769373452,0.052941674432763694
doitgen,MINI,1 other kernel,115689,112824.07292091346,5.341106692004822
doitgen,MINI,1 other kernel,115689,106969.68962889828,0.2806573044094793
doitgen,MINI,1 other kernel,115689,106605.31277713126,0.03430509630884746
doitgen,MINI,3 other kernels,115689,106598.60037397812,0.040107206408461146
doitgen,MINI,3 other kernels,115689,109953.26671860702,2.8596208097632596
doitgen,MINI,3 other kernels,115689,107874.45052167085,1.0627203292195881
doitgen,MINI,3 other kernels,115689,106591.43883054057,0.04629754726847523
doitgen,MINI,3 other kernels,115689,106650.89532236483,0.005095836565989623
doitgen,MINI2,none,130438,0.0,81.75684999770006
doitgen,MINI2,all 26 others,130438,107248.9803815744,0.4653401474833978
doitgen,MINI2,1 other kernel,130438,106586.46945351911,0.04257236885025196
doitgen,MINI2,1 other kernel,130438,106706.24769373452,0.049255350231159636
doitgen,MINI2,1 other kernel,130438,112824.07292091346,4.739472332382786
doitgen,MINI2,1 other kernel,130438,106969.68962889828,0.2512225186665562
doitgen,MINI2,1 other kernel,130438,106605.31277713126,0.02812617708700113
doitgen,MINI2,3 other kernels,130438,106598.60037397812,0.03327222590187263
doitgen,MINI2,3 other kernels,130438,109953.26671860702,2.5385751994104613
doitgen,MINI2,3 other kernels,130438,107874.45052167085,0.9448554268471335
doitgen,MINI2,3 other kernels,130438,106591.43883054057,0.03876260710791817
doitgen,MINI2,3 other kernels,130438,106650.89532236483,0.006819578930087653
doitgen,MINI3,none,156238,0.0,68.281724036406
doitgen,MINI3,all 26 others,156238,107248.9803815744,0.36289531456777124
doitgen,MINI3,1 other kernel,156238,106586.46945351911,0.061144245625844036
doitgen,MINI3,1 other kernel,156238,106706.24769373452,0.015519715904283561
doitgen,MINI3,1 other kernel,156238,112824.07292091346,3.931228587740152
doitgen,MINI3,1 other kernel,156238,106969.68962889828,0.1841355041016158
doitgen,MINI3,1 other kernel,156238,106605.31277713126,0.04908359225587116
doitgen,MINI3,3 other kernels,156238,106598.60037397812,0.05337986022727161
doitgen,MINI3,3 other kernels,156238,109953.26671860702,2.093771501559811
doitgen,MINI3,3 other kernels,156238,107874.45052167085,0.7632269496990899
doitgen,MINI3,3 other kernels,156238,106591.43883054057,0.057963600058517334
doitgen,MINI3,3 other kernels,156238,106650.89532236483,0.01990852266105993
doitgen,SMALL,none,234214,0.0,45.53869538114716
doitgen,SMALL,all 26 others,234214,107248.9803815744,0.25232495989752723
doitgen,SMALL,1 other kernel,234214,106586.46945351911,0.03054067924244759
doitgen,SMALL,1 other kernel,234214,106706.24769373452,0.0205998333722726
doitgen,SMALL,1 other kernel,234214,112824.07292091346,2.6326662457895167
doitgen,SMALL,1 other kernel,234214,106969.68962889828,0.13307899139175391
doitgen,SMALL,1 other kernel,234214,106605.31277713126,0.022495334552472518
doitgen,SMALL,3 other kernels,234214,106598.60037397812,0.025361261932200726
doitgen,SMALL,3 other kernels,234214,109953.26671860702,1.4069469453606607
doitgen,SMALL,3 other kernels,234214,107874.45052167085,0.5193756657035292
doitgen,SMALL,3 other kernels,234214,106591.43883054057,0.02841895422964738
doitgen,SMALL,3 other kernels,234214,106650.89532236483,0.003033412876765188
doitgen,SMALL2,none,326887,0.0,32.63849587166207
doitgen,SMALL2,all 26 others,326887,107248.9803815744,0.17069518872710304
doitgen,SMALL2,1 other kernel,326887,106586.46945351911,0.0319775783316272
doitgen,SMALL2,1 other kernel,326887,106706.24769373452,0.004664515179415073
doitgen,SMALL2,1 other kernel,326887,112824.07292091346,1.8762058206393828
doitgen,SMALL2,1 other kernel,326887,106969.68962889828,0.08525564763917884
doitgen,SMALL2,1 other kernel,326887,106605.31277713126,0.026213102040989082
doitgen,SMALL2,3 other kernels,326887,106598.60037397812,0.028266534313648298
doitgen,SMALL2,3 other kernels,326887,109953.26671860702,0.9979799498319133
doitgen,SMALL2,3 other kernels,326887,107874.45052167085,0.3620365819597794
doitgen,SMALL2,3 other kernels,326887,106591.43883054057,0.03045736583572498
doitgen,SMALL2,3 other kernels,326887,106650.89532236483,0.012268667042490775
doitgen,SMALL3,none,455935,0.0,23.402239354293926
doitgen,SMALL3,all 26 others,455935,107248.9803815744,0.12062692742920927
doitgen,SMALL3,1 other kernel,455935,106586.46945351911,0.024681269584679
doitgen,SMALL3,1 other kernel,455935,106706.24769373452,0.0015896331131706382
doitgen,SMALL3,1 other kernel,455935,112824.07292091346,1.3434092405525917
doitgen,SMALL3,1 other kernel,455935,106969.68962889828,0.059370223584125484
doitgen,SMALL3,1 other kernel,455935,106605.31277713126,0.020548372655911036
doitgen,SMALL3,3 other kernels,455935,106598.60037397812,0.022020600748320598
doitgen,SMALL3,3 other kernels,455935,109953.26671860702,0.7137567237889275
doitgen,SMALL3,3 other kernels,455935,107874.45052167085,0.2578109865816101
doitgen,SMALL3,3 other kernels,455935,106591.43883054057,0.02359133855909862
doitgen,SMALL3,3 other kernels,455935,106650.89532236483,0.01055077535946721
fdtd-2d,MEDIUM,none,1259563,0.0,8.464761190984492
fdtd-2d,MEDIUM,all 26 others,1259563,107244.72986809303,0.04967833034894164
fdtd-2d,MEDIUM,1 other kernel,1259563,106969.68962889828,0.02784216660049288
fdtd-2d,MEDIUM,1 other kernel,1259563,106622.35407899856,0.0002662891017405529
fdtd-2d,MEDIUM,1 other kernel,1259563,106723.1027135876,0.008264986633276293
fdtd-2d,MEDIUM,1 other kernel,1259563,106628.34823631898,0.0007421809245675281
fdtd-2d,MEDIUM,1 other kernel,1259563,106628.34823631898,0.0007421809245675281
fdtd-2d,MEDIUM,3 other kernels,1259563,106682.26325430306,0.005022635176090398
fdtd-2d,MEDIUM,3 other kernels,1259563,111046.67530429213,0.35152471962833426
fdtd-2d,MEDIUM,3 other kernels,1259563,106576.44242377981,0.00337875725313063
fdtd-2d,MEDIUM,3 other kernels,1259563,106695.17155610281,0.006047459007831321
fdtd-2d,MEDIUM,3 other kernels,1259563,106640.7639849208,0.0017278996700381536
fdtd-2d,MINI,none,121409,0.0,87.88887150046537
fdtd-2d,MINI,all 26 others,121409,107244.72986809303,0.4445550726000752
fdtd-2d,MINI,1 other kernel,121409,106969.68962889828,0.21801483324817975
fdtd-2d,MINI,1 other kernel,121409,106622.35407899856,0.06807231836308976
fdtd-2d,MINI,1 other kernel,121409,106723.1027135876,0.01491052029718271
fdtd-2d,MINI,1 other kernel,121409,106628.34823631898,0.06313515775685224
fdtd-2d,MINI,1 other kernel,121409,106628.34823631898,0.06313515775685224
fdtd-2d,MINI,3 other kernels,121409,106682.26325430306,0.018727397225030147
fdtd-2d,MINI,3 other kernels,121409,111046.67530429213,3.576073688352703
fdtd-2d,MINI,3 other kernels,121409,106576.44242377981,0.10588801177852675
fdtd-2d,MINI,3 other kernels,121409,106695.17155610281,0.008095317395901105
fdtd-2d,MINI,3 other kernels,121409,106640.7639849208,0.052908775361953195
fdtd-2d,MINI2,none,135810,0.0,78.57006111479272
fdtd-2d,MINI2,all 26 others,135810,107244.72986809303,0.3966790870282305
fdtd-2d,MINI2,1 other kernel,135810,106969.68962889828,0.19416068691427915
fdtd-2d,MINI2,1 other kernel,135810,106622.35407899856,0.061590399088022704
fdtd-2d,MINI2,1 other kernel,135810,106723.1027135876,0.012593118023419895
fdtd-2d,MINI2,1 other kernel,135810,106628.34823631898,0.05717676436273565
fdtd-2d,MINI2,1 other kernel,135810,106628.34823631898,0.05717676436273565
fdtd-2d,MINI2,3 other kernels,135810,106682.26325430306,0.017477907147428244
fdtd-2d,MINI2,3 other kernels,135810,111046.67530429213,3.1961382109506804
fdtd-2d,MINI2,3 other kernels,135810,106576.44242377981,0.09539619779117263
fdtd-2d,MINI2,3 other kernels,135810,106695.17155610281,0.007973230172439123
fdtd-2d,MINI2,3 other kernels,135810,106640.7639849208,0.04803476553949911
fdtd-2d,MINI3,none,164706,0.0,64.79545371753306
fdtd-2d,MINI3,all 26 others,164706,107244.72986809303,0.3173714789340035
fdtd-2d,MINI3,1 other kernel,164706,106969.68962889828,0.15038288155761328
fdtd-2d,MINI3,1 other kernel,164706,106622.35407899856,0.06049926596568652
fdtd-2d,MINI3,1 other kernel,164706,106723.1027135876,0.0006695041999724105
fdtd-2d,MINI3,1 other kernel,164706,106628.34823631898,0.05685995876351274
fdtd-2d,MINI3,1 other kernel,164706,106628.34823631898,0.05685995876351274
fdtd-2d,MINI3,3 other kernels,164706,106682.26325430306,0.024125864083228477
fdtd-2d,MINI3,3 other kernels,164706,111046.67530429213,2.6256938449674685
fdtd-2d,MINI3,3 other kernels,164706,106576.44242377981,0.08837417958070232
fdtd-2d,MINI3,3 other kernels,164706,106695.17155610281,0.01628868644566049
fdtd-2d,MINI3,3 other kernels,164706,106640.7639849208,0.04932183106820258
fdtd-2d,SMALL,none,222354,0.0,47.98204664633872
fdtd-2d,SMALL,all 26 others,222354,107244.72986809303,0.24948049870613517
fdtd-2d,SMALL,1 other kernel,222354,106969.68962889828,0.12578574205918605
fdtd-2d,SMALL,1 other kernel,222354,106622.35407899856,0.03042262383471565
fdtd-2d,SMALL,1 other kernel,222354,106723.1027135876,0.014887392890438922
fdtd-2d,SMALL,1 other kernel,222354,106628.34823631898,0.027726851633445453
fdtd-2d,SMALL,1 other kernel,222354,106628.34823631898,0.027726851633445453
fdtd-2d,SMALL,3 other kernels,222354,106682.26325430306,0.003479472236578743
fdtd-2d,SMALL,3 other kernels,222354,111046.67530429213,1.959341997127157
fdtd-2d,SMALL,3 other kernels,222354,106576.44242377981,0.051070624418805846
fdtd-2d,SMALL,3 other kernels,222354,106695.17155610281,0.0023258210343912985
fdtd-2d,SMALL,3 other kernels,222354,106640.7639849208,0.022143075941603817
fdtd-2d,SMALL2,none,366547,0.0,29.115775057496034
fdtd-2d,SMALL2,all 26 others,366547,107244.72986809303,0.14233641745616246
fdtd-2d,SMALL2,1 other kernel,366547,106969.68962889828,0.06730095428370238
fdtd-2d,SMALL2,1 other kernel,366547,106622.35407899856,0.027457848789225837
fdtd-2d,SMALL2,1 other kernel,366547,106723.1027135876,2.8021941954907488e-05
fdtd-2d,SMALL2,1 other kernel,366547,106628.34823631898,0.02582254490721007
fdtd-2d,SMALL2,1 other kernel,366547,106628.34823631898,0.02582254490721007
fdtd-2d,SMALL2,3 other kernels,366547,106682.26325430306,0.011113648644490964
fdtd-2d,SMALL2,3 other kernels,366547,111046.67530429213,1.1795691423724977
fdtd-2d,SMALL2,3 other kernels,366547,106576.44242377981,0.039983297154305326
fdtd-2d,SMALL2,3 other kernels,366547,106695.17155610281,0.0075920533784724934
fdtd-2d,SMALL2,3 other kernels,366547,106640.7639849208,0.022435326187144826
fdtd-2d,SMALL3,none,755363,0.0,14.109640000900228
fdtd-2d,SMALL3,all 26 others,755363,107244.72986809303,0.08813376722093084
fdtd-2d,SMALL3,1 other kernel,755363,106969.68962889828,0.05172210300190538
fdtd-2d,SMALL3,1 other kernel,755363,106622.35407899856,0.005739502596573616
fdtd-2d,SMALL3,1 other kernel,755363,106723.1027135876,0.0190772798757124
fdtd-2d,SMALL3,1 other kernel,755363,106628.34823631898,0.006533049185494512
fdtd-2d,SMALL3,1 other kernel,755363,106628.34823631898,0.006533049185494512
fdtd-2d,SMALL3,3 other kernels,755363,106682.26325430306,0.013670679435320434
fdtd-2d,SMALL3,3 other kernels,755363,111046.67530429213,0.5914607022441023
fdtd-2d,SMALL3,3 other kernels,755363,106576.44242377981,0.00033858902544204006
fdtd-2d,SMALL3,3 other kernels,755363,106695.17155610281,0.0153795666590514
fdtd-2d,SMALL3,3 other kernels,755363,106640.7639849208,0.008176728926463999
floyd-warshall,MEDIUM,none,1105864,0.0,9.567180051073187
floyd-warshall,MEDIUM,all 26 others,1105864,107257.23006731142,0.13177299082991403
floyd-warshall,MEDIUM,1 other kernel,1105864,106576.89940479693,0.0702527078191355
floyd-warshall,MEDIUM,1 other kernel,1105864,106716.99366689014,0.082921016227138
floyd-warshall,MEDIUM,1 other kernel,1105864,106576.89940479693,0.0702527078191355
floyd-warshall,MEDIUM,1 other kernel,1105864,106706.24769373452,0.08194928976207529
floyd-warshall,MEDIUM,1 other kernel,1105864,106576.89940479693,0.0702527078191355
floyd-warshall,MEDIUM,3 other kernels,1105864,109082.11872649446,0.29679225713962015
floyd-warshall,MEDIUM,3 other kernels,1105864,106654.05956504984,0.07723007214719252
floyd-warshall,MEDIUM,3 other kernels,1105864,106672.77484446195,0.0789224393290723
floyd-warshall,MEDIUM,3 other kernels,1105864,106717.48088890484,0.0829650742681533
floyd-warshall,MEDIUM,3 other kernels,1105864,106724.60847209321,0.08360960046563061
floyd-warshall,MINI,none,120963,0.0,88.04262460421782
floyd-warshall,MINI,all 26 others,120963,107257.23006731142,0.6268280939720595
floyd-warshall,MINI,1 other kernel,120963,106576.89940479693,0.06439936575393448
floyd-warshall,MINI,1 other kernel,120963,106716.99366689014,0.180215162396878
floyd-warshall,MINI,1 other kernel,120963,106576.89940479693,0.06439936575393448
floyd-warshall,MINI,1 other kernel,120963,106706.24769373452,0.1713314763477427
floyd-warshall,MINI,1 other kernel,120963,106576.89940479693,0.06439936575393448
floyd-warshall,MINI,3 other kernels,120963,109082.11872649446,2.1354618573402284
floyd-warshall,MINI,3 other kernels,120963,106654.05956504984,0.12818759872840746
floyd-warshall,MINI,3 other kernels,120963,106672.77484446195,0.14365950287439144
floyd-warshall,MINI,3 other kernels,120963,106717.48088890484,0.18061794838491407
floyd-warshall,MINI,3 other kernels,120963,106724.60847209321,0.18651031480139563
floyd-warshall,MINI2,none,138980,0.0,76.64124334436609
floyd-warshall,MINI2,all 26 others,138980,107257.23006731142,0.5333357801924283
floyd-warshall,MINI2,1 other kernel,138980,106576.89940479693,0.0438188263037461
floyd-warshall,MINI2,1 other kernel,138980,106716.99366689014,0.14462056906758922
floyd-warshall,MINI2,1 other kernel,138980,106576.89940479693,0.0438188263037461
floyd-warshall,MINI2,1 other kernel,138980,106706.24769373452,0.13688854060622718
floyd-warshall,MINI2,1 other kernel,138980,106576.89940479693,0.0438188263037461
floyd-warshall,MINI2,3 other kernels,138980,109082.11872649446,1.8463942484490288
floyd-warshall,MINI2,3 other kernels,138980,106654.05956504984,0.09933772129071014
floyd-warshall,MINI2,3 other kernels,138980,106672.77484446195,0.11280388866163157
floyd-warshall,MINI2,3 other kernels,138980,106717.48088890484,0.14497113894432942
floyd-warshall,MINI2,3 other kernels,138980,106724.60847209321,0.15009963454685005
floyd-warshall,MINI3,none,164164,0.0,64.8741502400039
floyd-warshall,MINI3,all 26 others,164164,107257.23006731142,0.46126438641324335
floyd-warshall,MINI3,1 other kernel,164164,106576.89940479693,0.04684303793581195
floyd-warshall,MINI3,1 other kernel,164164,106716.99366689014,0.13218103048788743
floyd-warshall,MINI3,1 other kernel,164164,106576.89940479693,0.04684303793581195
floyd-warshall,MINI3,1 other kernel,164164,106706.24769373452,0.12563515370881226
floyd-warshall,MINI3,1 other kernel,164164,106576.89940479693,0.04684303793581195
floyd-warshall,MINI3,3 other kernels,164164,109082.11872649446,1.5728897483580202
floyd-warshall,MINI3,3 other kernels,164164,106654.05956504984,0.09384491426246251
floyd-warshall,MINI3,3 other kernels,164164,106672.77484446195,0.1052452696461682
floyd-warshall,MINI3,3 other kernels,164164,106717.48088890484,0.13247782029240823
floyd-warshall,MINI3,3 other kernels,164164,106724.60847209321,0.13681956585683352
floyd-warshall,SMALL,none,235447,0.0,44.92858265342094
floyd-warshall,SMALL,all 26 others,235447,107257.23006731142,0.6261409435293025
floyd-warshall,SMALL,1 other kernel,235447,106576.89940479693,0.33718815903237087
floyd-warshall,SMALL,1 other kernel,235447,106716.99366689014,0.3966895593870958
floyd-warshall,SMALL,1 other kernel,235447,106576.89940479693,0.33718815903237087
floyd-warshall,SMALL,1 other kernel,235447,106706.24769373452,0.39212548630245214
floyd-warshall,SMALL,1 other kernel,235447,106576.89940479693,0.33718815903237087
floyd-warshall,SMALL,3 other kernels,235447,109082.11872649446,1.4012150193013546
floyd-warshall,SMALL,3 other kernels,235447,106654.05956504984,0.36995993367926916
floyd-warshall,SMALL,3 other kernels,235447,106672.77484446195,0.37790876267777274
floyd-warshall,SMALL,3 other kernels,235447,106717.48088890484,0.3968964942873891
floyd-warshall,SMALL,3 other kernels,235447,106724.60847209321,0.39992375018293386
floyd-warshall,SMALL2,none,336232,0.0,31.456851221775437
floyd-warshall,SMALL2,all 26 others,336232,107257.23006731142,0.44291741039265653
floyd-warshall,SMALL2,1 other kernel,336232,106576.89940479693,0.24057775726193412
floyd-warshall,SMALL2,1 other kernel,336232,106716.99366689014,0.2822437087755287
floyd-warshall,SMALL2,1 other kernel,336232,106576.89940479693,0.24057775726193412
floyd-warshall,SMALL2,1 other kernel,336232,106706.24769373452,0.27904770924080236
floyd-warshall,SMALL2,1 other kernel,336232,106576.89940479693,0.24057775726193412
floyd-warshall,SMALL2,3 other kernels,336232,109082.11872649446,0.9856642813576606
floyd-warshall,SMALL2,3 other kernels,336232,106654.05956504984,0.2635262452859421
floyd-warshall,SMALL2,3 other kernels,336232,106672.77484446195,0.2690924256055151
floyd-warshall,SMALL2,3 other kernels,336232,106717.48088890484,0.28238861527303444
floyd-warshall,SMALL2,3 other kernels,336232,106724.60847209321,0.2845084560937809
floyd-warshall,SMALL3,none,515448,0.0,20.52272974189443
floyd-warshall,SMALL3,all 26 others,515448,107257.23006731142,0.28581545903979394
floyd-warshall,SMALL3,1 other kernel,515448,106576.89940479693,0.1538272347156156
floyd-warshall,SMALL3,1 other kernel,515448,106716.99366689014,0.18100636085310942
floyd-warshall,SMALL3,1 other kernel,515448,106576.89940479693,0.1538272347156156
floyd-warshall,SMALL3,1 other kernel,515448,106706.24769373452,0.17892157768281855
floyd-warshall,SMALL3,1 other kernel,515448,106576.89940479693,0.1538272347156156
floyd-warshall,SMALL3,3 other kernels,515448,109082.11872649446,0.6398547916558972
floyd-warshall,SMALL3,3 other kernels,515448,106654.05956504984,0.16879676806386462
floyd-warshall,SMALL3,3 other kernels,515448,106672.77484446195,0.1724276443912743
floyd-warshall,SMALL3,3 other kernels,515448,106717.48088890484,0.18110088484286077
floyd-warshall,SMALL3,3 other kernels,515448,106724.60847209321,0.18248367868208654
gemm,MEDIUM,none,1264351,0.0,8.367217647631078
gemm,MEDIUM,all 26 others,1264351,107247.44000091171,0.11519269577132528
gemm,MEDIUM,1 other kernel,1264351,106716.99366689014,0.07323865500087218
gemm,MEDIUM,1 other kernel,1264351,106655.97799233136,0.06841280564743306
gemm,MEDIUM,1 other kernel,1264351,106564.06266914602,0.06114304248947543
gemm,MEDIUM,1 other kernel,1264351,106631.6649555473,0.06648983988997614
gemm,MEDIUM,1 other kernel,1264351,112903.98905598104,0.5625802531085853
gemm,MEDIUM,3 other kernels,1264351,106564.17533495607,0.06115195344932153
gemm,MEDIUM,3 other kernels,1264351,106610.84666328815,0.06484328033023057
gemm,MEDIUM,3 other kernels,1264351,106746.44711793402,0.07556818620256586
gemm,MEDIUM,3 other kernels,1264351,108525.73672001672,0.21629569004308868
gemm,MEDIUM,3 other kernels,1264351,106606.5141896475,0.06450061649395702
gemm,MINI,none,121594,0.0,87.69676135335625
gemm,MINI,all 26 others,121594,107247.44000091171,0.5044985779822269
gemm,MINI,1 other kernel,121594,106716.99366689014,0.06825473863030701
gemm,MINI,1 other kernel,121594,106655.97799233136,0.01807489870500333
gemm,MINI,1 other kernel,121594,106564.06266914602,0.05751709036134991
gemm,MINI,1 other kernel,121594,106631.6649555473,0.0019203615743394226
gemm,MINI,1 other kernel,121594,112903.98905598104,5.156495432324823
gemm,MINI,3 other kernels,121594,106564.17533495607,0.057424432985118554
gemm,MINI,3 other kernels,121594,106610.84666328815,0.019041512502141245
gemm,MINI,3 other kernels,121594,106746.44711793402,0.09247752186293569
gemm,MINI,3 other kernels,121594,108525.73672001672,1.5557813050123535
gemm,MINI,3 other kernels,121594,106606.5141896475,0.022604577818398853
gemm,MINI2,none,136003,0.0,78.41224090645059
gemm,MINI2,all 26 others,136003,107247.44000091171,0.44443137350772327
gemm,MINI2,1 other kernel,136003,106716.99366689014,0.05440590787713175
gemm,MINI2,1 other kernel,136003,106655.97799233136,0.009542430925329809
gemm,MINI2,1 other kernel,136003,106564.06266914602,0.05804087472627795
gemm,MINI2,1 other kernel,136003,106631.6649555473,0.00833440766210137
gemm,MINI2,1 other kernel,136003,112903.98905598104,4.603566874246189
gemm,MINI2,3 other kernels,136003,106564.17533495607,0.057958034046241995
gemm,MINI2,3 other kernels,136003,106610.84666328815,0.023641637840244832
gemm,MINI2,3 other kernels,136003,106746.44711793402,0.07606237945780864
gemm,MINI2,3 other kernels,136003,108525.73672001672,1.3843346985115923
gemm,MINI2,3 other kernels,136003,106606.5141896475,0.02682720995308144
gemm,MINI3,none,166559,0.0,64.00074448093469
gemm,MINI3,all 26 others,166559,107247.44000091171,0.38931549835896523
gemm,MINI3,1 other kernel,166559,106716.99366689014,0.07084196404285298
gemm,MINI3,1 other kernel,166559,106655.97799233136,0.034208894344572374
gemm,MINI3,1 other kernel,166559,106564.06266914602,0.020975948975426005
gemm,MINI3,1 other kernel,166559,106631.6649555473,0.01961164244940968
gemm,MINI3,1 other kernel,166559,112903.98905598104,3.7854388270709145
gemm,MINI3,3 other kernels,166559,106564.17533495607,0.02090830579188786
gemm,MINI3,3 other kernels,166559,106610.84666328815,0.007112592707768312
gemm,MINI3,3 other kernels,166559,106746.44711793402,0.08852545820640341
gemm,MINI3,3 other kernels,166559,108525.73672001672,1.156789317909402
gemm,MINI3,3 other kernels,166559,106606.5141896475,0.004511428171104922
gemm,SMALL,none,223603,0.0,47.69300948556147
gemm,SMALL,all 26 others,223603,107247.44000091171,0.2703183771737003
gemm,SMALL,1 other kernel,223603,106716.99366689014,0.033091535842602965
gemm,SMALL,1 other kernel,223603,106655.97799233136,0.005804033188900104
gemm,SMALL,1 other kernel,223603,106564.06266914602,0.03530244712905453
gemm,SMALL,1 other kernel,223603,106631.6649555473,0.0050692720816302664
gemm,SMALL,1 other kernel,223603,112903.98905598104,2.800046983260978
gemm,SMALL,3 other kernels,223603,106564.17533495607,0.035252060591275836
gemm,SMALL,3 other kernels,223603,106610.84666328815,0.014379653543050933
gemm,SMALL,3 other kernels,223603,106746.44711793402,0.04626374330129894
gemm,SMALL,3 other kernels,223603,108525.73672001672,0.8419997585080348
gemm,SMALL,3 other kernels,223603,106606.5141896475,0.016317227565144185
gemm,SMALL2,none,449204,0.0,23.740661258581845
gemm,SMALL2,all 26 others,449204,107247.44000091171,0.134335402381036
gemm,SMALL2,1 other kernel,449204,106716.99366689014,0.016249558528004093
gemm,SMALL2,1 other kernel,449204,106655.97799233136,0.002666492803130938
gemm,SMALL2,1 other kernel,449204,106564.06266914602,0.017795329261094936
gemm,SMALL2,1 other kernel,449204,106631.6649555473,0.002745978320025584
gemm,SMALL2,1 other kernel,449204,112903.98905598104,1.3935737562401593
gemm,SMALL2,3 other kernels,449204,106564.17533495607,0.017770248048528173
gemm,SMALL2,3 other kernels,449204,106610.84666328815,0.00738046337785687
gemm,SMALL2,3 other kernels,449204,106746.44711793402,0.022806368138752874
gemm,SMALL2,3 other kernels,449204,108525.73672001672,0.4189047114488499
gemm,SMALL2,3 other kernels,449204,106606.5141896475,0.0083449413523676
gemm,SMALL3,none,880359,0.0,12.017710956552952
gemm,SMALL3,all 26 others,880359,107247.44000091171,0.16452833456711513
gemm,SMALL3,1 other kernel,880359,106716.99366689014,0.1042749227179
gemm,SMALL3,1 other kernel,880359,106655.97799233136,0.09734415077614658
gemm,SMALL3,1 other kernel,880359,106564.06266914602,0.08690348700314203
gemm,SMALL3,1 other kernel,880359,106631.6649555473,0.09458243234263662
gemm,SMALL3,1 other kernel,880359,112903.98905598104,0.8070558778840273
gemm,SMALL3,3 other kernels,880359,106564.17533495607,0.08691628471521633
gemm,SMALL3,3 other kernels,880359,106610.84666328815,0.09221768202383232
gemm,SMALL3,3 other kernels,880359,106746.44711793402,0.10762054093091608
gemm,SMALL3,3 other kernels,880359,108525.73672001672,0.309730089658502
gemm,SMALL3,3 other kernels,880359,106606.5141896475,0.0917255562387061
gemver,MEDIUM,none,1412750,0.0,7.564395682180145
gemver,MEDIUM,all 26 others,1412750,107233.50935128999,0.026013756948509215
gemver,MEDIUM,1 other kernel,1412750,106586.46945351911,0.019786271207275864
gemver,MEDIUM,1 other kernel,1412750,106605.31277713126,0.01845246666916792
gemver,MEDIUM,1 other kernel,1412750,106564.06266914602,0.021372311509742878
gemver,MEDIUM,1 other kernel,1412750,112956.58872323515,0.43111581831428525
gemver,MEDIUM,1 other kernel,1412750,106560.20540915847,0.021645343538595867
gemver,MEDIUM,3 other kernels,1412750,106659.79353748902,0.014596104230108755
gemver,MEDIUM,3 other kernels,1412750,106719.26833195097,0.01038624442038605
gemver,MEDIUM,3 other kernels,1412750,106582.53023969402,0.02006510425099605
gemver,MEDIUM,3 other kernels,1412750,106668.50755163726,0.013979292044788864
gemver,MEDIUM,3 other kernels,1412750,106646.48249205603,0.015538312365529869
gemver,MINI,none,122622,0.0,87.24209358842621
gemver,MINI,all 26 others,122622,107233.50935128999,0.2083715412323981
gemver,MINI,1 other kernel,122622,106586.46945351911,0.3192987771206567
gemver,MINI,1 other kernel,122622,106605.31277713126,0.3039317764094066
gemver,MINI,1 other kernel,122622,106564.06266914602,0.33757183119993134
gemver,MINI,1 other kernel,122622,112956.58872323515,4.875624866039661
gemver,MINI,1 other kernel,122622,106560.20540915847,0.3407174820517751
gemver,MINI,3 other kernels,122622,106659.79353748902,0.2595019348167359
gemver,MINI,3 other kernels,122622,106719.26833195097,0.2109993867731998
gemver,MINI,3 other kernels,122622,106582.53023969402,0.3225112625026307
gemver,MINI,3 other kernels,122622,106668.50755163726,0.2523955312772097
gemver,MINI,3 other kernels,122622,106646.48249205603,0.2703572833129169
gemver,MINI2,none,145215,0.0,73.66387769858486
gemver,MINI2,all 26 others,145215,107233.50935128999,0.18077288936405037
gemver,MINI2,1 other kernel,145215,106586.46945351911,0.26480084459656794
gemver,MINI2,1 other kernel,145215,106605.31277713126,0.2518246895077836
gemver,MINI2,1 other kernel,145215,106564.06266914602,0.2802309202589125
gemver,MINI2,1 other kernel,145215,112956.58872323515,4.121880469121752
gemver,MINI2,1 other kernel,145215,106560.20540915847,0.2828871609968069
gemver,MINI2,3 other kernels,145215,106659.79353748902,0.21430738044346515
gemver,MINI2,3 other kernels,145215,106719.26833195097,0.17335100922703098
gemver,MINI2,3 other kernels,145215,106582.53023969402,0.26751352154114644
gemver,MINI2,3 other kernels,145215,106668.50755163726,0.20830661320301253
gemver,MINI2,3 other kernels,145215,106646.48249205603,0.22347382015905037
gemver,MINI3,none,177787,0.0,60.15231709855051
gemver,MINI3,all 26 others,177787,107233.50935128999,0.16340303356826186
gemver,MINI3,1 other kernel,177787,106586.46945351911,0.2005380294852302
gemver,MINI3,1 other kernel,177787,106605.31277713126,0.1899392097671528
gemver,MINI3,1 other kernel,177787,106564.06266914602,0.2131411919060335
gemver,MINI3,1 other kernel,177787,112956.58872323515,3.3824681912823507
gemver,MINI3,1 other kernel,177787,106560.20540915847,0.21531078810121837
gemver,MINI3,3 other kernels,177787,106659.79353748902,0.15929537171501731
gemver,MINI3,3 other kernels,177787,106719.26833195097,0.12584253519606778
gemver,MINI3,3 other kernels,177787,106582.53023969402,0.2027537223227659
gemver,MINI3,3 other kernels,177787,106668.50755163726,0.1543939930156618
gemver,MINI3,3 other kernels,177787,106646.48249205603,0.1667824463790744
gemver,SMALL,none,230135,0.0,46.48184761118474
gemver,SMALL,all 26 others,230135,107233.50935128999,0.11406754786973113
gemver,SMALL,1 other kernel,230135,106586.46945351911,0.16708912007339438
gemver,SMALL,1 other kernel,230135,106605.31277713126,0.15890117664359094
gemver,SMALL,1 other kernel,230135,106564.06266914602,0.1768254854124665
gemver,SMALL,1 other kernel,230135,112956.58872323515,2.6009032625351
gemver,SMALL,1 other kernel,230135,106560.20540915847,0.17850157118278973
gemver,SMALL,3 other kernels,230135,106659.79353748902,0.13522778478326977
gemver,SMALL,3 other kernels,230135,106719.26833195097,0.10938434746954312
gemver,SMALL,3 other kernels,230135,106582.53023969402,0.16880081704476754
gemver,SMALL,3 other kernels,230135,106668.50755163726,0.13144130547841687
gemver,SMALL,3 other kernels,230135,106646.48249205603,0.14101180087512333
gemver,SMALL2,none,440106,0.0,24.317323553871113
gemver,SMALL2,all 26 others,440106,107233.50935128999,0.048058729326572625
gemver,SMALL2,1 other kernel,440106,106586.46945351911,0.0989603746554026
gemver,SMALL2,1 other kernel,440106,106605.31277713126,0.09467883256959186
gemver,SMALL2,1 other kernel,440106,106564.06266914602,0.1040515991270305
gemver,SMALL2,1 other kernel,440106,112956.58872323515,1.348445311637465
gemver,SMALL2,1 other kernel,440106,106560.20540915847,0.10492803798210276
gemver,SMALL2,3 other kernels,440106,106659.79353748902,0.08229982379494437
gemver,SMALL2,3 other kernels,440106,106719.26833195097,0.06878608063716557
gemver,SMALL2,3 other kernels,440106,106582.53023969402,0.09985543489658098
gemver,SMALL2,3 other kernels,440106,106668.50755163726,0.0803198430293508
gemver,SMALL2,3 other kernels,440106,106646.48249205603,0.08532433276164493
gemver,SMALL3,none,946922,0.0,11.295333723368978
gemver,SMALL3,all 26 others,946922,107233.50935128999,0.029095252965919846
gemver,SMALL3,1 other kernel,946922,106586.46945351911,0.03923560192718156
gemver,SMALL3,1 other kernel,946922,106605.31277713126,0.037245646723678
gemver,SMALL3,1 other kernel,946922,106564.06266914602,0.041601877541551355
gemver,SMALL3,1 other kernel,946922,112956.58872323515,0.6334828764391557
gemver,SMALL3,1 other kernel,946922,106560.20540915847,0.04200922471349415
gemver,SMALL3,3 other kernels,946922,106659.79353748902,0.031492188639716666
gemver,SMALL3,3 other kernels,946922,106719.26833195097,0.025211333990445246
gemver,SMALL3,3 other kernels,946922,106582.53023969402,0.03965160386029121
gemver,SMALL3,3 other kernels,946922,106668.50755163726,0.03057194239470143
gemver,SMALL3,3 other kernels,946922,106646.48249205603,0.03289790584061023
gesummv,MEDIUM,none,1112928,0.0,9.59235458178786
gesummv,MEDIUM,all 26 others,1112928,107242.4439312844,0.0437084817063063
gesummv,MEDIUM,1 other kernel,1112928,106716.99366689014,0.0035048388673771086
gesummv,MEDIUM,1 other kernel,1112928,106560.20540915847,0.017592745518264716
gesummv,MEDIUM,1 other kernel,1112928,106622.35407899856,0.012008496596495338
gesummv,MEDIUM,1 other kernel,1112928,106716.99366689014,0.0035048388673771086
gesummv,MEDIUM,1 other kernel,1112928,106560.20540915847,0.017592745518264716
gesummv,MEDIUM,3 other kernels,1112928,106661.39468585237,0.00850057812793448
gesummv,MEDIUM,3 other kernels,1112928,106562.67173954716,0.017371138155653578
gesummv,MEDIUM,3 other kernels,1112928,108273.15172050873,0.13632074316655707
gesummv,MEDIUM,3 other kernels,1112928,106592.44691031463,0.01469574758522316
gesummv,MEDIUM,3 other kernels,1112928,106746.88449375388,0.0008190562413939015
gesummv,MINI,none,122010,0.0,87.46660109827063
gesummv,MINI,all 26 others,122010,107242.4439312844,0.4298368422952252
gesummv,MINI,1 other kernel,122010,106716.99366689014,0.0008247955986103593
gesummv,MINI,1 other kernel,122010,106560.20540915847,0.129329227802252
gesummv,MINI,1 other kernel,122010,106622.35407899856,0.07839187033968005
gesummv,MINI,1 other kernel,122010,106716.99366689014,0.0008247955986103593
gesummv,MINI,1 other kernel,122010,106560.20540915847,0.129329227802252
gesummv,MINI,3 other kernels,122010,106661.39468585237,0.046393995695131175
gesummv,MINI,3 other kernels,122010,106562.67173954716,0.12730781120632392
gesummv,MINI,3 other kernels,122010,108273.15172050873,1.2746100487736491
gesummv,MINI,3 other kernels,122010,106592.44691031463,0.10290393384589319
gesummv,MINI,3 other kernels,122010,106746.88449375388,0.0236738740708807
gesummv,MINI2,none,140371,0.0,76.0263872167328
gesummv,MINI2,all 26 others,140371,107242.4439312844,0.37290033645440923
gesummv,MINI2,1 other kernel,140371,106716.99366689014,0.0014293074138279982
gesummv,MINI2,1 other kernel,140371,106560.20540915847,0.11312492668821418
gesummv,MINI2,1 other kernel,140371,106622.35407899856,0.06885034729498517
gesummv,MINI2,1 other kernel,140371,106716.99366689014,0.0014293074138279982
gesummv,MINI2,1 other kernel,140371,106560.20540915847,0.11312492668821418
gesummv,MINI2,3 other kernels,140371,106661.39468585237,0.04103790252091211
gesummv,MINI2,3 other kernels,140371,106562.67173954716,0.11136791819737397
gesummv,MINI2,3 other kernels,140371,108273.15172050873,1.107174359738642
gesummv,MINI2,3 other kernels,140371,106592.44691031463,0.09015615026279562
gesummv,MINI2,3 other kernels,140371,106746.88449375388,0.019864853676255134
gesummv,MINI3,none,187015,0.0,57.087934122931316
gesummv,MINI3,all 26 others,187015,107242.4439312844,0.2563665648661438
gesummv,MINI3,1 other kernel,187015,106716.99366689014,0.024600343881434377
gesummv,MINI3,1 other kernel,187015,106560.20540915847,0.10843760705906645
gesummv,MINI3,1 other kernel,187015,106622.35407899856,0.07520568991869296
gesummv,MINI3,1 other kernel,187015,106716.99366689014,0.024600343881434377
gesummv,MINI3,1 other kernel,187015,106560.20540915847,0.10843760705906645
gesummv,MINI3,3 other kernels,187015,106661.39468585237,0.054330034568152046
gesummv,MINI3,3 other kernels,187015,106562.67173954716,0.10711881958818054
gesummv,MINI3,3 other kernels,187015,108273.15172050873,0.8075029920106565
gesummv,MINI3,3 other kernels,187015,106592.44691031463,0.09119754548319056
gesummv,MINI3,3 other kernels,187015,106746.88449375388,0.00861722655728359
gesummv,SMALL,none,238667,0.0,44.72130625515886
gesummv,SMALL,all 26 others,238667,107242.4439312844,0.21261587537632717
gesummv,SMALL,1 other kernel,238667,106716.99366689014,0.007544542441923056
gesummv,SMALL,1 other kernel,238667,106560.20540915847,0.07323785476899326
gesummv,SMALL,1 other kernel,238667,106622.35407899856,0.04719794567386511
gesummv,SMALL,1 other kernel,238667,106716.99366689014,0.007544542441923056
gesummv,SMALL,1 other kernel,238667,106560.20540915847,0.07323785476899326
gesummv,SMALL,3 other kernels,238667,106661.39468585237,0.030840172352118035
gesummv,SMALL,3 other kernels,238667,106562.67173954716,0.07220447755778378
gesummv,SMALL,3 other kernels,238667,108273.15172050873,0.6444760777605322
gesummv,SMALL,3 other kernels,238667,106592.44691031463,0.05972886477199984
gesummv,SMALL,3 other kernels,238667,106746.88449375388,0.004979529534412422
gesummv,SMALL2,none,340216,0.0,31.381240153314366
gesummv,SMALL2,all 26 others,340216,107242.4439312844,0.14062946224881215
gesummv,SMALL2,1 other kernel,340216,106716.99366689014,0.013816614477233435
gesummv,SMALL2,1 other kernel,340216,106560.20540915847,0.0599015304516875
gesummv,SMALL2,1 other kernel,340216,106622.35407899856,0.0416341150920132
gesummv,SMALL2,1 other kernel,340216,106716.99366689014,0.013816614477233435
gesummv,SMALL2,1 other kernel,340216,106560.20540915847,0.0599015304516875
gesummv,SMALL2,3 other kernels,340216,106661.39468585237,0.030158873817709528
gesummv,SMALL2,3 other kernels,340216,106562.67173954716,0.05917659970513904
gesummv,SMALL2,3 other kernels,340216,108273.15172050873,0.4435863452949597
gesummv,SMALL2,3 other kernels,340216,106592.44691031463,0.05042475653272886
gesummv,SMALL2,3 other kernels,340216,106746.88449375388,0.005030776402668865
gesummv,SMALL3,none,629656,0.0,16.955925140076484
gesummv,SMALL3,all 26 others,629656,107242.4439312844,0.07598497136283312
gesummv,SMALL3,1 other kernel,629656,106716.99366689014,0.00746539906074471
gesummv,SMALL3,1 other kernel,629656,106560.20540915847,0.032366020627376396
gesummv,SMALL3,1 other kernel,629656,106622.35407899856,0.02249576292474679
gesummv,SMALL3,1 other kernel,629656,106716.99366689014,0.00746539906074471
gesummv,SMALL3,1 other kernel,629656,106560.20540915847,0.032366020627376396
gesummv,SMALL3,3 other kernels,629656,106661.39468585237,0.01629545563730968
gesummv,SMALL3,3 other kernels,629656,106562.67173954716,0.03197432573545488
gesummv,SMALL3,3 other kernels,629656,108273.15172050873,0.2396787643584275
gesummv,SMALL3,3 other kernels,629656,106592.44691031463,0.02724552607858717
gesummv,SMALL3,3 other kernels,629656,106746.88449375388,0.002718231263754162
gramschmidt,MEDIUM,none,1340990,0.0,8.357855017561652
gramschmidt,MEDIUM,all 26 others,1340990,107028.11557832804,0.3765788277072889
gramschmidt,MEDIUM,1 other kernel,1340990,106655.97799233136,0.4043297867745937
gramschmidt,MEDIUM,1 other kernel,1340990,106781.18555011286,0.3949928373729302
gramschmidt,MEDIUM,1 other kernel,1340990,106787.95784962596,0.39448781500041286
gramschmidt,MEDIUM,1 other kernel,1340990,102266.23262412129,0.7316808757618444
gramschmidt,MEDIUM,1 other kernel,1340990,106678.16240285254,0.4026754559801014
gramschmidt,MEDIUM,3 other kernels,1340990,106792.28401768421,0.39416520498406615
gramschmidt,MEDIUM,3 other kernels,1340990,106625.63600358658,0.40659244262921695
gramschmidt,MEDIUM,3 other kernels,1340990,106579.46314828536,0.4100356342489204
gramschmidt,MEDIUM,3 other kernels,1340990,106652.08586127018,0.4046200298831399
gramschmidt,MEDIUM,3 other kernels,1340990,106670.96694702026,0.4032120338689875
gramschmidt,MINI,none,129821,0.0,86.97283182227837
gramschmidt,MINI,all 26 others,129821,107028.11557832804,4.529994701683055
gramschmidt,MINI,1 other kernel,129821,106655.97799233136,4.816649084253425
gramschmidt,MINI,1 other kernel,129821,106781.18555011286,4.720202779124441
gramschmidt,MINI,1 other kernel,129821,106787.95784962596,4.714986135042895
gramschmidt,MINI,1 other kernel,129821,102266.23262412129,8.19803219500598
gramschmidt,MINI,1 other kernel,129821,106678.16240285254,4.799560623587447
gramschmidt,MINI,3 other kernels,129821,106792.28401768421,4.711653724987317
gramschmidt,MINI,3 other kernels,129821,106625.63600358658,4.840021257279963
gramschmidt,MINI,3 other kernels,129821,106579.46314828536,4.8755878106890576
gramschmidt,MINI,3 other kernels,129821,106652.08586127018,4.819647159342337
gramschmidt,MINI,3 other kernels,129821,106670.96694702026,4.805103221343031
gramschmidt,MINI2,none,145034,0.0,77.85898478977343
gramschmidt,MINI2,all 26 others,145034,107028.11557832804,4.063794987156097
gramschmidt,MINI2,1 other kernel,145034,106655.97799233136,4.320381433090602
gramschmidt,MINI2,1 other kernel,145034,106781.18555011286,4.234051636090255
gramschmidt,MINI2,1 other kernel,145034,106787.95784962596,4.229382179608944
gramschmidt,MINI2,1 other kernel,145034,102266.23262412129,7.347082322682059
gramschmidt,MINI2,1 other kernel,145034,106678.16240285254,4.305085426277594
gramschmidt,MINI2,3 other kernels,145034,106792.28401768421,4.226399314861185
gramschmidt,MINI2,3 other kernels,145034,106625.63600358658,4.341302037048844
gramschmidt,MINI2,3 other kernels,145034,106579.46314828536,4.3731379205666645
gramschmidt,MINI2,3 other kernels,145034,106652.08586127018,4.323065032150944
gramschmidt,MINI2,3 other kernels,145034,106670.96694702026,4.310046646289653
gramschmidt,MINI3,none,165014,0.0,68.41964924188251
gramschmidt,MINI3,all 26 others,165014,107028.11557832804,3.5596279234925357
gramschmidt,MINI3,1 other kernel,165014,106655.97799233136,3.7851467194714528
gramschmidt,MINI3,1 other kernel,165014,106781.18555011286,3.7092697891616107
gramschmidt,MINI3,1 other kernel,165014,106787.95784962596,3.7051657134388813
gramschmidt,MINI3,1 other kernel,165014,102266.23262412129,6.445372741633254
gramschmidt,MINI3,1 other kernel,165014,106678.16240285254,3.771702762885237
gramschmidt,MINI3,3 other kernels,165014,106792.28401768421,3.7025440158506373
gramschmidt,MINI3,3 other kernels,165014,106625.63600358658,3.8035342434056623
gramschmidt,MINI3,3 other kernels,165014,106579.46314828536,3.8315154179128177
gramschmidt,MINI3,3 other kernels,165014,106652.08586127018,3.787505386651921
gramschmidt,MINI3,3 other kernels,165014,106670.96694702026,3.7760632752249723
gramschmidt,SMALL,none,241042,0.0,46.850756299732
gramschmidt,SMALL,all 26 others,241042,107028.11557832804,2.4484879903386023
gramschmidt,SMALL,1 other kernel,241042,106655.97799233136,2.6028750208132294
gramschmidt,SMALL,1 other kernel,241042,106781.18555011286,2.5509307298674675
gramschmidt,SMALL,1 other kernel,241042,106787.95784962596,2.5481211367205865
gramschmidt,SMALL,1 other kernel,241042,102266.23262412129,4.424028748466532
gramschmidt,SMALL,1 other kernel,241042,106678.16240285254,2.593671475156796
gramschmidt,SMALL,3 other kernels,241042,106792.28401768421,2.546326359022814
gramschmidt,SMALL,3 other kernels,241042,106625.63600358658,2.615462863904805
gramschmidt,SMALL,3 other kernels,241042,106579.46314828536,2.6346183867187696
gramschmidt,SMALL,3 other kernels,241042,106652.08586127018,2.6044897315529245
gramschmidt,SMALL,3 other kernels,241042,106670.96694702026,2.5966566212443207
gramschmidt,SMALL2,none,420235,0.0,26.871393387033443
gramschmidt,SMALL2,all 26 others,420235,107028.11557832804,1.4027590328439976
gramschmidt,SMALL2,1 other kernel,420235,106655.97799233136,1.4913136715572535
gramschmidt,SMALL2,1 other kernel,420235,106781.18555011286,1.461519019093398
gramschmidt,SMALL2,1 other kernel,420235,106787.95784962596,1.459907468529284
gramschmidt,SMALL2,1 other kernel,420235,102266.23262412129,2.5359066655273117
gramschmidt,SMALL2,1 other kernel,420235,106678.16240285254,1.486034622805679
gramschmidt,SMALL2,3 other kernels,420235,106792.28401768421,1.4588780045250327
gramschmidt,SMALL2,3 other kernels,420235,106625.63600358658,1.4985339146937833
gramschmidt,SMALL2,3 other kernels,420235,106579.46314828536,1.5095213039643667
gramschmidt,SMALL2,3 other kernels,420235,106652.08586127018,1.4922398512093948
gramschmidt,SMALL2,3 other kernels,420235,106670.96694702026,1.4877468685330197
gramschmidt,SMALL3,none,803390,0.0,13.950634187629918
gramschmidt,SMALL3,all 26 others,803390,107028.11557832804,0.6285719789482036
gramschmidt,SMALL3,1 other kernel,803390,106655.97799233136,0.6748928923273408
gramschmidt,SMALL3,1 other kernel,803390,106781.18555011286,0.6593079886340557
gramschmidt,SMALL3,1 other kernel,803390,106787.95784962596,0.6584650232606873
gramschmidt,SMALL3,1 other kernel,803390,102266.23262412129,1.2212956815343428
gramschmidt,SMALL3,1 other kernel,803390,106678.16240285254,0.6721315422332174
gramschmidt,SMALL3,3 other kernels,803390,106792.28401768421,0.6579265341012247
gramschmidt,SMALL3,3 other kernels,803390,106625.63600358658,0.6786696369650381
gramschmidt,SMALL3,3 other kernels,803390,106579.46314828536,0.6844168898934014
gramschmidt,SMALL3,3 other kernels,803390,106652.08586127018,0.6753773557960393
gramschmidt,SMALL3,3 other kernels,803390,106670.96694702026,0.6730271789516593
heat-3d,MEDIUM,none,1129894,0.0,9.362471169861951
heat-3d,MEDIUM,all 26 others,1129894,107250.72003317418,0.12963340217526137
heat-3d,MEDIUM,1 other kernel,1129894,106787.95784962596,0.08867715463804247
heat-3d,MEDIUM,1 other kernel,1129894,106586.46945351911,0.07084465034058153
heat-3d,MEDIUM,1 other kernel,1129894,106564.06266914602,0.0688615630445075
heat-3d,MEDIUM,1 other kernel,1129894,106969.68962889828,0.10476112174223123
heat-3d,MEDIUM,1 other kernel,1129894,106818.75572373607,0.09140288591106918
heat-3d,MEDIUM,3 other kernels,1129894,108858.69084372406,0.27194505358238735
heat-3d,MEDIUM,3 other kernels,1129894,106679.9874365262,0.07912135443910864
heat-3d,MEDIUM,3 other kernels,1129894,106726.6565263087,0.08325174983748383
heat-3d,MEDIUM,3 other kernels,1129894,111046.67530429216,0.4655901619348572
heat-3d,MEDIUM,3 other kernels,1129894,106698.44870540542,0.08075524831581214
heat-3d,MINI,none,122677,0.0,86.8695843556657
heat-3d,MINI,all 26 others,122677,107250.72003317418,0.555703215088547
heat-3d,MINI,1 other kernel,122677,106787.95784962596,0.1784832117071364
heat-3d,MINI,1 other kernel,122677,106586.46945351911,0.014240202743063781
heat-3d,MINI,1 other kernel,122677,106564.06266914602,0.004024658945018056
heat-3d,MINI,1 other kernel,122677,106969.68962889828,0.3266216396702581
heat-3d,MINI,1 other kernel,122677,106818.75572373607,0.2035880594863538
heat-3d,MINI,3 other kernels,122677,108858.69084372406,1.8664385693520902
heat-3d,MINI,3 other kernels,122677,106679.9874365262,0.09047126725155738
heat-3d,MINI,3 other kernels,122677,106726.6565263087,0.1285135162326238
heat-3d,MINI,3 other kernels,122677,111046.67530429216,3.64997131026367
heat-3d,MINI,3 other kernels,122677,106698.44870540542,0.10551994701975013
heat-3d,MINI2,none,134338,0.0,79.33868302341854
heat-3d,MINI2,all 26 others,134338,107250.72003317418,0.4977891833838355
heat-3d,MINI2,1 other kernel,134338,106787.95784962596,0.15331317246494938
heat-3d,MINI2,1 other kernel,134338,106586.46945351911,0.0033270210358154837
heat-3d,MINI2,1 other kernel,134338,106564.06266914602,0.013352387897675864
heat-3d,MINI2,1 other kernel,134338,106969.68962889828,0.28859267586109855
heat-3d,MINI2,1 other kernel,134338,106818.75572373607,0.17623883319393938
heat-3d,MINI2,3 other kernels,134338,108858.69084372406,1.6947482050678615
heat-3d,MINI2,3 other kernels,134338,106679.9874365262,0.07294096720674198
heat-3d,MINI2,3 other kernels,134338,106726.6565263087,0.10768101825892996
heat-3d,MINI2,3 other kernels,134338,111046.67530429216,3.3234641756555683
heat-3d,MINI2,3 other kernels,134338,106698.44870540542,0.086683369862142
heat-3d,MINI3,none,160682,0.0,66.32603527464184
heat-3d,MINI3,all 26 others,160682,107250.72003317418,0.421154848193436
heat-3d,MINI3,1 other kernel,160682,106787.95784962596,0.13315607823276018
heat-3d,MINI3,1 other kernel,160682,106586.46945351911,0.007760330042626931
heat-3d,MINI3,1 other kernel,160682,106564.06266914602,0.0061844704783235215
heat-3d,MINI3,1 other kernel,160682,106969.68962889828,0.24625635036798305
heat-3d,MINI3,1 other kernel,160682,106818.75572373607,0.152323050333002
heat-3d,MINI3,3 other kernels,160682,108858.69084372406,1.421871051968524
heat-3d,MINI3,3 other kernels,160682,106679.9874365262,0.06596098911277745
heat-3d,MINI3,3 other kernels,160682,106726.6565263087,0.09500536855944122
heat-3d,MINI3,3 other kernels,160682,111046.67530429216,2.783557152818721
heat-3d,MINI3,3 other kernels,160682,106698.44870540542,0.07745030893653572
heat-3d,SMALL,none,234674,0.0,45.41022865762718
heat-3d,SMALL,all 26 others,234674,107250.72003317418,0.29177498707746785
heat-3d,SMALL,1 other kernel,234674,106787.95784962596,0.09458135525280334
heat-3d,SMALL,1 other kernel,234674,106586.46945351911,0.008722505909940514
heat-3d,SMALL,1 other kernel,234674,106564.06266914602,0.0008255413271090116
heat-3d,SMALL,1 other kernel,234674,106969.68962889828,0.17202145482596393
heat-3d,SMALL,1 other kernel,234674,106818.75572373607,0.10770503921869244
heat-3d,SMALL,3 other kernels,234674,108858.69084372406,0.9769684088241831
heat-3d,SMALL,3 other kernels,234674,106679.9874365262,0.0485726738054463
heat-3d,SMALL,3 other kernels,234674,106726.6565263087,0.06845944855786382
heat-3d,SMALL,3 other kernels,234674,111046.67530429216,1.9093190145871197
heat-3d,SMALL,3 other kernels,234674,106698.44870540542,0.05643944595711682
heat-3d,SMALL2,none,356715,0.0,29.88576314424681
heat-3d,SMALL2,all 26 others,356715,107250.72003317418,0.18045779773044246
heat-3d,SMALL2,1 other kernel,356715,106787.95784962596,0.050728971202770756
heat-3d,SMALL2,1 other kernel,356715,106586.46945351911,0.005755448041407341
heat-3d,SMALL2,1 other kernel,356715,106564.06266914602,0.01203687281275217
heat-3d,SMALL2,1 other kernel,356715,106969.68962889828,0.10167490262486369
heat-3d,SMALL2,1 other kernel,356715,106818.75572373607,0.059362719183682855
heat-3d,SMALL2,3 other kernels,356715,108858.69084372406,0.6312296493626743
heat-3d,SMALL2,3 other kernels,356715,106679.9874365262,0.020460994498751706
heat-3d,SMALL2,3 other kernels,356715,106726.6565263087,0.03354401309411753
heat-3d,SMALL2,3 other kernels,356715,111046.67530429216,1.2446001161409466
heat-3d,SMALL2,3 other kernels,356715,106698.44870540542,0.025636349860646265
heat-3d,SMALL3,none,537910,0.0,19.6690896246584
heat-3d,SMALL3,all 26 others,537910,107250.72003317418,0.2693238707542429
heat-3d,SMALL3,1 other kernel,537910,106787.95784962596,0.18329420342175526
heat-3d,SMALL3,1 other kernel,537910,106586.46945351911,0.14583656253259722
heat-3d,SMALL3,1 other kernel,537910,106564.06266914602,0.14167103588815808
heat-3d,SMALL3,1 other kernel,537910,106969.68962889828,0.21707899628158658
heat-3d,SMALL3,1 other kernel,537910,106818.75572373607,0.18901967313045231
heat-3d,SMALL3,3 other kernels,537910,108858.69084372406,0.568253210337057
heat-3d,SMALL3,3 other kernels,537910,106679.9874365262,0.1632219955989333
heat-3d,SMALL3,3 other kernels,537910,106726.6565263087,0.17189799897914884
heat-3d,SMALL3,3 other kernels,537910,111046.67530429216,0.9750098165663622
heat-3d,SMALL3,3 other kernels,537910,106698.44870540542,0.1666540323484342
jacobi-2d,MEDIUM,none,1105938,0.0,9.570337577694229
jacobi-2d,MEDIUM,all 26 others,1105938,107247.49865660536,0.12708656874122873
jacobi-2d,MEDIUM,1 other kernel,1105938,106723.1027135876,0.07967017261254193
jacobi-2d,MEDIUM,1 other kernel,1105938,106781.18555011286,0.0849220797289489
jacobi-2d,MEDIUM,1 other kernel,1105938,112956.58872323515,0.6433080989381923
jacobi-2d,MEDIUM,1 other kernel,1105938,106564.06266914602,0.06528961561553247
jacobi-2d,MEDIUM,1 other kernel,1105938,106818.75572373607,0.08831921172217756
jacobi-2d,MEDIUM,3 other kernels,1105938,106728.50601327642,0.08015874427648939
jacobi-2d,MEDIUM,3 other kernels,1105938,105815.05584072424,0.002436317341103402
jacobi-2d,MEDIUM,3 other kernels,1105938,106678.10920716598,0.07560181557789795
jacobi-2d,MEDIUM,3 other kernels,1105938,106665.56825259134,0.07446785014995562
jacobi-2d,MEDIUM,3 other kernels,1105938,106579.88383408272,0.06672018088560419
jacobi-2d,MINI,none,121129,0.0,88.03259335089038
jacobi-2d,MINI,all 26 others,121129,107247.49865660536,0.5073092790375185
jacobi-2d,MINI,1 other kernel,121129,106723.1027135876,0.07438574873697179
jacobi-2d,MINI,1 other kernel,121129,106781.18555011286,0.12233697142126108
jacobi-2d,MINI,1 other kernel,121129,112956.58872323515,5.220540682441985
jacobi-2d,MINI,1 other kernel,121129,106564.06266914602,0.05691232558180106
jacobi-2d,MINI,1 other kernel,121129,106818.75572373607,0.15335363433700788
jacobi-2d,MINI,3 other kernels,121129,106728.50601327642,0.07884652996096662
jacobi-2d,MINI,3 other kernels,121129,105815.05584072424,0.6752669957448381
jacobi-2d,MINI,3 other kernels,121129,106678.10920716598,0.037240633676477536
jacobi-2d,MINI,3 other kernels,121129,106665.56825259134,0.026887246317020268
jacobi-2d,MINI,3 other kernels,121129,106579.88383408272,0.0438509076416708
jacobi-2d,MINI2,none,146738,0.0,72.67510801564694
jacobi-2d,MINI2,all 26 others,146738,107247.49865660536,0.4126393003893813
jacobi-2d,MINI2,1 other kernel,146738,106723.1027135876,0.05527042319481427
jacobi-2d,MINI2,1 other kernel,146738,106781.18555011286,0.09485310561194739
jacobi-2d,MINI2,1 other kernel,146738,112956.58872323515,4.303308429469634
jacobi-2d,MINI2,1 other kernel,146738,106564.06266914602,0.05311325686187614
jacobi-2d,MINI2,1 other kernel,146738,106818.75572373607,0.12045668043456656
jacobi-2d,MINI2,3 other kernels,146738,106728.50601327642,0.05895270023879615
jacobi-2d,MINI2,3 other kernels,146738,105815.05584072424,0.56355147219927
jacobi-2d,MINI2,3 other kernels,146738,106678.10920716598,0.02460794556691551
jacobi-2d,MINI2,3 other kernels,146738,106665.56825259134,0.016061451424551263
jacobi-2d,MINI2,3 other kernels,146738,106579.88383408272,0.04233134288138003
jacobi-2d,MINI3,none,164350,0.0,64.89443261332522
jacobi-2d,MINI3,all 26 others,164350,107247.49865660536,0.36111874451193815
jacobi-2d,MINI3,1 other kernel,164350,106723.1027135876,0.04204606850478038
jacobi-2d,MINI3,1 other kernel,164350,106781.18555011286,0.07738700949976231
jacobi-2d,MINI3,1 other kernel,164350,112956.58872323515,3.8348577567600564
jacobi-2d,MINI3,1 other kernel,164350,106564.06266914602,0.05472304889198649
jacobi-2d,MINI3,1 other kernel,164350,106818.75572373607,0.1002468656745204
jacobi-2d,MINI3,3 other kernels,164350,106728.50601327642,0.04533374704983553
jacobi-2d,MINI3,3 other kernels,164350,105815.05584072424,0.5104619162006478
jacobi-2d,MINI3,3 other kernels,164350,106678.10920716598,0.014669429367800718
jacobi-2d,MINI3,3 other kernels,164350,106665.56825259134,0.007038790746186816
jacobi-2d,MINI3,3 other kernels,164350,106579.88383408272,0.04509654147689652
jacobi-2d,SMALL,none,236298,0.0,45.11337379072188
jacobi-2d,SMALL,all 26 others,236298,107247.49865660536,0.2731714430953162
jacobi-2d,SMALL,1 other kernel,236298,106723.1027135876,0.05124999517033854
jacobi-2d,SMALL,1 other kernel,236298,106781.18555011286,0.07583032870056426
jacobi-2d,SMALL,1 other kernel,236298,112956.58872323515,2.68922662199221
jacobi-2d,SMALL,1 other kernel,236298,106564.06266914602,0.0160548675206645
jacobi-2d,SMALL,1 other kernel,236298,106818.75572373607,0.09172981732222629
jacobi-2d,SMALL,3 other kernels,236298,106728.50601327642,0.053536641561250924
jacobi-2d,SMALL,3 other kernels,236298,105815.05584072424,0.3330303935182544
jacobi-2d,SMALL,3 other kernels,236298,106678.10920716598,0.03220899337530596
jacobi-2d,SMALL,3 other kernels,236298,106665.56825259134,0.026901731115522787
jacobi-2d,SMALL,3 other kernels,236298,106579.88383408272,0.009359438470608905
jacobi-2d,SMALL2,none,337103,0.0,31.624458993245387
jacobi-2d,SMALL2,all 26 others,337103,107247.49865660536,0.1900008770629067
jacobi-2d,SMALL2,1 other kernel,337103,106723.1027135876,0.03444131721983413
jacobi-2d,SMALL2,1 other kernel,337103,106781.18555011286,0.051671314142223396
jacobi-2d,SMALL2,1 other kernel,337103,112956.58872323515,1.8835752643065122
jacobi-2d,SMALL2,1 other kernel,337103,106564.06266914602,0.012737154772876215
jacobi-2d,SMALL2,1 other kernel,337103,106818.75572373607,0.06281632727566182
jacobi-2d,SMALL2,3 other kernels,337103,106728.50601327642,0.036044180347372966
jacobi-2d,SMALL2,3 other kernels,337103,105815.05584072424,0.23492646439685666
jacobi-2d,SMALL2,3 other kernels,337103,106678.10920716598,0.02109420775430939
jacobi-2d,SMALL2,3 other kernels,337103,106665.56825259134,0.017373993287321095
jacobi-2d,SMALL2,3 other kernels,337103,106579.88383408272,0.008043881519075868
jacobi-2d,SMALL3,none,515506,0.0,20.52546430109446
jacobi-2d,SMALL3,all 26 others,515506,107247.49865660536,0.2788519739062921
jacobi-2d,SMALL3,1 other kernel,515506,106723.1027135876,0.17712746574968624
jacobi-2d,SMALL3,1 other kernel,515506,106781.18555011286,0.18839461618542933
jacobi-2d,SMALL3,1 other kernel,515506,112956.58872323515,1.386325032731953
jacobi-2d,SMALL3,1 other kernel,515506,106564.06266914602,0.1462762158240624
jacobi-2d,SMALL3,1 other kernel,515506,106818.75572373607,0.19568263487448725
jacobi-2d,SMALL3,3 other kernels,515506,106728.50601327642,0.17817562031797973
jacobi-2d,SMALL3,3 other kernels,515506,105815.05584072424,0.0009807530318297502
jacobi-2d,SMALL3,3 other kernels,515506,106678.10920716598,0.16839943806008262
jacobi-2d,SMALL3,3 other kernels,515506,106665.56825259134,0.16596669148203086
jacobi-2d,SMALL3,3 other kernels,515506,106579.88383408272,0.14934527126410743
lu,MEDIUM,none,2665870,0.0,3.9683105327716657
lu,MEDIUM,all 26 others,2665870,107241.37069397623,0.05444266577050118
lu,MEDIUM,1 other kernel,2665870,106716.99366689014,0.0347726508378157
lu,MEDIUM,1 other kernel,2665870,102266.23262412129,0.13218076559916742
lu,MEDIUM,1 other kernel,2665870,106716.99366689014,0.0347726508378157
lu,MEDIUM,1 other kernel,2665870,106605.31277713126,0.030583365922994377
lu,MEDIUM,1 other kernel,2665870,106564.06266914602,0.02903602460532114
lu,MEDIUM,3 other kernels,2665870,106608.0756806213,0.03068700576627645
lu,MEDIUM,3 other kernels,2665870,106644.26120407193,0.03204436840775464
lu,MEDIUM,3 other kernels,2665870,108379.87911014773,0.0971494900406888
lu,MEDIUM,3 other kernels,2665870,106524.44739235389,0.027550007778090756
lu,MEDIUM,3 other kernels,2665870,106512.03116300592,0.02708426003541394
lu,MINI,none,132309,0.0,80.5908895086502
lu,MINI,all 26 others,132309,107241.37069397623,0.46283374069506544
lu,MINI,1 other kernel,132309,106716.99366689014,0.06650618392561013
lu,MINI,1 other kernel,132309,102266.23262412129,3.2974078678538215
lu,MINI,1 other kernel,132309,106716.99366689014,0.06650618392561013
lu,MINI,1 other kernel,132309,106605.31277713126,0.017902956615746462
lu,MINI,1 other kernel,132309,106564.06266914602,0.04908005566815546
lu,MINI,3 other kernels,132309,106608.0756806213,0.015814736245215677
lu,MINI,3 other kernels,132309,106644.26120407193,0.01153451698064759
lu,MINI,3 other kernels,132309,108379.87911014773,1.323325782938206
lu,MINI,3 other kernels,132309,106524.44739235389,0.07902153870567805
lu,MINI,3 other kernels,132309,106512.03116300592,0.0884058053451277
lu,MINI2,none,164258,0.0,64.88451095228238
lu,MINI2,all 26 others,164258,107241.37069397623,0.40385898645803203
lu,MINI2,1 other kernel,164258,106716.99366689014,0.08461911559262593
lu,MINI2,1 other kernel,164258,102266.23262412129,2.624996880443387
lu,MINI2,1 other kernel,164258,106716.99366689014,0.08461911559262593
lu,MINI2,1 other kernel,164258,106605.31277713126,0.01662797375547737
lu,MINI2,1 other kernel,164258,106564.06266914602,0.00848502408039779
lu,MINI2,3 other kernels,164258,106608.0756806213,0.01831002485195095
lu,MINI2,3 other kernels,164258,106644.26120407193,0.04033971196040681
lu,MINI2,3 other kernels,164258,108379.87911014773,1.096981036021205
lu,MINI2,3 other kernels,164258,106524.44739235389,0.0326027393771357
lu,MINI2,3 other kernels,164258,106512.03116300592,0.04016171936470978
lu,MINI3,none,209094,0.0,50.98855060403454
lu,MINI3,all 26 others,209094,107241.37069397623,0.3000424182311468
lu,MINI3,1 other kernel,209094,106716.99366689014,0.04925711253796641
lu,MINI3,1 other kernel,209094,102266.23262412129,2.0793362678406355
lu,MINI3,1 other kernel,209094,106716.99366689014,0.04925711253796641
lu,MINI3,1 other kernel,209094,106605.31277713126,0.0041546973460395735
lu,MINI3,1 other kernel,209094,106564.06266914602,0.02388271822911217
lu,MINI3,3 other kernels,209094,106608.0756806213,0.002833328253647839
lu,MINI3,3 other kernels,209094,106644.26120407193,0.014472535831695324
lu,MINI3,3 other kernels,209094,108379.87911014773,0.8445383942856854
lu,MINI3,3 other kernels,209094,106524.44739235389,0.04282887488215614
lu,MINI3,3 other kernels,209094,106512.03116300592,0.04876698374610701
lu,SMALL,none,337078,0.0,31.62413447332665
lu,SMALL,all 26 others,337078,107241.37069397623,0.19086700822249872
lu,SMALL,1 other kernel,337078,106716.99366689014,0.03530152276035087
lu,SMALL,1 other kernel,337078,102266.23262412129,1.2850934726913945
lu,SMALL,1 other kernel,337078,106716.99366689014,0.03530152276035087
lu,SMALL,1 other kernel,337078,106605.31277713126,0.0021694614099027564
lu,SMALL,1 other kernel,337078,106564.06266914602,0.010068094285004926
lu,SMALL,3 other kernels,337078,106608.0756806213,0.002989124363297987
lu,SMALL,3 other kernels,337078,106644.26120407193,0.013724183741426322
lu,SMALL,3 other kernels,337078,108379.87911014773,0.5286251580191264
lu,SMALL,3 other kernels,337078,106524.44739235389,0.021820649121596654
lu,SMALL,3 other kernels,337078,106512.03116300592,0.025504137616244604
lu,SMALL2,none,624302,0.0,16.950450262853558
lu,SMALL2,all 26 others,624302,107241.37069397623,0.2273532191113103
lu,SMALL2,1 other kernel,624302,106716.99366689014,0.14335909013427434
lu,SMALL2,1 other kernel,624302,102266.23262412129,0.5695588634793348
lu,SMALL2,1 other kernel,624302,106716.99366689014,0.14335909013427434
lu,SMALL2,1 other kernel,624302,106605.31277713126,0.1254701694262094
lu,SMALL2,1 other kernel,624302,106564.06266914602,0.1188627730082542
lu,SMALL2,3 other kernels,624302,106608.0756806213,0.12591272823430288
lu,SMALL2,3 other kernels,624302,106644.26120407193,0.13170888513442613
lu,SMALL2,3 other kernels,624302,108379.87911014773,0.40971823094395193
lu,SMALL2,3 other kernels,624302,106524.44739235389,0.11251724203252664
lu,SMALL2,3 other kernels,624302,106512.03116300592,0.1105284242251117
lu,SMALL3,none,1027450,0.0,10.294418219864713
lu,SMALL3,all 26 others,1027450,107241.37069397623,0.14320606296912672
lu,SMALL3,1 other kernel,1027450,106716.99366689014,0.09216931888559807
lu,SMALL3,1 other kernel,1027450,102266.23262412129,0.34101585243844046
lu,SMALL3,1 other kernel,1027450,106716.99366689014,0.09216931888559807
lu,SMALL3,1 other kernel,1027450,106605.31277713126,0.08129960359445362
lu,SMALL3,1 other kernel,1027450,106564.06266914602,0.07728479917718536
lu,SMALL3,3 other kernels,1027450,106608.0756806213,0.08156851239683854
lu,SMALL3,3 other kernels,1027450,106644.26120407193,0.08509038922302059
lu,SMALL3,3 other kernels,1027450,108379.87911014773,0.2540151939410882
lu,SMALL3,3 other kernels,1027450,106524.44739235389,0.07342911016145841
lu,SMALL3,3 other kernels,1027450,106512.03116300592,0.07222065920539751
ludcmp,MEDIUM,none,2676505,0.0,3.9888212426279797
ludcmp,MEDIUM,all 26 others,2676505,107235.83692347922,0.017740931680647058
ludcmp,MEDIUM,1 other kernel,2676505,106622.35407899856,0.005180110666754249
ludcmp,MEDIUM,1 other kernel,2676505,105545.05679143949,0.04543026105164562
ludcmp,MEDIUM,1 other kernel,2676505,106631.6649555473,0.004832236235423455
ludcmp,MEDIUM,1 other kernel,2676505,106605.31277713126,0.005816810462475123
ludcmp,MEDIUM,1 other kernel,2676505,112824.07292091346,0.22652948232539608
ludcmp,MEDIUM,3 other kernels,2676505,106711.0228954474,0.001867252426300561
ludcmp,MEDIUM,3 other kernels,2676505,106725.64753644564,0.001320844293382263
ludcmp,MEDIUM,3 other kernels,2676505,106534.66949993912,0.0084561956753562
ludcmp,MEDIUM,3 other kernels,2676505,106798.32184542132,0.0013944246478561368
ludcmp,MEDIUM,3 other kernels,2676505,106784.02332936676,0.0008602012462868491
ludcmp,MINI,none,133483,0.0,79.99445622288981
ludcmp,MINI,all 26 others,133483,107235.83692347922,0.34224352425343973
ludcmp,MINI,1 other kernel,133483,106622.35407899856,0.11735271233149064
ludcmp,MINI,1 other kernel,133483,105545.05679143949,0.9244197452563415
ludcmp,MINI,1 other kernel,133483,106631.6649555473,0.1103773847251618
ludcmp,MINI,1 other kernel,133483,106605.31277713126,0.13011935817199793
ludcmp,MINI,1 other kernel,133483,112824.07292091346,4.528721201136817
ludcmp,MINI,3 other kernels,133483,106711.0228954474,0.05092566435622067
ludcmp,MINI,3 other kernels,133483,106725.64753644564,0.03996948192231079
ludcmp,MINI,3 other kernels,133483,106534.66949993912,0.1830424099404921
ludcmp,MINI,3 other kernels,133483,106798.32184542132,0.014475135726148445
ludcmp,MINI,3 other kernels,133483,106784.02332936676,0.0037632727514029553
ludcmp,MINI2,none,165976,0.0,64.3418325541042
ludcmp,MINI2,all 26 others,165976,107235.83692347922,0.26741030238059654
ludcmp,MINI2,1 other kernel,165976,106622.35407899856,0.1022111154633463
ludcmp,MINI2,1 other kernel,165976,105545.05679143949,0.7512792262498929
ludcmp,MINI2,1 other kernel,165976,106631.6649555473,0.09660134263549412
ludcmp,MINI2,1 other kernel,165976,106605.31277713126,0.11247844439480888
ludcmp,MINI2,1 other kernel,165976,112824.07292091346,3.6343043096070873
ludcmp,MINI2,3 other kernels,165976,106711.0228954474,0.04878844203536297
ludcmp,MINI2,3 other kernels,165976,106725.64753644564,0.03997714341492632
ludcmp,MINI2,3 other kernels,165976,106534.66949993912,0.15504078906641144
ludcmp,MINI2,3 other kernels,165976,106798.32184542132,0.003808891298341163
ludcmp,MINI2,3 other kernels,165976,106784.02332936676,0.004805918104572224
ludcmp,MINI3,none,211264,0.0,50.55286276885792
ludcmp,MINI3,all 26 others,211264,107235.83692347922,0.20629966462777327
ludcmp,MINI3,1 other kernel,211264,106622.35407899856,0.08408717102840221
ludcmp,MINI3,1 other kernel,211264,105545.05679143949,0.5940165899351154
ludcmp,MINI3,1 other kernel,211264,106631.6649555473,0.07967994757871087
ludcmp,MINI3,1 other kernel,211264,106605.31277713126,0.0921535249113564
ludcmp,MINI3,1 other kernel,211264,112824.07292091346,2.8514431805293183
ludcmp,MINI3,3 other kernels,211264,106711.0228954474,0.042116548277327914
ludcmp,MINI3,3 other kernels,211264,106725.64753644564,0.03519410006170389
ludcmp,MINI3,3 other kernels,211264,106534.66949993912,0.12559191346413354
ludcmp,MINI3,3 other kernels,211264,106798.32184542132,0.0007943400573052064
ludcmp,MINI3,3 other kernels,211264,106784.02332936676,0.007562419831700997
ludcmp,SMALL,none,340220,0.0,31.390276879666096
ludcmp,SMALL,all 26 others,340220,107235.83692347922,0.12928014916207717
ludcmp,SMALL,1 other kernel,340220,106622.35407899856,0.05103930427412958
ludcmp,SMALL,1 other kernel,340220,105545.05679143949,0.3676865582742115
ludcmp,SMALL,1 other kernel,340220,106631.6649555473,0.0483025819918546
ludcmp,SMALL,1 other kernel,340220,106605.31277713126,0.056048210824974416
ludcmp,SMALL,1 other kernel,340220,112824.07292091346,1.771816154521621
ludcmp,SMALL,3 other kernels,340220,106711.0228954474,0.024977104389105293
ludcmp,SMALL,3 other kernels,340220,106725.64753644564,0.020678520826041418
ludcmp,SMALL,3 other kernels,340220,106534.66949993912,0.07681220976452503
ludcmp,SMALL,3 other kernels,340220,106798.32184542132,0.000682454124194559
ludcmp,SMALL,3 other kernels,340220,106784.02332936676,0.0035202723629547926
ludcmp,SMALL2,none,629661,0.0,16.961031412140816
ludcmp,SMALL2,all 26 others,629661,107235.83692347922,0.06969415661430817
ludcmp,SMALL2,1 other kernel,629661,106622.35407899856,0.027736499640511898
ludcmp,SMALL2,1 other kernel,629661,105545.05679143949,0.1988281326873451
ludcmp,SMALL2,1 other kernel,629661,106631.6649555473,0.02625778703980201
ludcmp,SMALL2,1 other kernel,629661,106605.31277713126,0.030442924505215695
ludcmp,SMALL2,1 other kernel,629661,112824.07292091346,0.9571933025728858
ludcmp,SMALL2,3 other kernels,629661,106711.0228954474,0.013654506877916184
ludcmp,SMALL2,3 other kernels,629661,106725.64753644564,0.011331885499396994
ludcmp,SMALL2,3 other kernels,629661,106534.66949993912,0.041662180135171985
ludcmp,SMALL2,3 other kernels,629661,106798.32184542132,0.0002099296957147939
ludcmp,SMALL2,3 other kernels,629661,106784.02332936676,0.0020608979487856164
ludcmp,SMALL3,none,1034285,0.0,10.324136964182987
ludcmp,SMALL3,all 26 others,1034285,107235.83692347922,0.043975976010405156
ludcmp,SMALL3,1 other kernel,1034285,106622.35407899856,0.01533870461250464
ludcmp,SMALL3,1 other kernel,1034285,105545.05679143949,0.11949735407169823
ludcmp,SMALL3,1 other kernel,1034285,106631.6649555473,0.014438481120067266
ludcmp,SMALL3,1 other kernel,1034285,106605.31277713126,0.016986345433684737
ludcmp,SMALL3,1 other kernel,1034285,112824.07292091346,0.5842754096707831
ludcmp,SMALL3,3 other kernels,1034285,106711.0228954474,0.00676574682534851
ludcmp,SMALL3,3 other kernels,1034285,106725.64753644564,0.005351761221941545
ludcmp,SMALL3,3 other kernels,1034285,106534.66949993912,0.023816501260380384
ludcmp,SMALL3,3 other kernels,1034285,106798.32184542132,0.0016747652166796123
ludcmp,SMALL3,3 other kernels,1034285,106784.02332936676,0.0002923110522435304
mvt,MEDIUM,none,1399693,0.0,7.628029860833768
mvt,MEDIUM,all 26 others,1399693,107242.17700460883,0.03380577059460834
mvt,MEDIUM,1 other kernel,1399693,106655.44465647107,0.008112875003945627
mvt,MEDIUM,1 other kernel,1399693,106787.95784962596,0.0013544291230979733
mvt,MEDIUM,1 other kernel,1399693,106561.57838884159,0.01481907898077722
mvt,MEDIUM,1 other kernel,1399693,106631.6649555473,0.00981179761938423
mvt,MEDIUM,1 other kernel,1399693,106631.6649555473,0.00981179761938423
mvt,MEDIUM,3 other kernels,1399693,108499.62731633401,0.12364335010134736
mvt,MEDIUM,3 other kernels,1399693,108525.2958439233,0.1254772184988588
mvt,MEDIUM,3 other kernels,1399693,106626.20821541811,0.01020165026059008
mvt,MEDIUM,3 other kernels,1399693,108292.63314847785,0.10885480948164195
mvt,MEDIUM,3 other kernels,1399693,106617.63906587096,0.010813866621393749
mvt,MINI,none,120975,0.0,88.2587311427981
mvt,MINI,all 26 others,120975,107242.17700460883,0.3894829548326803
mvt,MINI,1 other kernel,120975,106655.44465647107,0.09552001944941765
mvt,MINI,1 other kernel,120975,106787.95784962596,0.01401764796525209
mvt,MINI,1 other kernel,120975,106561.57838884159,0.17311147853557354
mvt,MINI,1 other kernel,120975,106631.6649555473,0.11517672614399857
mvt,MINI,1 other kernel,120975,106631.6649555473,0.11517672614399857
mvt,MINI,3 other kernels,120975,108499.62731633401,1.4289128467319763
mvt,MINI,3 other kernels,120975,108525.2958439233,1.4501308897898775
mvt,MINI,3 other kernels,120975,106626.20821541811,0.11968736067938694
mvt,MINI,3 other kernels,120975,108292.63314847785,1.2578079342656328
mvt,MINI,3 other kernels,120975,106617.63906587096,0.12677076596738418
mvt,MINI2,none,137592,0.0,77.58299901157044
mvt,MINI2,all 26 others,137592,107242.17700460883,0.35916114643936387
mvt,MINI2,1 other kernel,137592,106655.44465647107,0.06726796872559339
mvt,MINI2,1 other kernel,137592,106787.95784962596,0.029040823322550525
mvt,MINI2,1 other kernel,137592,106561.57838884159,0.13548869931275806
mvt,MINI2,1 other kernel,137592,106631.6649555473,0.0845507329297399
mvt,MINI2,1 other kernel,137592,106631.6649555473,0.0845507329297399
mvt,MINI2,3 other kernels,137592,108499.62731633401,1.2730589833231538
mvt,MINI2,3 other kernels,137592,108525.2958439233,1.2917145211373406
mvt,MINI2,3 other kernels,137592,106626.20821541811,0.08851661766810781
mvt,MINI2,3 other kernels,137592,108292.63314847785,1.1226184287442942
mvt,MINI2,3 other kernels,137592,106617.63906587096,0.09474455937048885
mvt,MINI3,none,160680,0.0,66.46502364948968
mvt,MINI3,all 26 others,160680,107242.17700460883,0.2776804858158137
mvt,MINI3,1 other kernel,160680,106655.44465647107,0.08747531959728556
mvt,MINI3,1 other kernel,160680,106787.95784962596,0.005005072425962337
mvt,MINI3,1 other kernel,160680,106561.57838884159,0.14589345976998386
mvt,MINI3,1 other kernel,160680,106631.6649555473,0.10227473515850617
mvt,MINI3,1 other kernel,160680,106631.6649555473,0.10227473515850617
mvt,MINI3,3 other kernels,160680,108499.62731633401,1.0602609636133893
mvt,MINI3,3 other kernels,160680,108525.2958439233,1.0762358998775765
mvt,MINI3,3 other kernels,160680,106626.20821541811,0.10567076461407948
mvt,MINI3,3 other kernels,160680,108292.63314847785,0.9314371100808124
mvt,MINI3,3 other kernels,160680,106617.63906587096,0.11100381760582713
mvt,SMALL,none,225960,0.0,47.26323243051868
mvt,SMALL,all 26 others,225960,107242.17700460883,0.19745840175643897
mvt,SMALL,1 other kernel,225960,106655.44465647107,0.06220363937374688
mvt,SMALL,1 other kernel,225960,106787.95784962596,0.0035591035466614814
mvt,SMALL,1 other kernel,225960,106561.57838884159,0.10374473851938844
mvt,SMALL,1 other kernel,225960,106631.6649555473,0.07272749356199669
mvt,SMALL,1 other kernel,225960,106631.6649555473,0.07272749356199669
mvt,SMALL,3 other kernels,225960,108499.62731633401,0.753950839234375
mvt,SMALL,3 other kernels,225960,108525.2958439233,0.7653106053829394
mvt,SMALL,3 other kernels,225960,106626.20821541811,0.07514240776327798
mvt,SMALL,3 other kernels,225960,108292.63314847785,0.6623442859257609
mvt,SMALL,3 other kernels,225960,106617.63906587096,0.07893473806383564
mvt,SMALL2,none,371889,0.0,28.71959106077351
mvt,SMALL2,all 26 others,371889,107242.17700460883,0.11755577729076405
mvt,SMALL2,1 other kernel,371889,106655.44465647107,0.04021504898744476
mvt,SMALL2,1 other kernel,371889,106787.95784962596,0.004582590604733209
mvt,SMALL2,1 other kernel,371889,106561.57838884159,0.06545544803917569
mvt,SMALL2,1 other kernel,371889,106631.6649555473,0.04660934968570937
mvt,SMALL2,1 other kernel,371889,106631.6649555473,0.04660934968570937
mvt,SMALL2,3 other kernels,371889,108499.62731633401,0.4556809468239162
mvt,SMALL2,3 other kernels,371889,108525.2958439233,0.46258314817681884
mvt,SMALL2,3 other kernels,371889,106626.20821541811,0.04807665313625918
mvt,SMALL2,3 other kernels,371889,108292.63314847785,0.4000207450281881
mvt,SMALL2,3 other kernels,371889,106617.63906587096,0.05038087551098393
mvt,SMALL3,none,575409,0.0,18.56157967636933
mvt,SMALL3,all 26 others,575409,107242.17700460883,0.0759767408241427
mvt,SMALL3,1 other kernel,575409,106655.44465647107,0.025991137352557342
mvt,SMALL3,1 other kernel,575409,106787.95784962596,0.002961745536485575
mvt,SMALL3,1 other kernel,575409,106561.57838884159,0.04230410215314847
mvt,SMALL3,1 other kernel,575409,106631.6649555473,0.03012379793376324
mvt,SMALL3,1 other kernel,575409,106631.6649555473,0.03012379793376324
mvt,SMALL3,3 other kernels,575409,108499.62731633401,0.29450830910431575
mvt,SMALL3,3 other kernels,575409,108525.2958439233,0.2989692277881208
mvt,SMALL3,3 other kernels,575409,106626.20821541811,0.031072121670297943
mvt,SMALL3,3 other kernels,575409,108292.63314847785,0.2585349114243744
mvt,SMALL3,3 other kernels,575409,106617.63906587096,0.03256134925400625
nussinov,MEDIUM,none,1107247,0.0,9.633532536100798
nussinov,MEDIUM,all 26 others,1107247,107248.47828349269,0.05251567929220991
nussinov,MEDIUM,1 other kernel,1107247,106560.20540915847,0.009645055786244002
nussinov,MEDIUM,1 other kernel,1107247,106561.57838884159,0.009521056382036718
nussinov,MEDIUM,1 other kernel,1107247,106614.78333009129,0.004715900779927579
nussinov,MEDIUM,1 other kernel,1107247,106560.20540915847,0.009645055786244002
nussinov,MEDIUM,1 other kernel,1107247,106969.68962889828,0.027337136962047866
nussinov,MEDIUM,3 other kernels,1107247,106716.79048959802,0.004496782524400115
nussinov,MEDIUM,3 other kernels,1107247,106544.51566794756,0.011062060412222848
nussinov,MEDIUM,3 other kernels,1107247,106673.55554196371,0.000592057776068227
nussinov,MEDIUM,3 other kernels,1107247,106735.54276818558,0.006190377412220814
nussinov,MEDIUM,3 other kernels,1107247,106721.81407025729,0.0049504826165578455
nussinov,MINI,none,121133,0.0,87.99666482296318
nussinov,MINI,all 26 others,121133,107248.47828349269,0.5411228017903364
nussinov,MINI,1 other kernel,121133,106560.20540915847,0.027073209481749547
nussinov,MINI,1 other kernel,121133,106561.57838884159,0.025939761384932338
nussinov,MINI,1 other kernel,121133,106614.78333009129,0.017982985719242343
nussinov,MINI,1 other kernel,121133,106560.20540915847,0.027073209481749547
nussinov,MINI,1 other kernel,121133,106969.68962889828,0.3109719307688925
nussinov,MINI,3 other kernels,121133,106716.79048959802,0.10219386096110662
nussinov,MINI,3 other kernels,121133,106544.51566794756,0.040025700719405796
nussinov,MINI,3 other kernels,121133,106673.55554196371,0.06650173112505213
nussinov,MINI,3 other kernels,121133,106735.54276818558,0.1176745958455416
nussinov,MINI,3 other kernels,121133,106721.81407025729,0.1063410220644131
nussinov,MINI2,none,139172,0.0,76.59730405541345
nussinov,MINI2,all 26 others,139172,107248.47828349269,0.46451749165972583
nussinov,MINI2,1 other kernel,139172,106560.20540915847,0.03003089043881896
nussinov,MINI2,1 other kernel,139172,106561.57838884159,0.02904435601874665
nussinov,MINI2,1 other kernel,139172,106614.78333009129,0.009185274402376393
nussinov,MINI2,1 other kernel,139172,106560.20540915847,0.03003089043881896
nussinov,MINI2,1 other kernel,139172,106969.68962889828,0.2641979916206439
nussinov,MINI2,3 other kernels,139172,106716.79048959802,0.08248102319288561
nussinov,MINI2,3 other kernels,139172,106544.51566794756,0.04130452393616375
nussinov,MINI2,3 other kernels,139172,106673.55554196371,0.051415185499758535
nussinov,MINI2,3 other kernels,139172,106735.54276818558,0.0959551980179777
nussinov,MINI2,3 other kernels,139172,106721.81407025729,0.08609064341771336
nussinov,MINI3,none,164434,0.0,64.84911879538295
nussinov,MINI3,all 26 others,164434,107248.47828349269,0.37369296100117594
nussinov,MINI3,1 other kernel,164434,106560.20540915847,0.04487793938085379
nussinov,MINI3,1 other kernel,164434,106561.57838884159,0.04404296627121525
nussinov,MINI3,1 other kernel,164434,106614.78333009129,0.01168655503650384
nussinov,MINI3,1 other kernel,164434,106560.20540915847,0.04487793938085379
nussinov,MINI3,1 other kernel,164434,106969.68962889828,0.2041485513326213
nussinov,MINI3,3 other kernels,164434,106716.79048959802,0.05034876582580412
nussinov,MINI3,3 other kernels,164434,106544.51566794756,0.05441960424999563
nussinov,MINI3,3 other kernels,164434,106673.55554196371,0.024055573642752685
nussinov,MINI3,3 other kernels,164434,106735.54276818558,0.0617529027972195
nussinov,MINI3,3 other kernels,164434,106721.81407025729,0.05340383999495241
nussinov,SMALL,none,236446,0.0,45.07836884531775
nussinov,SMALL,all 26 others,236446,107248.47828349269,0.28018164125959993
nussinov,SMALL,1 other kernel,236446,106560.20540915847,0.010909294655656312
nussinov,SMALL,1 other kernel,236446,106561.57838884159,0.010328620978324897
nussinov,SMALL,1 other kernel,236446,106614.78333009129,0.012173320796831106
nussinov,SMALL,1 other kernel,236446,106560.20540915847,0.010909294655656312
nussinov,SMALL,1 other kernel,236446,106969.68962889828,0.16227368147411356
nussinov,SMALL,3 other kernels,236446,106716.79048959802,0.05531516270015257
nussinov,SMALL,3 other kernels,236446,106544.51566794756,0.01754494982044011
nussinov,SMALL,3 other kernels,236446,106673.55554196371,0.03702982582226976
nussinov,SMALL,3 other kernels,236446,106735.54276818558,0.06324605541458934
nussinov,SMALL,3 other kernels,236446,106721.81407025729,0.057439783399719196
nussinov,SMALL2,none,337355,0.0,31.609135776852277
nussinov,SMALL2,all 26 others,337355,107248.47828349269,0.18184947117803907
nussinov,SMALL2,1 other kernel,337355,106560.20540915847,0.02217088551867117
nussinov,SMALL2,1 other kernel,337355,106561.57838884159,0.02176390187144405
nussinov,SMALL2,1 other kernel,337355,106614.78333009129,0.005992699058476894
nussinov,SMALL2,1 other kernel,337355,106560.20540915847,0.02217088551867117
nussinov,SMALL2,1 other kernel,337355,106969.68962889828,0.09920992097294616
nussinov,SMALL2,3 other kernels,337355,106716.79048959802,0.024244635353856545
nussinov,SMALL2,3 other kernels,337355,106544.51566794756,0.026821695855229276
nussinov,SMALL2,3 other kernels,337355,106673.55554196371,0.01142877442567146
nussinov,SMALL2,3 other kernels,337355,106735.54276818558,0.0298032541938341
nussinov,SMALL2,3 other kernels,337355,106721.81407025729,0.025733743462317157
nussinov,SMALL3,none,516667,0.0,20.645212486959686
nussinov,SMALL3,all 26 others,516667,107248.47828349269,0.11254411129270375
nussinov,SMALL3,1 other kernel,516667,106560.20540915847,0.020669907472610625
nussinov,SMALL3,1 other kernel,516667,106561.57838884159,0.02040416964087315
nussinov,SMALL3,1 other kernel,516667,106614.78333009129,0.010106445720110772
nussinov,SMALL3,1 other kernel,516667,106560.20540915847,0.020669907472610625
nussinov,SMALL3,1 other kernel,516667,106969.68962889828,0.05858505166737619
nussinov,SMALL3,3 other kernels,516667,106716.79048959802,0.009636862737121348
nussinov,SMALL3,3 other kernels,516667,106544.51566794756,0.023706629618769678
nussinov,SMALL3,3 other kernels,516667,106673.55554196371,0.0012688137550344717
nussinov,SMALL3,3 other kernels,516667,106735.54276818558,0.013266333670547765
nussinov,SMALL3,3 other kernels,516667,106721.81407025729,0.010609168043885142
seidel-2d,MEDIUM,none,1385874,0.0,7.633738709291032
seidel-2d,MEDIUM,all 26 others,1385874,107255.3655218701,0.10544721395091385
seidel-2d,MEDIUM,1 other kernel,1385874,105545.05679143949,0.017962903450139074
seidel-2d,MEDIUM,1 other kernel,1385874,106655.44465647107,0.06215894493085398
seidel-2d,MEDIUM,1 other kernel,1385874,106655.97799233136,0.06219742865017861
seidel-2d,MEDIUM,1 other kernel,1385874,106787.95784962596,0.07172065062379146
seidel-2d,MEDIUM,1 other kernel,1385874,112824.07292091346,0.507266383589947
seidel-2d,MEDIUM,3 other kernels,1385874,108409.15520818194,0.18870079157138783
seidel-2d,MEDIUM,3 other kernels,1385874,108485.33146263525,0.19419741351920833
seidel-2d,MEDIUM,3 other kernels,1385874,106589.19673487969,0.05737871804216196
seidel-2d,MEDIUM,3 other kernels,1385874,106666.63723206401,0.0629665634873038
seidel-2d,MEDIUM,3 other kernels,1385874,108166.06882931013,0.17116049722486507
seidel-2d,MINI,none,119373,0.0,89.21029043418528
seidel-2d,MINI,all 26 others,119373,107255.3655218701,0.6386415034137555
seidel-2d,MINI,1 other kernel,119373,105545.05679143949,0.7941018559980126
seidel-2d,MINI,1 other kernel,119373,106655.44465647107,0.13608157327960846
seidel-2d,MINI,1 other kernel,119373,106655.97799233136,0.13652835426047913
seidel-2d,MINI,1 other kernel,119373,106787.95784962596,0.24708924934948748
seidel-2d,MINI,1 other kernel,119373,112824.07292091346,5.303605439180936
seidel-2d,MINI,3 other kernels,119373,108409.15520818194,1.6051830884554623
seidel-2d,MINI,3 other kernels,119373,108485.33146263525,1.6689967267600307
seidel-2d,MINI,3 other kernels,119373,106589.19673487969,0.08058500237046046
seidel-2d,MINI,3 other kernels,119373,106666.63723206401,0.14545770992101026
seidel-2d,MINI,3 other kernels,119373,108166.06882931013,1.401547108064744
seidel-2d,MINI2,none,119390,0.0,89.211826786163
seidel-2d,MINI2,all 26 others,119390,107255.3655218701,0.6243115184438416
seidel-2d,MINI2,1 other kernel,119390,105545.05679143949,0.8082278319461492
seidel-2d,MINI2,1 other kernel,119390,106655.44465647107,0.12182314806187035
seidel-2d,MINI2,1 other kernel,119390,106655.97799233136,0.12226986542538047
seidel-2d,MINI2,1 other kernel,119390,106787.95784962596,0.23281501769491894
seidel-2d,MINI2,1 other kernel,119390,112824.07292091346,5.2886112077338625
seidel-2d,MINI2,3 other kernels,119390,108409.15520818194,1.5907154771605152
seidel-2d,MINI2,3 other kernels,119390,108485.33146263525,1.6545200290101778
seidel-2d,MINI2,3 other kernels,119390,106589.19673487969,0.066334479336368
seidel-2d,MINI2,3 other kernels,119390,106666.63723206401,0.13119794963062864
seidel-2d,MINI2,3 other kernels,119390,108166.06882931013,1.3871084925958008
seidel-2d,MINI3,none,186670,0.0,57.10076605774896
seidel-2d,MINI3,all 26 others,186670,107255.3655218701,0.3564394502973632
seidel-2d,MINI3,1 other kernel,186670,105545.05679143949,0.5597810084965565
seidel-2d,MINI3,1 other kernel,186670,106655.44465647107,0.0350590113414483
seidel-2d,MINI3,1 other kernel,186670,106655.97799233136,0.03534472187891804
seidel-2d,MINI3,1 other kernel,186670,106787.95784962596,0.1060469543182963
seidel-2d,MINI3,1 other kernel,186670,112824.07292091346,3.339622285805678
seidel-2d,MINI3,3 other kernels,186670,108409.15520818194,0.9745300306326347
seidel-2d,MINI3,3 other kernels,186670,108485.33146263525,1.0153380096615692
seidel-2d,MINI3,3 other kernels,186670,106589.19673487969,0.0004303129160069873
seidel-2d,MINI3,3 other kernels,186670,106666.63723206401,0.041054926910594924
seidel-2d,MINI3,3 other kernels,186670,108166.06882931013,0.8443075102105999
seidel-2d,SMALL,none,221854,0.0,48.037898798308795
seidel-2d,SMALL,all 26 others,221854,107255.3655218701,0.30712338829594593
seidel-2d,SMALL,1 other kernel,221854,105545.05679143949,0.4637929487683441
seidel-2d,SMALL,1 other kernel,221854,106655.44465647107,0.03671092541540001
seidel-2d,SMALL,1 other kernel,221854,106655.97799233136,0.03695132489446947
seidel-2d,SMALL,1 other kernel,221854,106787.95784962596,0.09644083479493888
seidel-2d,SMALL,1 other kernel,221854,112824.07292091346,2.8172009163294143
seidel-2d,SMALL,3 other kernels,221854,108409.15520818194,0.827190498337618
seidel-2d,SMALL,3 other kernels,221854,108485.33146263525,0.8615267079409211
seidel-2d,SMALL,3 other kernels,221854,106589.19673487969,0.006849880948592208
seidel-2d,SMALL,3 other kernels,221854,106666.63723206401,0.041755944028057886
seidel-2d,SMALL,3 other kernels,221854,108166.06882931013,0.7176200696449587
seidel-2d,SMALL2,none,365042,0.0,28.972556582530228
seidel-2d,SMALL2,all 26 others,365042,107255.3655218701,0.40909416501939166
seidel-2d,SMALL2,1 other kernel,365042,105545.05679143949,0.0594296570149523
seidel-2d,SMALL2,1 other kernel,365042,106655.44465647107,0.24475119478610174
seidel-2d,SMALL2,1 other kernel,365042,106655.97799233136,0.2448972973880749
seidel-2d,SMALL2,1 other kernel,365042,106787.95784962596,0.28105200213289533
seidel-2d,SMALL2,1 other kernel,365042,112824.07292091346,1.9345918883069506
seidel-2d,SMALL2,3 other kernels,365042,108409.15520818194,0.7251645586485772
seidel-2d,SMALL2,3 other kernels,365042,108485.33146263525,0.7460323641211837
seidel-2d,SMALL2,3 other kernels,365042,106589.19673487969,0.22660316754775883
seidel-2d,SMALL2,3 other kernels,365042,106666.63723206401,0.24781730104043828
seidel-2d,SMALL2,3 other kernels,365042,108166.06882931013,0.6585732133042572
seidel-2d,SMALL3,none,566626,0.0,18.662398125041914
seidel-2d,SMALL3,all 26 others,566626,107255.3655218701,0.26637773802650916
seidel-2d,SMALL3,1 other kernel,566626,105545.05679143949,0.035463111216298575
seidel-2d,SMALL3,1 other kernel,566626,106655.44465647107,0.16050175185590201
seidel-2d,SMALL3,1 other kernel,566626,106655.97799233136,0.1605958767037475
seidel-2d,SMALL3,1 other kernel,566626,106787.95784962596,0.1838881113160998
seidel-2d,SMALL3,1 other kernel,566626,112824.07292091346,1.2491613376218984
seidel-2d,SMALL3,3 other kernels,566626,108409.15520818194,0.47000229572627084
seidel-2d,SMALL3,3 other kernels,566626,108485.33146263525,0.4834461289519353
seidel-2d,SMALL3,3 other kernels,566626,106589.19673487969,0.14881010311557033
seidel-2d,SMALL3,3 other kernels,566626,106666.63723206401,0.1624770540116473
seidel-2d,SMALL3,3 other kernels,566626,108166.06882931013,0.42710162070044905
symm,MEDIUM,none,1193979,0.0,8.862718691032255
symm,MEDIUM,all 26 others,1193979,107249.27164197665,0.11979035158714398
symm,MEDIUM,1 other kernel,1193979,106614.78333009129,0.0666496923389168
symm,MEDIUM,1 other kernel,1193979,106678.16240285254,0.07195791574662858
symm,MEDIUM,1 other kernel,1193979,106706.24769373452,0.07431015903416026
symm,MEDIUM,1 other kernel,1193979,112824.07292091346,0.5866998432060649
symm,MEDIUM,1 other kernel,1193979,106631.6649555473,0.06806358868517053
symm,MEDIUM,3 other kernels,1193979,106802.39508679765,0.0823628461470137
symm,MEDIUM,3 other kernels,1193979,108131.12428176477,0.19364865560991684
symm,MEDIUM,3 other kernels,1193979,108212.81845253348,0.20049083380307087
symm,MEDIUM,3 other kernels,1193979,106587.29875959466,0.06434776152633838
symm,MEDIUM,3 other kernels,1193979,106637.3822900773,0.06854243584496844
symm,MINI,none,119602,0.0,89.16406080165883
symm,MINI,all 26 others,119602,107249.27164197665,0.5077437183129472
symm,MINI,1 other kernel,119602,106614.78333009129,0.022756032431489586
symm,MINI,1 other kernel,119602,106678.16240285254,0.030235617174077568
symm,MINI,1 other kernel,119602,106706.24769373452,0.05371790917753883
symm,MINI,1 other kernel,119602,112824.07292091346,5.1688708557661736
symm,MINI,1 other kernel,119602,106631.6649555473,0.008641197014015048
symm,MINI,3 other kernels,119602,106802.39508679765,0.13410736174784096
symm,MINI,3 other kernels,119602,108131.12428176477,1.2450663716031274
symm,MINI,3 other kernels,119602,108212.81845253348,1.3133713922287922
symm,MINI,3 other kernels,119602,106587.29875959466,0.04573605826435884
symm,MINI,3 other kernels,119602,106637.3822900773,0.00386089691034107
symm,MINI2,none,135599,0.0,78.6429103459465
symm,MINI2,all 26 others,135599,107249.27164197665,0.4500561523142986
symm,MINI2,1 other kernel,135599,106614.78333009129,0.017859032816410686
symm,MINI2,1 other kernel,135599,106678.16240285254,0.02888104104938444
symm,MINI2,1 other kernel,135599,106706.24769373452,0.04959306022502714
symm,MINI2,1 other kernel,135599,112824.07292091346,4.5612968538952785
symm,MINI2,1 other kernel,135599,106631.6649555473,0.0054093647096864475
symm,MINI2,3 other kernels,135599,106802.39508679765,0.12049874025446557
symm,MINI2,3 other kernels,135599,108131.12428176477,1.1003947534751637
symm,MINI2,3 other kernels,135599,108212.81845253348,1.1606416363936902
symm,MINI2,3 other kernels,135599,106587.29875959466,0.03812803959123881
symm,MINI2,3 other kernels,135599,106637.3822900773,0.0011930102159460453
symm,MINI3,none,151603,0.0,70.3435947837444
symm,MINI3,all 26 others,151603,107249.27164197665,0.39990741738400015
symm,MINI3,1 other kernel,151603,106614.78333009129,0.018612210779948107
symm,MINI3,1 other kernel,151603,106678.16240285254,0.023193738153304885
symm,MINI3,1 other kernel,151603,106706.24769373452,0.041719289021018416
symm,MINI3,1 other kernel,151603,112824.07292091346,4.077144199595957
symm,MINI3,1 other kernel,151603,106631.6649555473,0.00747679429344256
symm,MINI3,3 other kernels,151603,106802.39508679765,0.1051397972320157
symm,MINI3,3 other kernels,151603,108131.12428176477,0.9815928984022658
symm,MINI3,3 other kernels,151603,108212.81845253348,1.03547980747972
symm,MINI3,3 other kernels,151603,106587.29875959466,0.03674151593657376
symm,MINI3,3 other kernels,151603,106637.3822900773,0.003705540076859085
symm,SMALL,none,212407,0.0,50.20879726186048
symm,SMALL,all 26 others,212407,107249.27164197665,0.28354604225692454
symm,SMALL,1 other kernel,212407,106614.78333009129,0.015167423817823671
symm,SMALL,1 other kernel,212407,106678.16240285254,0.014671080921323123
symm,SMALL,1 other kernel,212407,106706.24769373452,0.0278934751371351
symm,SMALL,1 other kernel,212407,112824.07292091346,2.908130579930727
symm,SMALL,1 other kernel,212407,106631.6649555473,0.007219651166245805
symm,SMALL,3 other kernels,212407,106802.39508679765,0.07315911754210208
symm,SMALL,3 other kernels,212407,108131.12428176477,0.6987172182483568
symm,SMALL,3 other kernels,212407,108212.81845253348,0.7371783663125414
symm,SMALL,3 other kernels,212407,106587.29875959466,0.02810700231410637
symm,SMALL,3 other kernels,212407,106637.3822900773,0.004527962789701224
symm,SMALL2,none,344356,0.0,30.95517429636771
symm,SMALL2,all 26 others,344356,107249.27164197665,0.18970822113645927
symm,SMALL2,1 other kernel,344356,106614.78333009129,0.005454625472265701
symm,SMALL2,1 other kernel,344356,106678.16240285254,0.023859727390420034
symm,SMALL2,1 other kernel,344356,106706.24769373452,0.03201561573909981
symm,SMALL2,1 other kernel,344356,112824.07292091346,1.8086146084033556
symm,SMALL2,1 other kernel,344356,106631.6649555473,0.010357001343758283
symm,SMALL2,3 other kernels,344356,106802.39508679765,0.059936544389426284
symm,SMALL2,3 other kernels,344356,108131.12428176477,0.4457957119274202
symm,SMALL2,3 other kernels,344356,108212.81845253348,0.4695194660564796
symm,SMALL2,3 other kernels,344356,106587.29875959466,0.002526815390271671
symm,SMALL2,3 other kernels,344356,106637.3822900773,0.01201729898049673
symm,SMALL3,none,717979,0.0,14.7384533530925
symm,SMALL3,all 26 others,717979,107249.27164197665,0.19920800496625468
symm,SMALL3,1 other kernel,717979,106614.78333009129,0.11083657462004812
symm,SMALL3,1 other kernel,717979,106678.16240285254,0.11966400171210506
symm,SMALL3,1 other kernel,717979,106706.24769373452,0.123575716522973
symm,SMALL3,1 other kernel,717979,112824.07292091346,0.9756654332387797
symm,SMALL3,1 other kernel,717979,106631.6649555473,0.11318784470678284
symm,SMALL3,3 other kernels,717979,106802.39508679765,0.13696711001264003
symm,SMALL3,3 other kernels,717979,108131.12428176477,0.32203229924060855
symm,SMALL3,3 other kernels,717979,108212.81845253348,0.3334106502465185
symm,SMALL3,3 other kernels,717979,106587.29875959466,0.107008528048129
symm,SMALL3,3 other kernels,717979,106637.3822900773,0.11398415414340521
syr2k,MEDIUM,none,1334765,0.0,7.927462886725378
syr2k,MEDIUM,all 26 others,1334765,107246.30283434455,0.1073824107123398
syr2k,MEDIUM,1 other kernel,1334765,106631.6649555473,0.061334014268227904
syr2k,MEDIUM,1 other kernel,1334765,106818.75572373607,0.07535077138942181
syr2k,MEDIUM,1 other kernel,1334765,106560.20540915847,0.05598029684315118
syr2k,MEDIUM,1 other kernel,1334765,112956.58872323515,0.5351944891598945
syr2k,MEDIUM,1 other kernel,1334765,106655.44465647107,0.06311557888250166
syr2k,MEDIUM,3 other kernels,1334765,106548.27929355395,0.055086797567654514
syr2k,MEDIUM,3 other kernels,1334765,106699.30555046094,0.06640161754772836
syr2k,MEDIUM,3 other kernels,1334765,109151.49940383525,0.25011889012936916
syr2k,MEDIUM,3 other kernels,1334765,106655.62510616147,0.06312909809303213
syr2k,MEDIUM,3 other kernels,1334765,106595.55867954956,0.05862894813315372
syr2k,MINI,none,123596,0.0,86.28434577170782
syr2k,MINI,all 26 others,123596,107246.30283434455,0.4873157985246671
syr2k,MINI,1 other kernel,123596,106631.6649555473,0.009980132409384022
syr2k,MINI,1 other kernel,123596,106818.75572373607,0.14139270181565286
syr2k,MINI,1 other kernel,123596,106560.20540915847,0.06779717049219043
syr2k,MINI,1 other kernel,123596,112956.58872323515,5.107437719048474
syr2k,MINI,1 other kernel,123596,106655.44465647107,0.00925973046948687
syr2k,MINI,3 other kernels,123596,106548.27929355395,0.07744644361148632
syr2k,MINI,3 other kernels,123596,106699.30555046094,0.04474703911205581
syr2k,MINI,3 other kernels,123596,109151.49940383525,2.028786857046543
syr2k,MINI,3 other kernels,123596,106655.62510616147,0.009405730089545643
syr2k,MINI,3 other kernels,123596,106595.55867954956,0.039193275227708074
syr2k,MINI2,none,144541,0.0,73.74309019586138
syr2k,MINI2,all 26 others,144541,107246.30283434455,0.45475182428830724
syr2k,MINI2,1 other kernel,144541,106631.6649555473,0.0295175455734444
syr2k,MINI2,1 other kernel,144541,106818.75572373607,0.15895539932342675
syr2k,MINI2,1 other kernel,144541,106560.20540915847,0.019921400046708636
syr2k,MINI2,1 other kernel,144541,112956.58872323515,4.405385823562278
syr2k,MINI2,1 other kernel,144541,106655.44465647107,0.04596941799979352
syr2k,MINI2,3 other kernels,144541,106548.27929355395,0.028172426125485567
syr2k,MINI2,3 other kernels,144541,106699.30555046094,0.0763143678685885
syr2k,MINI2,3 other kernels,144541,109151.49940383525,1.772852964788707
syr2k,MINI2,3 other kernels,144541,106655.62510616147,0.04609426125560241
syr2k,MINI2,3 other kernels,144541,106595.55867954956,0.004537591098406251
syr2k,MINI3,none,173969,0.0,61.28505653306049
syr2k,MINI3,all 26 others,173969,107246.30283434455,0.36173274223830804
syr2k,MINI3,1 other kernel,173969,106631.6649555473,0.008429637203934191
syr2k,MINI3,1 other kernel,173969,106818.75572373607,0.11597222708417838
syr2k,MINI3,1 other kernel,173969,106560.20540915847,0.03264638575925201
syr2k,MINI3,1 other kernel,173969,112956.58872323515,3.644091029571448
syr2k,MINI3,1 other kernel,173969,106655.44465647107,0.022098567256856994
syr2k,MINI3,3 other kernels,173969,106548.27929355395,0.03950169653561157
syr2k,MINI3,3 other kernels,173969,106699.30555046094,0.047310469371518206
syr2k,MINI3,3 other kernels,173969,109151.49940383525,1.4568684097944147
syr2k,MINI3,3 other kernels,173969,106655.62510616147,0.022202292455242186
syr2k,MINI3,3 other kernels,173969,106595.55867954956,0.012324793756619067
syr2k,SMALL,none,234785,0.0,45.417296675682
syr2k,SMALL,all 26 others,234785,107246.30283434455,0.2612189170281586
syr2k,SMALL,1 other kernel,234785,106631.6649555473,0.0005686242531199716
syr2k,SMALL,1 other kernel,234785,106818.75572373607,0.07911737280323457
syr2k,SMALL,1 other kernel,234785,106560.20540915847,0.031004787717065878
syr2k,SMALL,1 other kernel,234785,112956.58872323515,2.693352949820113
syr2k,SMALL,1 other kernel,234785,106655.44465647107,0.00955966372258941
syr2k,SMALL,3 other kernels,234785,106548.27929355395,0.03608437781205703
syr2k,SMALL,3 other kernels,234785,106699.30555046094,0.02824096533464084
syr2k,SMALL,3 other kernels,234785,109151.49940383525,1.0726832650447196
syr2k,SMALL,3 other kernels,234785,106655.62510616147,0.009636521141239977
syr2k,SMALL,3 other kernels,234785,106595.55867954956,0.015947066656921277
syr2k,SMALL2,none,394810,0.0,27.01501988298169
syr2k,SMALL2,all 26 others,394810,107246.30283434455,0.14900910168044432
syr2k,SMALL2,1 other kernel,394810,106631.6649555473,0.0066703083641973925
syr2k,SMALL2,1 other kernel,394810,106818.75572373607,0.04071723708519903
syr2k,SMALL2,1 other kernel,394810,106560.20540915847,0.02477003896596163
syr2k,SMALL2,1 other kernel,394810,112956.58872323515,1.5953468056116058
syr2k,SMALL2,1 other kernel,394810,106655.44465647107,0.0006472337400061944
syr2k,SMALL2,3 other kernels,394810,106548.27929355395,0.02779076174515288
syr2k,SMALL2,3 other kernels,394810,106699.30555046094,0.01046213380130607
syr2k,SMALL2,3 other kernels,394810,109151.49940383525,0.6315694647641332
syr2k,SMALL2,3 other kernels,394810,106655.62510616147,0.0006015282891871329
syr2k,SMALL2,3 other kernels,394810,106595.55867954956,0.01581553670131269
syr2k,SMALL3,none,797173,0.0,13.274533884112985
syr2k,SMALL3,all 26 others,797173,107246.30283434455,0.17879466995803447
syr2k,SMALL3,1 other kernel,797173,106631.6649555473,0.10169247522775009
syr2k,SMALL3,1 other kernel,797173,106818.75572373607,0.12516175582163672
syr2k,SMALL3,1 other kernel,797173,106560.20540915847,0.0927283549691832
syr2k,SMALL3,1 other kernel,797173,112956.58872323515,0.8951116913436835
syr2k,SMALL3,1 other kernel,797173,106655.44465647107,0.10467547903291047
syr2k,SMALL3,3 other kernels,797173,106548.27929355395,0.09123230384796069
syr2k,SMALL3,3 other kernels,797173,106699.30555046094,0.11017753366721358
syr2k,SMALL3,3 other kernels,797173,109151.49940383525,0.41778878660407137
syr2k,SMALL3,3 other kernels,797173,106655.62510616147,0.10469811523489383
syr2k,SMALL3,3 other kernels,797173,106595.55867954956,0.09716318534993103
syrk,MEDIUM,none,950731,0.0,11.12775327616329
syrk,MEDIUM,all 26 others,950731,107253.84012612392,0.15344404738290618
syrk,MEDIUM,1 other kernel,950731,106480.26377999276,0.07207756768136343
syrk,MEDIUM,1 other kernel,950731,106480.26377999276,0.07207756768136343
syrk,MEDIUM,1 other kernel,950731,106631.6649555473,0.08800227988224979
syrk,MEDIUM,1 other kernel,950731,106560.20540915847,0.08048600594263644
syrk,MEDIUM,1 other kernel,950731,106628.34823631898,0.08765341998094381
syrk,MEDIUM,3 other kernels,950731,108578.58497458072,0.29278365537472506
syrk,MEDIUM,3 other kernels,950731,106686.84849762729,0.09380660750804413
syrk,MEDIUM,3 other kernels,950731,106740.67779521433,0.09946849268766304
syrk,MEDIUM,3 other kernels,950731,106789.08073522507,0.10455962151493052
syrk,MEDIUM,3 other kernels,950731,110449.07951426416,0.48952642905975813
syrk,MINI,none,118682,0.0,89.77435499907315
syrk,MINI,all 26 others,118682,107253.84012612392,0.5964174231340217
syrk,MINI,1 other kernel,118682,106480.26377999276,0.055388534071921985
syrk,MINI,1 other kernel,118682,106480.26377999276,0.055388534071921985
syrk,MINI,1 other kernel,118682,106631.6649555473,0.0721802426208673
syrk,MINI,1 other kernel,118682,106560.20540915847,0.01196930381900568
syrk,MINI,1 other kernel,118682,106628.34823631898,0.06938561561060923
syrk,MINI,3 other kernels,118682,108578.58497458072,1.712631211624948
syrk,MINI,3 other kernels,118682,106686.84849762729,0.11867721948339972
syrk,MINI,3 other kernels,118682,106740.67779521433,0.16403312651820084
syrk,MINI,3 other kernels,118682,106789.08073522507,0.20481685110216408
syrk,MINI,3 other kernels,118682,110449.07951426416,3.2886870075193864
syrk,MINI2,none,129119,0.0,82.54633322748782
syrk,MINI2,all 26 others,129119,107253.84012612392,0.5195518290289729
syrk,MINI2,1 other kernel,129119,106480.26377999276,0.07956708153504786
syrk,MINI2,1 other kernel,129119,106480.26377999276,0.07956708153504786
syrk,MINI2,1 other kernel,129119,106631.6649555473,0.03769000344434028
syrk,MINI2,1 other kernel,129119,106560.20540915847,0.017653940040991394
syrk,MINI2,1 other kernel,129119,106628.34823631898,0.03512127287152414
syrk,MINI2,3 other kernels,129119,108578.58497458072,1.5455393664609665
syrk,MINI2,3 other kernels,129119,106686.84849762729,0.08042851759019855
syrk,MINI2,3 other kernels,129119,106740.67779521433,0.12211819733294955
syrk,MINI2,3 other kernels,129119,106789.08073522507,0.1596052751532078
syrk,MINI2,3 other kernels,129119,110449.07951426416,2.994198773429285
syrk,MINI3,none,154735,0.0,68.89133033896661
syrk,MINI3,all 26 others,154735,107253.84012612392,0.4232010379835975
syrk,MINI3,1 other kernel,154735,106480.26377999276,0.07673520535576207
syrk,MINI3,1 other kernel,154735,106480.26377999276,0.07673520535576207
syrk,MINI3,1 other kernel,154735,106631.6649555473,0.021110256598256553
syrk,MINI3,1 other kernel,154735,106560.20540915847,0.025071632689122127
syrk,MINI3,1 other kernel,154735,106628.34823631898,0.01896677307588374
syrk,MINI3,3 other kernels,154735,108578.58497458072,1.2793388532528098
syrk,MINI3,3 other kernels,154735,106686.84849762729,0.056773514477851166
syrk,MINI3,3 other kernels,154735,106740.67779521433,0.091561569919117
syrk,MINI3,3 other kernels,154735,106789.08073522507,0.12284275388571159
syrk,MINI3,3 other kernels,154735,110449.07951426416,2.488176246010378
syrk,SMALL,none,196335,0.0,54.29444571777828
syrk,SMALL,all 26 others,196335,107253.84012612392,0.33353203765193146
syrk,SMALL,1 other kernel,196335,106480.26377999276,0.06047633891422235
syrk,SMALL,1 other kernel,196335,106480.26377999276,0.06047633891422235
syrk,SMALL,1 other kernel,196335,106631.6649555473,0.016637357347040655
syrk,SMALL,1 other kernel,196335,106560.20540915847,0.019759386172365157
syrk,SMALL,1 other kernel,196335,106628.34823631898,0.01494804101101113
syrk,SMALL,3 other kernels,196335,108578.58497458072,1.0082690170273947
syrk,SMALL,3 other kernels,196335,106686.84849762729,0.04474418602251407
syrk,SMALL,3 other kernels,196335,106740.67779521433,0.07216125256034109
syrk,SMALL,3 other kernels,196335,106789.08073522507,0.09681449320042572
syrk,SMALL,3 other kernels,196335,110449.07951426416,1.9609746169883913
syrk,SMALL2,none,308336,0.0,34.57267396606299
syrk,SMALL2,all 26 others,308336,107253.84012612392,0.2120544231370711
syrk,SMALL2,1 other kernel,308336,106480.26377999276,0.03883303279773962
syrk,SMALL2,1 other kernel,308336,106480.26377999276,0.03883303279773962
syrk,SMALL2,1 other kernel,308336,106631.6649555473,0.010269626494250518
syrk,SMALL2,1 other kernel,308336,106560.20540915847,0.012906242164882831
syrk,SMALL2,1 other kernel,308336,106628.34823631898,0.009193943074752445
syrk,SMALL2,3 other kernels,308336,108578.58497458072,0.6416976851813396
syrk,SMALL2,3 other kernels,308336,106686.84849762729,0.02816683670648351
syrk,SMALL2,3 other kernels,308336,106740.67779521433,0.045624836287149625
syrk,SMALL2,3 other kernels,308336,106789.08073522507,0.06132295133395251
syrk,SMALL2,3 other kernels,308336,110449.07951426416,1.2483393162861713
syrk,SMALL3,none,581131,0.0,18.2050174573375
syrk,SMALL3,all 26 others,581131,107253.84012612392,0.2510346421244053
syrk,SMALL3,1 other kernel,581131,106480.26377999276,0.1179189855631008
syrk,SMALL3,1 other kernel,581131,106480.26377999276,0.1179189855631008
syrk,SMALL3,1 other kernel,581131,106631.6649555473,0.14397183346737866
syrk,SMALL3,1 other kernel,581131,106560.20540915847,0.1316752004554028
syrk,SMALL3,1 other kernel,581131,106628.34823631898,0.1434010982582287
syrk,SMALL3,3 other kernels,581131,108578.58497458072,0.4789944048038527
syrk,SMALL3,3 other kernels,581131,106686.84849762729,0.15346772029495984
syrk,SMALL3,3 other kernels,581131,106740.67779521433,0.1627305711129411
syrk,SMALL3,3 other kernels,581131,106789.08073522507,0.17105966386668653
syrk,SMALL3,3 other kernels,581131,110449.07951426416,0.800865814121795
trisolv,MEDIUM,none,754803,0.0,14.137596167476813
trisolv,MEDIUM,all 26 others,754803,107254.65258461093,0.07202575832514875
trisolv,MEDIUM,1 other kernel,754803,106655.44465647107,0.007360244133764262
trisolv,MEDIUM,1 other kernel,754803,106787.95784962596,0.010195753014490366
trisolv,MEDIUM,1 other kernel,754803,106631.6649555473,0.010510695433469094
trisolv,MEDIUM,1 other kernel,754803,106576.89940479693,0.01776630394991963
trisolv,MEDIUM,1 other kernel,754803,106631.6649555473,0.010510695433469094
trisolv,MEDIUM,3 other kernels,754803,106665.83219311328,0.0059840523801201915
trisolv,MEDIUM,3 other kernels,754803,106637.15631145657,0.009783173694781324
trisolv,MEDIUM,3 other kernels,754803,106695.5517020642,0.0020466662077086107
trisolv,MEDIUM,3 other kernels,754803,106620.7108214062,0.011961952800105816
trisolv,MEDIUM,3 other kernels,754803,106557.95178879228,0.02027657696216493
trisolv,MINI,none,113989,0.0,93.60289150707524
trisolv,MINI,all 26 others,113989,107254.65258461093,0.4892161389352735
trisolv,MINI,1 other kernel,113989,106655.44465647107,0.036455573370178705
trisolv,MINI,1 other kernel,113989,106787.95784962596,0.07979528693642694
trisolv,MINI,1 other kernel,113989,106631.6649555473,0.057316973087492895
trisolv,MINI,1 other kernel,113989,106576.89940479693,0.10536156576780938
trisolv,MINI,1 other kernel,113989,106631.6649555473,0.057316973087492895
trisolv,MINI,3 other kernels,113989,106665.83219311328,0.02734281982184124
trisolv,MINI,3 other kernels,113989,106637.15631145657,0.05249952937865481
trisolv,MINI,3 other kernels,113989,106695.5517020642,0.001270559383624673
trisolv,MINI,3 other kernels,113989,106620.7108214062,0.06692678994797503
trisolv,MINI,3 other kernels,113989,106557.95178879228,0.12198388546940074
trisolv,MINI2,none,122350,0.0,87.1744993870045
trisolv,MINI2,all 26 others,122350,107254.65258461093,0.48766046964522186
trisolv,MINI2,1 other kernel,122350,106655.44465647107,0.002088552128265638
trisolv,MINI2,1 other kernel,122350,106787.95784962596,0.10621810349486205
trisolv,MINI2,1 other kernel,122350,106631.6649555473,0.021524351820761973
trisolv,MINI2,1 other kernel,122350,106576.89940479693,0.0662857337172605
trisolv,MINI2,1 other kernel,122350,106631.6649555473,0.021524351820761973
trisolv,MINI2,3 other kernels,122350,106665.83219311328,0.00640146556050788
trisolv,MINI2,3 other kernels,122350,106637.15631145657,0.017036116504646374
trisolv,MINI2,3 other kernels,122350,106695.5517020642,0.030692032745566058
trisolv,MINI2,3 other kernels,122350,106620.7108214062,0.0304774651359193
trisolv,MINI2,3 other kernels,122350,106557.95178879228,0.08177213829809171
trisolv,MINI3,none,133958,0.0,79.62645008136879
trisolv,MINI3,all 26 others,133958,107254.65258461093,0.4394307056024383
trisolv,MINI3,1 other kernel,133958,106655.44465647107,0.007879591759296537
trisolv,MINI3,1 other kernel,133958,106787.95784962596,0.09104185612353403
trisolv,MINI3,1 other kernel,133958,106631.6649555473,0.025631201162071487
trisolv,MINI3,1 other kernel,133958,106576.89940479693,0.06651382911289634
trisolv,MINI3,1 other kernel,133958,106631.6649555473,0.025631201162071487
trisolv,MINI3,3 other kernels,133958,106665.83219311328,0.00012526828313248067
trisolv,MINI3,3 other kernels,133958,106637.15631145657,0.021531889505233198
trisolv,MINI3,3 other kernels,133958,106695.5517020642,0.022060423464220182
trisolv,MINI3,3 other kernels,133958,106620.7108214062,0.0338084911642326
trisolv,MINI3,3 other kernels,133958,106557.95178879228,0.08065827439027887
trisolv,SMALL,none,166750,0.0,63.96281859070465
trisolv,SMALL,all 26 others,166750,107254.65258461093,0.3578126444443264
trisolv,SMALL,1 other kernel,166750,106655.44465647107,0.0015324398974023725
trisolv,SMALL,1 other kernel,166750,106787.95784962596,0.07793574190462592
trisolv,SMALL,1 other kernel,166750,106631.6649555473,0.015793130106559358
trisolv,SMALL,1 other kernel,166750,106576.89940479693,0.048636039102281065
trisolv,SMALL,1 other kernel,166750,106631.6649555473,0.015793130106559358
trisolv,SMALL,3 other kernels,166750,106665.83219311328,0.004696967384276697
trisolv,SMALL,3 other kernels,166750,106637.15631145657,0.012499963144479933
trisolv,SMALL,3 other kernels,166750,106695.5517020642,0.022519761357841124
trisolv,SMALL,3 other kernels,166750,106620.7108214062,0.022362325993272987
trisolv,SMALL,3 other kernels,166750,106557.95178879228,0.05999892726100735
trisolv,SMALL2,none,240023,0.0,44.46698858026106
trisolv,SMALL2,all 26 others,240023,107254.65258461093,0.2181676691862506
trisolv,SMALL2,1 other kernel,240023,106655.44465647107,0.03147837645930534
trisolv,SMALL2,1 other kernel,240023,106787.95784962596,0.023730163203511213
trisolv,SMALL2,1 other kernel,240023,106631.6649555473,0.04138563573186225
trisolv,SMALL2,1 other kernel,240023,106576.89940479693,0.06420242860186469
trisolv,SMALL2,1 other kernel,240023,106631.6649555473,0.04138563573186225
trisolv,SMALL2,3 other kernels,240023,106665.83219311328,0.02715065093208509
trisolv,SMALL2,3 other kernels,240023,106637.15631145657,0.039097790021548055
trisolv,SMALL2,3 other kernels,240023,106695.5517020642,0.014768708805322793
trisolv,SMALL2,3 other kernels,240023,106620.7108214062,0.04594942092790387
trisolv,SMALL2,3 other kernels,240023,106557.95178879228,0.07209651208747901
trisolv,SMALL3,none,342007,0.0,31.20257772501732
trisolv,SMALL3,all 26 others,342007,107254.65258461093,0.15778992377668127
trisolv,SMALL3,1 other kernel,342007,106655.44465647107,0.01741348672071579
trisolv,SMALL3,1 other kernel,342007,106787.95784962596,0.021332267943627973
trisolv,SMALL3,1 other kernel,342007,106631.6649555473,0.02436647333320304
trisolv,SMALL3,1 other kernel,342007,106576.89940479693,0.040379464514777086
trisolv,SMALL3,1 other kernel,342007,106631.6649555473,0.02436647333320304
trisolv,SMALL3,3 other kernels,342007,106665.83219311328,0.014376257470378854
trisolv,SMALL3,3 other kernels,342007,106637.15631145657,0.022760846574315815
trisolv,SMALL3,3 other kernels,342007,106695.5517020642,0.005686520432555715
trisolv,SMALL3,3 other kernels,342007,106620.7108214062,0.02756937097596912
trisolv,SMALL3,3 other kernels,342007,106557.95178879228,0.04591958971826009
trmm,MEDIUM,none,650715,0.0,16.258269749429473
trmm,MEDIUM,all 26 others,650715,107262.02345953761,0.22544792413539774
trmm,MEDIUM,1 other kernel,650715,112903.98905598104,1.0924888862222393
trmm,MEDIUM,1 other kernel,650715,106480.26377999276,0.10530935662966175
trmm,MEDIUM,1 other kernel,650715,106787.95784962596,0.15259489171541515
trmm,MEDIUM,1 other kernel,650715,106774.12370898976,0.15046890097657253
trmm,MEDIUM,1 other kernel,650715,106628.34823631898,0.1280665477696114
trmm,MEDIUM,3 other kernels,650715,106644.29429622395,0.1305170921561518
trmm,MEDIUM,3 other kernels,650715,108509.32417412486,0.41712949203950483
trmm,MEDIUM,3 other kernels,650715,106558.91558094647,0.11739633801994522
trmm,MEDIUM,3 other kernels,650715,108046.83023401456,0.3460547603812031
trmm,MEDIUM,3 other kernels,650715,106653.77109419348,0.13197345907093724
trmm,MINI,none,113202,0.0,94.16971431600149
trmm,MINI,all 26 others,113202,107262.02345953761,0.5830492920068635
trmm,MINI,1 other kernel,113202,112903.98905598104,5.567029783909335
trmm,MINI,1 other kernel,113202,106480.26377999276,0.10753893041398424
trmm,MINI,1 other kernel,113202,106787.95784962596,0.16427081643960684
trmm,MINI,1 other kernel,113202,106774.12370898976,0.1520500600605663
trmm,MINI,1 other kernel,113202,106628.34823631898,0.02327541591048149
trmm,MINI,3 other kernels,113202,106644.29429622395,0.0373617923923135
trmm,MINI,3 other kernels,113202,108509.32417412486,1.684885579870377
trmm,MINI,3 other kernels,113202,106558.91558094647,0.03805976842593603
trmm,MINI,3 other kernels,113202,108046.83023401456,1.2763292468459568
trmm,MINI,3 other kernels,113202,106653.77109419348,0.04573337413957205
trmm,MINI2,none,120027,0.0,88.80251943312754
trmm,MINI2,all 26 others,120027,107262.02345953761,0.5623930111871576
trmm,MINI2,1 other kernel,120027,112903.98905598104,5.262973377640901
trmm,MINI2,1 other kernel,120027,106480.26377999276,0.08892684146670203
trmm,MINI2,1 other kernel,120027,106787.95784962596,0.1674272035675004
trmm,MINI2,1 other kernel,120027,106774.12370898976,0.15590134635520528
trmm,MINI2,1 other kernel,120027,106628.34823631898,0.03444911254882923
trmm,MINI2,3 other kernels,120027,106644.29429622395,0.04773450658930635
trmm,MINI2,3 other kernels,120027,108509.32417412486,1.6015764570678797
trmm,MINI2,3 other kernels,120027,106558.91558094647,0.023398417900579126
trmm,MINI2,3 other kernels,120027,108046.83023401456,1.21625153841599
trmm,MINI2,3 other kernels,120027,106653.77109419348,0.05563006173067589
trmm,MINI3,none,132455,0.0,80.46128873957194
trmm,MINI3,all 26 others,132455,107262.02345953761,0.5186844283247858
trmm,MINI3,1 other kernel,132455,112903.98905598104,4.7782183050704345
trmm,MINI3,1 other kernel,132455,106480.26377999276,0.071523324908262
trmm,MINI3,1 other kernel,132455,106787.95784962596,0.16077750906040822
trmm,MINI3,1 other kernel,132455,106774.12370898976,0.15033310104545863
trmm,MINI3,1 other kernel,132455,106628.34823631898,0.04027649867424311
trmm,MINI3,3 other kernels,132455,106644.29429622395,0.05231534953301973
trmm,MINI3,3 other kernels,132455,108509.32417412486,1.4603632736588756
trmm,MINI3,3 other kernels,132455,106558.91558094647,0.01214330833378397
trmm,MINI3,3 other kernels,132455,108046.83023401456,1.1111926571398176
trmm,MINI3,3 other kernels,132455,106653.77109419348,0.05947007979576335
trmm,SMALL,none,159767,0.0,66.72654553193087
trmm,SMALL,all 26 others,159767,107262.02345953761,0.40998670535066384
trmm,SMALL,1 other kernel,159767,112903.98905598104,3.941357762229399
trmm,SMALL,1 other kernel,159767,106480.26377999276,0.07932565549033183
trmm,SMALL,1 other kernel,159767,106787.95784962596,0.11326359612808885
trmm,SMALL,1 other kernel,159767,106774.12370898976,0.10460464863818075
trmm,SMALL,1 other kernel,159767,106628.34823631898,0.013362106266606185
trmm,SMALL,3 other kernels,159767,106644.29429622395,0.02334292827928251
trmm,SMALL,3 other kernels,159767,108509.32417412486,1.1906865461108138
trmm,SMALL,3 other kernels,159767,106558.91558094647,0.030096590067732108
trmm,SMALL,3 other kernels,159767,108046.83023401456,0.9012062779012847
trmm,SMALL,3 other kernels,159767,106653.77109419348,0.029274564956141346
trmm,SMALL2,none,225852,0.0,47.186653206524625
trmm,SMALL2,all 26 others,225852,107262.02345953761,0.30552019000832187
trmm,SMALL2,1 other kernel,225852,112903.98905598104,2.8036010555501143
trmm,SMALL2,1 other kernel,225852,106480.26377999276,0.040617847088907096
trmm,SMALL2,1 other kernel,225852,106787.95784962596,0.0956191885066166
trmm,SMALL2,1 other kernel,225852,106774.12370898976,0.0894938760736067
trmm,SMALL2,1 other kernel,225852,106628.34823631898,0.024949186333957065
trmm,SMALL2,3 other kernels,225852,106644.29429622395,0.03200958867929497
trmm,SMALL2,3 other kernels,225852,108509.32417412486,0.8577848210885287
trmm,SMALL2,3 other kernels,225852,106558.91558094647,0.005793359834543664
trmm,SMALL2,3 other kernels,225852,108046.83023401456,0.6530073827172421
trmm,SMALL2,3 other kernels,225852,106653.77109419348,0.03620560995407539
trmm,SMALL3,none,412499,0.0,25.643456105348132
trmm,SMALL3,all 26 others,412499,107262.02345953761,0.359521710243563
trmm,SMALL3,1 other kernel,412499,112903.98905598104,1.727274261508766
trmm,SMALL3,1 other kernel,412499,106480.26377999276,0.1700037527346155
trmm,SMALL3,1 other kernel,412499,106787.95784962596,0.24459643529462222
trmm,SMALL3,1 other kernel,412499,106774.12370898976,0.2412426961010238
trmm,SMALL3,1 other kernel,412499,106628.34823631898,0.20590310190302732
trmm,SMALL3,3 other kernels,412499,106644.29429622395,0.20976882276659126
trmm,SMALL3,3 other kernels,412499,108509.32417412486,0.6618983740869345
trmm,SMALL3,3 other kernels,412499,106558.91558094647,0.18907090221951725
trmm,SMALL3,3 other kernels,412499,108046.83023401456,0.5497783592237909
trmm,SMALL3,3 other kernels,412499,106653.77109419348,0.21206623390443352
