kernel,graph,source,c,frac_bytes
pr,uniform,hand,1.0,0.0
pr,uniform,hand,1.061158,0.0
pr,uniform,hand,1.126056,0.0
pr,uniform,hand,1.194923,0.0
pr,uniform,hand,1.268002,0.0
pr,uniform,hand,1.34555,0.0
pr,uniform,hand,1.427841,0.0
pr,uniform,hand,1.515164,0.0
pr,uniform,hand,1.607828,0.0
pr,uniform,hand,1.706159,0.0
pr,uniform,hand,1.810504,0.0
pr,uniform,hand,1.921231,0.0
pr,uniform,hand,2.038729,0.0
pr,uniform,hand,2.163413,0.0
pr,uniform,hand,2.295722,0.0
pr,uniform,hand,2.436124,0.0
pr,uniform,hand,2.585111,0.0
pr,uniform,hand,2.743211,0.0
pr,uniform,hand,2.91098,0.0
pr,uniform,hand,3.089009,0.03349528193545784
pr,uniform,hand,3.277925,0.10148917760057664
pr,uniform,hand,3.478396,0.16948352568909456
pr,uniform,hand,3.691127,0.23747775436546031
pr,uniform,hand,3.916868,0.30547193710430526
pr,uniform,hand,4.156415,0.32952946428103996
pr,uniform,hand,4.410612,0.3295308499610038
pr,uniform,hand,4.680355,0.3295322356403829
pr,uniform,hand,4.966595,0.3295336213203803
pr,uniform,hand,5.270341,0.3295350070012833
pr,uniform,hand,5.592663,0.32953639268036783
pr,uniform,hand,5.934698,0.3295377783615126
pr,uniform,hand,6.297651,0.3295391640422487
pr,uniform,hand,6.682801,0.3295405497215788
pr,uniform,hand,7.091506,0.32954193540124704
pr,uniform,hand,7.525207,0.3295433210825477
pr,uniform,hand,7.985431,0.32954470676032643
pr,uniform,hand,8.473803,0.32954609244300925
pr,uniform,hand,8.992041,0.3295474781210341
pr,uniform,hand,9.541974,0.3295488638009532
pr,uniform,hand,10.12554,0.3295502494816442
pr,uniform,hand,10.744796,0.3295516351631948
pr,uniform,hand,11.401923,0.3295530208419818
pr,uniform,hand,12.099239,0.32955440652197404
pr,uniform,hand,12.839202,0.32955579220327486
pr,uniform,hand,13.624418,0.3295571778819731
pr,uniform,hand,14.457657,0.3295585635622849
pr,uniform,hand,15.341855,0.3295599492425393
pr,uniform,hand,16.280129,0.3295613349234042
pr,uniform,hand,17.275785,0.32965340659580794
pr,uniform,hand,18.332333,0.37607246151247836
pr,uniform,hand,19.453498,0.6337321180280857
pr,uniform,hand,20.64323,0.8383853551467644
pr,uniform,hand,21.905723,0.9485467768189656
pr,uniform,hand,23.245428,0.9485481978038977
pr,uniform,hand,24.667067,0.9485496187894509
pr,uniform,hand,26.175649,0.9485510397738159
pr,uniform,hand,27.776493,0.9485524607586452
pr,uniform,hand,29.475241,0.9485538817434505
pr,uniform,hand,31.277881,0.9485553027285489
pr,uniform,hand,33.190766,0.9485567237133288
pr,uniform,hand,35.220639,0.9485581446982764
pr,uniform,hand,37.374654,0.9485595656829089
pr,uniform,hand,39.660405,0.9485836369701095
pr,uniform,hand,42.085946,0.948619245859035
pr,uniform,hand,44.659828,0.9487163226465625
pr,uniform,hand,47.391123,0.9489172581338302
pr,uniform,hand,50.289458,0.9492209866066939
pr,uniform,hand,53.365049,0.9496767929649818
pr,uniform,hand,56.628735,0.9503754344164116
pr,uniform,hand,60.092022,0.9512841329828086
pr,uniform,hand,63.767115,0.9523787266963324
pr,uniform,hand,67.666969,0.9537173340716373
pr,uniform,hand,71.805329,0.9550426875921687
pr,uniform,hand,76.196782,0.9563074688155295
pr,uniform,hand,80.856807,0.9571972519928535
pr,uniform,hand,85.801828,0.9773131955703634
pr,uniform,hand,91.049276,0.9778226832277036
pr,uniform,hand,96.617645,0.9785922303489186
pr,uniform,hand,102.526564,0.9798940521418615
pr,uniform,hand,108.796859,0.9818459421392466
pr,uniform,hand,115.450631,0.9840526774238694
pr,uniform,hand,122.511333,0.9858720339764179
pr,uniform,hand,130.003851,0.9868775871280318
pr,uniform,hand,137.954595,0.9872566446609837
pr,uniform,hand,146.391589,0.987333511917079
pr,uniform,hand,155.344571,0.9873537461118883
pr,uniform,hand,164.845097,0.9873554276684982
pr,uniform,hand,174.926653,0.9873555922123068
pr,uniform,hand,185.624775,0.9873557567561256
pr,uniform,hand,196.977171,0.9873559212999562
pr,uniform,hand,209.023853,0.9873560858437715
pr,uniform,hand,221.807283,0.9873562503875862
pr,uniform,hand,235.37252,0.9873564149314138
pr,uniform,hand,249.767376,0.9873565794752355
pr,uniform,hand,265.042588,0.9873567440190452
pr,uniform,hand,281.251999,0.987356908562868
pr,uniform,hand,298.452741,0.9873570731066882
pr,uniform,hand,316.705442,0.98735723765051
pr,uniform,hand,336.074437,0.9873574021943292
pr,uniform,hand,356.627996,0.987357566738146
pr,uniform,hand,378.438565,0.9873582803231048
pr,uniform,hand,401.58302,0.9873603887446474
pr,uniform,hand,426.142938,0.9873715371905051
pr,uniform,hand,452.204885,0.9873969634112042
pr,uniform,hand,479.860722,0.9874533416428377
pr,uniform,hand,509.207928,0.9875907908000331
pr,uniform,hand,540.349944,0.9878168324591784
pr,uniform,hand,573.396536,0.988217509999031
pr,uniform,hand,608.464183,0.9888008268845366
pr,uniform,hand,645.676489,0.9897288541853307
pr,uniform,hand,685.164616,0.9909498255513334
pr,uniform,hand,727.067748,0.992371342676768
pr,uniform,hand,771.533582,0.9938078199613575
pr,uniform,hand,818.718847,0.9951164333433846
pr,uniform,hand,868.789857,0.9989828186059131
pr,uniform,hand,921.923097,0.9995593545822016
pr,uniform,hand,978.305848,0.9998429177022219
pr,uniform,hand,1038.136841,0.999957734257158
pr,uniform,hand,1101.626964,0.9999889481315969
pr,uniform,hand,1169.0,1.0
pr,uniform,auto,1.0,2.188617414887922e-05
pr,uniform,auto,1.061004,2.229044181202626e-05
pr,uniform,auto,1.125729,2.2694706515575028e-05
pr,uniform,auto,1.194403,2.3098974339246347e-05
pr,uniform,auto,1.267266,2.350324005969678e-05
pr,uniform,auto,1.344575,2.3907511302138246e-05
pr,uniform,auto,1.426599,2.4311776796001412e-05
pr,uniform,auto,1.513627,2.4716043352317665e-05
pr,uniform,auto,1.605964,2.5120309733737373e-05
pr,uniform,auto,1.703934,2.5524576483948433e-05
pr,uniform,auto,1.807881,2.5928844941108738e-05
pr,uniform,auto,1.918168,2.6333109142900098e-05
pr,uniform,auto,2.035184,0.007857779435339298
pr,uniform,auto,2.159338,0.03435259796668717
pr,uniform,auto,2.291066,0.060847442205383434
pr,uniform,auto,2.43083,0.08734230129176956
pr,uniform,auto,2.57912,0.11383713410446303
pr,uniform,auto,2.736457,0.14033208764997973
pr,uniform,auto,2.903391,0.16682685495437408
pr,uniform,auto,3.080509,0.1933216815857755
pr,uniform,auto,3.268432,0.21981652490027648
pr,uniform,auto,3.467819,0.24631136407861862
pr,uniform,auto,3.67937,0.27280627882528147
pr,uniform,auto,3.903826,0.29930113998355407
pr,uniform,auto,4.141974,0.3132192513325305
pr,uniform,auto,4.394651,0.3183616300874374
pr,uniform,auto,4.662742,0.3235040030908455
pr,uniform,auto,4.947187,0.3286463654620138
pr,uniform,auto,5.248985,0.3295687220550171
pr,uniform,auto,5.569193,0.32956897187375467
pr,uniform,auto,5.908936,0.32956922169327557
pr,uniform,auto,6.269404,0.3295694715123396
pr,uniform,auto,6.651862,0.32956972133143836
pr,uniform,auto,7.057651,0.3295699711502838
pr,uniform,auto,7.488195,0.3295702209693097
pr,uniform,auto,7.945004,0.329570470788416
pr,uniform,auto,8.42968,0.32957072060745995
pr,uniform,auto,8.943924,0.3295709704269226
pr,uniform,auto,9.489538,0.3295712202459724
pr,uniform,auto,10.068436,0.3295714700647846
pr,uniform,auto,10.68265,0.3295717198839975
pr,uniform,auto,11.334333,0.3295719697030401
pr,uniform,auto,12.025772,0.32957221952236837
pr,uniform,auto,12.75939,0.32957246934119905
pr,uniform,auto,13.537763,0.3295727191604976
pr,uniform,auto,14.363619,0.3295729689795564
pr,uniform,auto,15.239856,0.32957321879877693
pr,uniform,auto,16.169546,0.32962644868697416
pr,uniform,auto,17.155951,0.3307574280601835
pr,uniform,auto,18.202531,0.3486385568388483
pr,uniform,auto,19.312956,0.6052232769912096
pr,uniform,auto,20.491121,0.638910325498621
pr,uniform,auto,21.741159,0.9485475233769057
pr,uniform,auto,23.067455,0.9485482262355018
pr,uniform,auto,24.474659,0.948548929093487
pr,uniform,auto,25.967708,0.9485496319515231
pr,uniform,auto,27.55184,0.9485503348100882
pr,uniform,auto,29.232609,0.9485510376681405
pr,uniform,auto,31.015912,0.9485517405264141
pr,uniform,auto,32.908003,0.9485542952955204
pr,uniform,auto,34.915519,0.9485634428316504
pr,uniform,auto,37.045501,0.9485785567106643
pr,uniform,auto,39.305421,0.9486039328132396
pr,uniform,auto,41.703204,0.9486500281201133
pr,uniform,auto,44.247262,0.9487645419908955
pr,uniform,auto,46.946517,0.9489058384157312
pr,uniform,auto,49.810437,0.9491595818940326
pr,uniform,auto,52.849067,0.9495616301793885
pr,uniform,auto,56.073066,0.9501348194428557
pr,uniform,auto,59.493741,0.9510578111532725
pr,uniform,auto,63.12309,0.952277278245212
pr,uniform,auto,66.973844,0.953592176535854
pr,uniform,auto,71.059509,0.9546859497224639
pr,uniform,auto,75.394415,0.9560042368020433
pr,uniform,auto,79.993768,0.9570608239272905
pr,uniform,auto,84.873698,0.9770270830525749
pr,uniform,auto,90.051324,0.9776501644071488
pr,uniform,auto,95.544805,0.9782032063161212
pr,uniform,auto,101.373409,0.9793143686978469
pr,uniform,auto,107.557581,0.9809924088103775
pr,uniform,auto,114.119012,0.9836604660376704
pr,uniform,auto,121.080715,0.9853125697653318
pr,uniform,auto,128.467109,0.9866350960814505
pr,uniform,auto,136.304103,0.9871505795492631
pr,uniform,auto,144.619183,0.9873287856696359
pr,uniform,auto,153.441515,0.9873490015736678
pr,uniform,auto,162.802044,0.987355823816358
pr,uniform,auto,172.733601,0.9873559865549147
pr,uniform,auto,183.271022,0.9873561492934781
pr,uniform,auto,194.451267,0.9873563120320469
pr,uniform,auto,206.31355,0.9873564747706098
pr,uniform,auto,218.899479,0.9873566375091809
pr,uniform,auto,232.253198,0.9873568002477445
pr,uniform,auto,246.421546,0.9873569629863109
pr,uniform,auto,261.454218,0.987357125724874
pr,uniform,auto,277.403942,0.9873572884634428
pr,uniform,auto,294.326661,0.98735745120201
pr,uniform,auto,312.281731,0.9873576139405713
pr,uniform,auto,331.33213,0.9873577766791324
pr,uniform,auto,351.544678,0.9873579394176984
pr,uniform,auto,372.99027,0.9873587684917975
pr,uniform,auto,395.744127,0.9873625997453876
pr,uniform,auto,419.886057,0.9873840179725761
pr,uniform,auto,445.500738,0.9874018486843469
pr,uniform,auto,472.678015,0.9874728694376141
pr,uniform,auto,501.513212,0.9875663531304132
pr,uniform,auto,532.107467,0.9877786917147262
pr,uniform,auto,564.568091,0.9880884936646607
pr,uniform,auto,599.008939,0.9886572796487071
pr,uniform,auto,635.550813,0.9894649290652207
pr,uniform,auto,674.321883,0.9906259996256338
pr,uniform,auto,715.458139,0.9919618184611638
pr,uniform,auto,759.103866,0.9934520351126506
pr,uniform,auto,805.412153,0.9948106717658369
pr,uniform,auto,854.545425,0.9987450202056399
pr,uniform,auto,906.676018,0.9993332188796039
pr,uniform,auto,961.986779,0.9997456020868687
pr,uniform,auto,1020.671712,0.9999215315363835
pr,uniform,auto,1082.936654,0.9999810760050344
pr,uniform,auto,1149.0,1.0
pr,kron,hand,1.0,0.0
pr,kron,hand,1.089381,0.0
pr,kron,hand,1.18675,0.0
pr,kron,hand,1.292822,0.0
pr,kron,hand,1.408376,0.0
pr,kron,hand,1.534257,0.0
pr,kron,hand,1.67139,0.0
pr,kron,hand,1.82078,0.0
pr,kron,hand,1.983522,0.0
pr,kron,hand,2.16081,0.0
pr,kron,hand,2.353945,0.0
pr,kron,hand,2.564341,0.0
pr,kron,hand,2.793544,0.0
pr,kron,hand,3.043232,0.0011464525611229641
pr,kron,hand,3.315238,0.007975472545942672
pr,kron,hand,3.611556,0.014804491023655355
pr,kron,hand,3.934359,0.02163350779694921
pr,kron,hand,4.286014,0.023337153073255748
pr,kron,hand,4.669101,0.02381284035015964
pr,kron,hand,5.086427,0.05586938408478287
pr,kron,hand,5.541055,0.21410334332937833
pr,kron,hand,6.036318,0.36118328853192916
pr,kron,hand,6.575847,0.36118560631017677
pr,kron,hand,7.1636,0.36118792409083955
pr,kron,hand,7.803887,0.361774504608208
pr,kron,hand,8.501403,0.3635357069337601
pr,kron,hand,9.261263,0.36496295581631444
pr,kron,hand,10.08904,0.36611931160584876
pr,kron,hand,10.990804,0.3682735917224214
pr,kron,hand,11.973168,0.37107602282469376
pr,kron,hand,13.043337,0.3756983085731063
pr,kron,hand,14.209158,0.37835015242742304
pr,kron,hand,15.47918,0.38632073818619767
pr,kron,hand,16.862718,0.3927483846482953
pr,kron,hand,18.369917,0.41371611518076495
pr,kron,hand,20.011831,0.4639742252034972
pr,kron,hand,21.8005,0.7340837331668414
pr,kron,hand,23.749041,0.8090388360352775
pr,kron,hand,25.871744,0.8721267962141358
pr,kron,hand,28.184175,0.9172272352044119
pr,kron,hand,30.703292,0.9397053668866006
pr,kron,hand,33.44757,0.952625554992273
pr,kron,hand,36.437132,0.9529976077782656
pr,kron,hand,39.693904,0.9533764624195861
pr,kron,hand,43.241768,0.9536559358769506
pr,kron,hand,47.106741,0.954130552639089
pr,kron,hand,51.317169,0.9547942747079361
pr,kron,hand,55.903926,0.9572487090040555
pr,kron,hand,60.900651,0.9588877617690186
pr,kron,hand,66.343985,0.9602304120592019
pr,kron,hand,72.273848,0.961369525437083
pr,kron,hand,78.733726,0.962052550222481
pr,kron,hand,85.770991,0.9836881005326515
pr,kron,hand,93.437251,0.9846085684176699
pr,kron,hand,101.788725,0.9855558942145526
pr,kron,hand,110.886659,0.9865773408674957
pr,kron,hand,120.797771,0.9873373294156911
pr,kron,hand,131.594745,0.9879043300064657
pr,kron,hand,143.356757,0.9881947268093245
pr,kron,hand,156.170066,0.9885133283873391
pr,kron,hand,170.128634,0.9888885860728892
pr,kron,hand,185.334828,0.9893258632795852
pr,kron,hand,201.90016,0.9898821070935059
pr,kron,hand,219.946111,0.9904271509086221
pr,kron,hand,239.605019,0.9907276003149662
pr,kron,hand,261.021051,0.9909365939299823
pr,kron,hand,284.351261,0.99123690919159
pr,kron,hand,309.766737,0.9917337105340829
pr,kron,hand,337.453864,0.992295730464421
pr,kron,hand,367.615681,0.9927068732109039
pr,kron,hand,400.473379,0.993000455661799
pr,kron,hand,436.267917,0.9932411298674007
pr,kron,hand,475.26179,0.9935352916754402
pr,kron,hand,517.740958,0.9938447806324001
pr,kron,hand,564.016938,0.9940578470088444
pr,kron,hand,614.429092,0.9941510071299109
pr,kron,hand,669.347112,0.9942027919277476
pr,kron,hand,729.173736,0.9942707275271501
pr,kron,hand,794.347698,0.9943914656715247
pr,kron,hand,865.346945,0.9946199576559461
pr,kron,hand,942.692145,0.9949194313938432
pr,kron,hand,1026.950503,0.9953578299086452
pr,kron,hand,1118.73992,0.99559536410291
pr,kron,hand,1218.733528,0.9956925027048524
pr,kron,hand,1327.664621,0.9957323876561096
pr,kron,hand,1446.332037,0.9957719203261892
pr,kron,hand,1575.606014,0.9958975913202222
pr,kron,hand,1716.434572,0.9959273310213603
pr,kron,hand,1869.850467,0.9959302283592428
pr,kron,hand,2036.978761,0.9959432335924336
pr,kron,hand,2219.045076,0.9959797468699852
pr,kron,hand,2417.384582,0.9961185989493349
pr,kron,hand,2633.451786,0.9963343086233093
pr,kron,hand,2868.831198,0.9964535917743198
pr,kron,hand,3125.248956,0.9965232790826832
pr,kron,hand,3404.585478,0.9965465550081749
pr,kron,hand,3708.889256,0.9965533547698527
pr,kron,hand,4040.391879,0.9965599256302168
pr,kron,hand,4401.524394,0.9965617257457224
pr,kron,hand,4794.935138,0.9965851696222009
pr,kron,hand,5223.509157,0.9997880773783793
pr,kron,hand,5690.389364,0.9997898124429789
pr,kron,hand,6198.999589,0.9998382154013022
pr,kron,hand,6753.069684,0.9999332955846477
pr,kron,hand,7356.662878,0.9999569483849139
pr,kron,hand,8014.205573,0.9999598132997115
pr,kron,hand,8730.519807,0.9999617205509702
pr,kron,hand,9510.858613,0.9999636278022289
pr,kron,hand,10360.944544,0.9999646440438644
pr,kron,hand,11287.011636,0.9999653372371958
pr,kron,hand,12295.85113,0.9999660304305278
pr,kron,hand,13394.861269,0.9999695997881426
pr,kron,hand,14592.101558,0.9999940409692275
pr,kron,hand,15896.351861,0.9999977135373531
pr,kron,hand,17317.176795,0.9999980946144609
pr,kron,hand,18864.995867,0.9999984756915687
pr,kron,hand,20551.159884,0.9999988567686765
pr,kron,hand,22388.034197,0.9999992378457844
pr,kron,hand,24389.089376,0.9999996189228922
pr,kron,hand,26569.0,1.0
pr,kron,auto,1.0,2.3695028334771045e-05
pr,kron,auto,1.089381,2.749162079478333e-05
pr,kron,auto,1.18675,3.128817726239974e-05
pr,kron,auto,1.292822,3.5084738789660706e-05
pr,kron,auto,1.408376,3.888133996627142e-05
pr,kron,auto,1.534257,4.2677901924105644e-05
pr,kron,auto,1.67139,4.6474483109611556e-05
pr,kron,auto,1.82078,5.0271063157827343e-05
pr,kron,auto,1.983522,5.4067630192699724e-05
pr,kron,auto,2.16081,0.00027905690252254733
pr,kron,auto,2.353945,0.0005220383875716721
pr,kron,auto,2.564341,0.0007650181378174829
pr,kron,auto,2.793544,0.0010079996865288295
pr,kron,auto,3.043232,0.0012509799659998905
pr,kron,auto,3.315238,0.001493960925102758
pr,kron,auto,3.611556,0.0017369418305817803
pr,kron,auto,3.934359,0.0019799226754164756
pr,kron,auto,4.286014,0.0023598705135071734
pr,kron,auto,4.669101,0.0027726345236293165
pr,kron,auto,5.086427,0.055920777385976006
pr,kron,auto,5.541055,0.21414612324023186
pr,kron,auto,6.036318,0.3612186562149762
pr,kron,auto,6.575847,0.3612264911314505
pr,kron,auto,7.1636,0.36123233471347305
pr,kron,auto,7.803887,0.3616911627056243
pr,kron,auto,8.501403,0.36358064323560824
pr,kron,auto,9.261263,0.36359982209573277
pr,kron,auto,10.08904,0.36618264570769155
pr,kron,auto,10.990804,0.3683459080730859
pr,kron,auto,11.973168,0.371087252908991
pr,kron,auto,13.043337,0.37500184210845466
pr,kron,auto,14.209158,0.378372598113696
pr,kron,auto,15.47918,0.3865702799243938
pr,kron,auto,16.862718,0.3924260599719182
pr,kron,auto,18.369917,0.4141292069994761
pr,kron,auto,20.011831,0.43511973830177236
pr,kron,auto,21.8005,0.7392161414284427
pr,kron,auto,23.749041,0.784419447940998
pr,kron,auto,25.871744,0.8388607357371982
pr,kron,auto,28.184175,0.9179344850558261
pr,kron,auto,30.703292,0.9385072717287131
pr,kron,auto,33.44757,0.9521545790951765
pr,kron,auto,36.437132,0.9529933958572526
pr,kron,auto,39.693904,0.9533790003496873
pr,kron,auto,43.241768,0.9536648313194356
pr,kron,auto,47.106741,0.954143296019387
pr,kron,auto,51.317169,0.9546429168338537
pr,kron,auto,55.903926,0.95604317627353
pr,kron,auto,60.900651,0.9575194611715792
pr,kron,auto,66.343985,0.9587970377778466
pr,kron,auto,72.273848,0.9599640686406808
pr,kron,auto,78.733726,0.9608924192540652
pr,kron,auto,85.770991,0.9828515700644596
pr,kron,auto,93.437251,0.9838947387921405
pr,kron,auto,101.788725,0.9847529444583668
pr,kron,auto,110.886659,0.9857977952549923
pr,kron,auto,120.797771,0.9865530326607972
pr,kron,auto,131.594745,0.9872113575102844
pr,kron,auto,143.356757,0.9877726846902027
pr,kron,auto,156.170066,0.988413299537192
pr,kron,auto,170.128634,0.9889870114009935
pr,kron,auto,185.334828,0.9893677824063282
pr,kron,auto,201.90016,0.9897066584967014
pr,kron,auto,219.946111,0.9901506727535938
pr,kron,auto,239.605019,0.9904626306680077
pr,kron,auto,261.021051,0.9906834335564286
pr,kron,auto,284.351261,0.9909991551105817
pr,kron,auto,309.766737,0.991529169860646
pr,kron,auto,337.453864,0.9921758142000441
pr,kron,auto,367.615681,0.9927711999807933
pr,kron,auto,400.473379,0.9932521648745678
pr,kron,auto,436.267917,0.9935642624935727
pr,kron,auto,475.26179,0.9937721442667417
pr,kron,auto,517.740958,0.9938761055604302
pr,kron,auto,564.016938,0.9940042472539055
pr,kron,auto,614.429092,0.994086963332737
pr,kron,auto,669.347112,0.9941607196496512
pr,kron,auto,729.173736,0.9942351766517853
pr,kron,auto,794.347698,0.9943559082238366
pr,kron,auto,865.346945,0.9945869493950903
pr,kron,auto,942.692145,0.9948864068312769
pr,kron,auto,1026.950503,0.9953919324651068
pr,kron,auto,1118.73992,0.9957060725372642
pr,kron,auto,1218.733528,0.9958245050918283
pr,kron,auto,1327.664621,0.9958683860698551
pr,kron,auto,1446.332037,0.995884324641059
pr,kron,auto,1575.606014,0.9959061056070729
pr,kron,auto,1716.434572,0.9959162954317659
pr,kron,auto,1869.850467,0.9959204569512197
pr,kron,auto,2036.978761,0.9959408927958994
pr,kron,auto,2219.045076,0.9959774040858681
pr,kron,auto,2417.384582,0.9961162486068708
pr,kron,auto,2633.451786,0.9963319465387916
pr,kron,auto,2868.831198,0.9964512231966806
pr,kron,auto,3125.248956,0.9965360024125154
pr,kron,auto,3404.585478,0.9965749500861382
pr,kron,auto,3708.889256,0.9965817202578804
pr,kron,auto,4040.391879,0.9965881464250752
pr,kron,auto,4401.524394,0.9965891536034955
pr,kron,auto,4794.935138,0.9965901607819164
pr,kron,auto,5223.509157,0.9997880889142865
pr,kron,auto,5690.389364,0.9997898238844386
pr,kron,auto,6198.999589,0.9998382242079699
pr,kron,auto,6753.069684,0.9999332992156709
pr,kron,auto,7356.662878,0.9999569609644985
pr,kron,auto,8014.205573,0.999959851749094
pr,kron,auto,8730.519807,0.9999618380407467
pr,kron,auto,9510.858613,0.9999638243323993
pr,kron,auto,10360.944544,0.999967235082715
pr,kron,auto,11287.011636,0.9999679189565853
pr,kron,auto,12295.85113,0.9999686028304562
pr,kron,auto,13394.861269,0.9999721630676486
pr,kron,auto,14592.101558,0.9999954476499464
pr,kron,auto,15896.351861,0.9999977136618157
pr,kron,auto,17317.176795,0.9999980947181796
pr,kron,auto,18864.995867,0.9999984757745437
pr,kron,auto,20551.159884,0.9999988568309077
pr,kron,auto,22388.034197,0.999999237887272
pr,kron,auto,24389.089376,0.999999618943636
pr,kron,auto,26569.0,1.0
bfs,uniform,hand,1.0,0.2483212450392378
bfs,uniform,hand,1.06522,0.25369816075709306
bfs,uniform,hand,1.134694,0.2590751028452136
bfs,uniform,hand,1.208699,0.26445203668063055
bfs,uniform,hand,1.287531,0.2698289954426688
bfs,uniform,hand,1.371504,0.27520592531927224
bfs,uniform,hand,1.460954,0.28058287069418203
bfs,uniform,hand,1.556237,0.285959763450883
bfs,uniform,hand,1.657736,0.29133674194650383
bfs,uniform,hand,1.765854,0.29671367974089446
bfs,uniform,hand,1.881023,0.3020905955546646
bfs,uniform,hand,2.003704,0.30731888283484626
bfs,uniform,hand,2.134386,0.3076196306599534
bfs,uniform,hand,2.273591,0.30792037825943763
bfs,uniform,hand,2.421875,0.3082211259127628
bfs,uniform,hand,2.57983,0.3085218733663726
bfs,uniform,hand,2.748087,0.3088226210876297
bfs,uniform,hand,2.927318,0.30912336920999506
bfs,uniform,hand,3.118239,0.3534653733943019
bfs,uniform,hand,3.321611,0.42574932093252194
bfs,uniform,hand,3.538247,0.4980332842023971
bfs,uniform,hand,3.769013,0.570317540538445
bfs,uniform,hand,4.014828,0.6384429096127973
bfs,uniform,hand,4.276676,0.6397202490840446
bfs,uniform,hand,4.555602,0.6409975895031148
bfs,uniform,hand,4.85272,0.6422749314577482
bfs,uniform,hand,5.169215,0.6457286076173849
bfs,uniform,hand,5.506353,0.6511373386114717
bfs,uniform,hand,5.865478,0.6565460512509304
bfs,uniform,hand,6.248026,0.6584996092523395
bfs,uniform,hand,6.655524,0.6585189506414765
bfs,uniform,hand,7.089599,0.6585600182631666
bfs,uniform,hand,7.551984,0.6586872876684345
bfs,uniform,hand,8.044526,0.658803629418515
bfs,uniform,hand,8.569192,0.6588065044258812
bfs,uniform,hand,9.128077,0.6588093794340056
bfs,uniform,hand,9.723412,0.6588122544391839
bfs,uniform,hand,10.357576,0.6588151294493386
bfs,uniform,hand,11.033099,0.6588180044538171
bfs,uniform,hand,11.752681,0.6588208794631991
bfs,uniform,hand,12.519193,0.6588237544676663
bfs,uniform,hand,13.335698,0.6588266294753664
bfs,uniform,hand,14.205455,0.6588295044809301
bfs,uniform,hand,15.131939,0.658832379490305
bfs,uniform,hand,16.118847,0.6588352544952704
bfs,uniform,hand,17.170122,0.658897680224972
bfs,uniform,hand,18.289962,0.6892247041815724
bfs,uniform,hand,19.482837,0.9635502823978735
bfs,uniform,hand,20.753513,0.9680626879398381
bfs,uniform,hand,22.107062,0.9680632506082216
bfs,uniform,hand,23.548889,0.9680638132763086
bfs,uniform,hand,25.084754,0.9680643759450186
bfs,uniform,hand,26.720787,0.9680649386132165
bfs,uniform,hand,28.463523,0.9680655012815956
bfs,uniform,hand,30.319921,0.9680660639500773
bfs,uniform,hand,32.297393,0.9680666266183561
bfs,uniform,hand,34.403837,0.9680680589501843
bfs,uniform,hand,36.647664,0.9680795842760149
bfs,uniform,hand,39.037833,0.9681313418955338
bfs,uniform,hand,41.58389,0.9682088928782449
bfs,uniform,hand,44.296001,0.9683981848272268
bfs,uniform,hand,47.184996,0.9686459154700244
bfs,uniform,hand,50.262413,0.9693141257753131
bfs,uniform,hand,53.54054,0.9702431137917754
bfs,uniform,hand,57.032466,0.9714855777372952
bfs,uniform,hand,60.752137,0.9739198777857759
bfs,uniform,hand,64.714406,0.9769838842603201
bfs,uniform,hand,68.935095,0.9807559533696372
bfs,uniform,hand,73.431058,0.985088778075695
bfs,uniform,hand,78.220249,0.9893954357819498
bfs,uniform,hand,83.321792,0.992214497645127
bfs,uniform,hand,88.756059,0.994402619409778
bfs,uniform,hand,94.544751,0.9957279053012288
bfs,uniform,hand,100.710982,0.9961941551964232
bfs,uniform,hand,107.279376,0.9963929596330972
bfs,uniform,hand,114.276162,0.996440230273869
bfs,uniform,hand,121.729281,0.9964504946750733
bfs,uniform,hand,129.668493,0.9964526654085931
bfs,uniform,hand,138.125503,0.9964544909009825
bfs,uniform,hand,147.134081,0.9964566439813817
bfs,uniform,hand,156.730201,0.9964625416026875
bfs,uniform,hand,166.952182,0.9965051125904756
bfs,uniform,hand,177.840842,0.9966190071184209
bfs,uniform,hand,189.439664,0.9967460316017482
bfs,uniform,hand,201.794964,0.9967936505462784
bfs,uniform,hand,214.95608,0.9968264412017523
bfs,uniform,hand,228.975566,0.9968396058132853
bfs,uniform,hand,243.909407,0.9968570591836494
bfs,uniform,hand,259.817236,0.9968665170842202
bfs,uniform,hand,276.762578,0.996879636658679
bfs,uniform,hand,294.813099,0.9968901087217183
bfs,uniform,hand,314.040879,0.9968958401392777
bfs,uniform,hand,334.5227,0.9969078227078585
bfs,uniform,hand,356.34035,0.9969170753882394
bfs,uniform,hand,379.580952,0.996920490008015
bfs,uniform,hand,404.337311,0.9969237234671509
bfs,uniform,hand,430.708287,0.9969326067617106
bfs,uniform,hand,458.799183,0.9969390962191012
bfs,uniform,hand,488.722175,0.9969431637151681
bfs,uniform,hand,520.596751,0.9969536995123722
bfs,uniform,hand,554.550195,0.9969580995094708
bfs,uniform,hand,590.71809,0.9969641584433736
bfs,uniform,hand,629.244864,0.9969718437698717
bfs,uniform,hand,670.284363,0.9969790064571554
bfs,uniform,hand,714.000468,0.9969825920230724
bfs,uniform,hand,760.567748,0.996987592689122
bfs,uniform,hand,810.172157,0.9983153579883097
bfs,uniform,hand,863.011777,0.9999407838315788
bfs,uniform,hand,919.29761,0.9999472512418927
bfs,uniform,hand,979.254418,0.9999538680815864
bfs,uniform,hand,1043.121624,0.9999564247151106
bfs,uniform,hand,1111.154263,0.9999591126384467
bfs,uniform,hand,1183.624008,0.9999619005052919
bfs,uniform,hand,1260.820246,0.9999668246197023
bfs,uniform,hand,1343.051242,0.9999733315625103
bfs,uniform,hand,1430.645362,0.9999759611099718
bfs,uniform,hand,1523.952392,0.9999827365224357
bfs,uniform,hand,1623.344929,0.9999911352500457
bfs,uniform,hand,1729.21987,0.9999952146493349
bfs,uniform,hand,1842.0,1.0
bfs,uniform,auto,1.0,0.26567725924766106
bfs,uniform,auto,1.08786,0.2666258962576577
bfs,uniform,auto,1.18344,0.26757453917305474
bfs,uniform,auto,1.287417,0.2685231758470542
bfs,uniform,auto,1.40053,0.26947181721954666
bfs,uniform,auto,1.523581,0.2704204574398611
bfs,uniform,auto,1.657444,0.2713691024244568
bfs,uniform,auto,1.803067,0.27231773924802566
bfs,uniform,auto,1.961485,0.2732663793212232
bfs,uniform,auto,2.133822,0.311900467078864
bfs,uniform,auto,2.3213,0.3119054355673662
bfs,uniform,auto,2.52525,0.31191040405932297
bfs,uniform,auto,2.747119,0.31191537254917207
bfs,uniform,auto,2.988482,0.3119203410497344
bfs,uniform,auto,3.251051,0.31221176562385783
bfs,uniform,auto,3.536689,0.31221590102530156
bfs,uniform,auto,3.847423,0.3122200364240318
bfs,uniform,auto,4.185459,0.6269027297497691
bfs,uniform,auto,4.553195,0.6364567236166121
bfs,uniform,auto,4.95324,0.6460107077926518
bfs,uniform,auto,5.388433,0.6521530514567204
bfs,uniform,auto,5.861862,0.6578669356402314
bfs,uniform,auto,6.376887,0.6594529072024142
bfs,uniform,auto,6.937162,0.6594606248570154
bfs,uniform,auto,7.546664,0.659490621011767
bfs,uniform,auto,8.209716,0.6595134376220564
bfs,uniform,auto,8.931024,0.6595140461482362
bfs,uniform,auto,9.715706,0.6595146546741724
bfs,uniform,auto,10.569331,0.6595152632005485
bfs,uniform,auto,11.497955,0.6595158717264455
bfs,uniform,auto,12.508169,0.6595164802528445
bfs,uniform,auto,13.60714,0.6595170887788585
bfs,uniform,auto,14.802668,0.6595176973054195
bfs,uniform,auto,16.103234,0.659561783811751
bfs,uniform,auto,17.518069,0.6637482736079046
bfs,uniform,auto,19.057212,0.9025813088271726
bfs,uniform,auto,20.731584,0.9678869354358047
bfs,uniform,auto,22.553067,0.9681251211460318
bfs,uniform,auto,24.534586,0.9681261158266502
bfs,uniform,auto,26.690202,0.9681271105073422
bfs,uniform,auto,29.035211,0.9681281051880096
bfs,uniform,auto,31.586253,0.9681290998686095
bfs,uniform,auto,34.36143,0.968142156299116
bfs,uniform,auto,37.380435,0.9681804488139977
bfs,uniform,auto,40.664691,0.9682367975161258
bfs,uniform,auto,44.237503,0.9684877042299126
bfs,uniform,auto,48.124223,0.9690030746474063
bfs,uniform,auto,52.352431,0.9699541547836422
bfs,uniform,auto,56.952131,0.9716929869285852
bfs,uniform,auto,61.955962,0.9743022242193285
bfs,uniform,auto,67.39943,0.9791417864294284
bfs,uniform,auto,73.321164,0.9850812449441718
bfs,uniform,auto,79.763183,0.9899270533810458
bfs,uniform,auto,86.771199,0.9937188404729432
bfs,uniform,auto,94.394942,0.9955591570885269
bfs,uniform,auto,102.688509,0.996252986040771
bfs,uniform,auto,111.710752,0.9964251668976799
bfs,uniform,auto,121.525691,0.9964535420448347
bfs,uniform,auto,132.202973,0.99645801238953
bfs,uniform,auto,143.818365,0.9964621177589139
bfs,uniform,auto,156.454289,0.996508046118001
bfs,uniform,auto,170.200408,0.9966113924812711
bfs,uniform,auto,185.154265,0.9966969816310722
bfs,uniform,auto,201.421973,0.9967718430219894
bfs,uniform,auto,219.118966,0.9967816690080193
bfs,uniform,auto,238.370822,0.9968001277182074
bfs,uniform,auto,259.314152,0.9968390021919078
bfs,uniform,auto,282.097569,0.9968647844733625
bfs,uniform,auto,306.882744,0.9968937185617623
bfs,uniform,auto,333.845551,0.996909131628416
bfs,uniform,auto,363.177318,0.9969168321071644
bfs,uniform,auto,395.086183,0.996920198981414
bfs,uniform,auto,429.79857,0.9969368000533553
bfs,uniform,auto,467.560798,0.9969473324539655
bfs,uniform,auto,508.640826,0.9969613832489436
bfs,uniform,auto,553.330157,0.9969745744714458
bfs,uniform,auto,601.945905,0.9969785818286399
bfs,uniform,auto,654.833048,0.9969828953082485
bfs,uniform,auto,712.36687,0.9969887370014066
bfs,uniform,auto,774.955631,0.9981232253022643
bfs,uniform,auto,843.043458,0.9999095731837555
bfs,uniform,auto,917.113502,0.9999553871531813
bfs,uniform,auto,997.691361,0.9999590463599927
bfs,uniform,auto,1085.348815,0.9999613996460717
bfs,uniform,auto,1180.707878,0.9999716452034212
bfs,uniform,auto,1284.445216,0.9999787442941329
bfs,uniform,auto,1397.296947,0.9999826363090792
bfs,uniform,auto,1520.063863,0.999985597828618
bfs,uniform,auto,1653.617117,0.999989699632256
bfs,uniform,auto,1798.904398,0.999994402043963
bfs,uniform,auto,1956.956662,0.9999954198373089
bfs,uniform,auto,2128.895445,0.9999955777739541
bfs,uniform,auto,2315.940818,0.9999957357105981
bfs,uniform,auto,2519.420053,0.9999958936472428
bfs,uniform,auto,2740.777033,0.9999960515838876
bfs,uniform,auto,2981.582501,0.999996209520532
bfs,uniform,auto,3243.545207,0.9999963674571761
bfs,uniform,auto,3528.524034,0.9999965253938209
bfs,uniform,auto,3838.541183,0.9999966833304654
bfs,uniform,auto,4175.796529,0.9999968412671099
bfs,uniform,auto,4542.683228,0.9999969992037544
bfs,uniform,auto,4941.804699,0.9999971571403988
bfs,uniform,auto,5375.993099,0.9999973150770434
bfs,uniform,auto,5848.329418,0.9999974730136878
bfs,uniform,auto,6362.165344,0.9999976309503325
bfs,uniform,auto,6921.147044,0.999997788886977
bfs,uniform,auto,7529.241038,0.9999979468236213
bfs,uniform,auto,8190.762348,0.9999981047602658
bfs,uniform,auto,8910.405113,0.9999982626969104
bfs,uniform,auto,9693.275901,0.9999984206335548
bfs,uniform,auto,10544.929945,0.9999985785701995
bfs,uniform,auto,11471.41056,0.9999987365068439
bfs,uniform,auto,12479.292032,0.9999988944434884
bfs,uniform,auto,13575.726264,0.999999052380133
bfs,uniform,auto,14768.493527,0.9999992103167775
bfs,uniform,auto,16066.057669,0.999999368253422
bfs,uniform,auto,17477.626174,0.9999995261900665
bfs,uniform,auto,19013.215499,0.999999684126711
bfs,uniform,auto,20683.722149,0.9999998420633555
bfs,uniform,auto,22501.0,1.0
bfs,kron,hand,1.0,0.21401427000485895
bfs,kron,hand,1.083918,0.2176845142678606
bfs,kron,hand,1.174878,0.22135474958637363
bfs,kron,hand,1.273471,0.22502497911377412
bfs,kron,hand,1.380338,0.22869521877776613
bfs,kron,hand,1.496173,0.23236545682194662
bfs,kron,hand,1.621729,0.23603570541529062
bfs,kron,hand,1.757821,0.23970594309119606
bfs,kron,hand,1.905334,0.24337619159303822
bfs,kron,hand,2.065226,0.24579464067851187
bfs,kron,hand,2.238535,0.2463216922035702
bfs,kron,hand,2.426388,0.24684874456066502
bfs,kron,hand,2.630006,0.24737579886710656
bfs,kron,hand,2.85071,0.24790285031356518
bfs,kron,hand,3.089936,0.2507674419228602
bfs,kron,hand,3.349237,0.257671478084538
bfs,kron,hand,3.630297,0.2645754906362032
bfs,kron,hand,3.934944,0.27147952743344383
bfs,kron,hand,4.265157,0.2733331441559341
bfs,kron,hand,4.62308,0.2738964889830633
bfs,kron,hand,5.011039,0.27862721662656054
bfs,kron,hand,5.431555,0.4314631434196142
bfs,kron,hand,5.887359,0.58429880263944
bfs,kron,hand,6.381414,0.6226323934225576
bfs,kron,hand,6.916929,0.62575528092526
bfs,kron,hand,7.497383,0.6285695417899667
bfs,kron,hand,8.126548,0.6338978660454211
bfs,kron,hand,8.808511,0.6358017434562633
bfs,kron,hand,9.547702,0.6385394500953584
bfs,kron,hand,10.348926,0.6406215255839824
bfs,kron,hand,11.217386,0.6438349973959031
bfs,kron,hand,12.158725,0.6482130371793391
bfs,kron,hand,13.17906,0.6511003285941537
bfs,kron,hand,14.285019,0.6537312326150693
bfs,kron,hand,15.483788,0.6620337080715216
bfs,kron,hand,16.783155,0.6695111424991526
bfs,kron,hand,18.191562,0.689493504863652
bfs,kron,hand,19.718159,0.7251147095301613
bfs,kron,hand,21.372866,0.7539212584481145
bfs,kron,hand,23.166432,0.8381937927425006
bfs,kron,hand,25.11051,0.8675498978675552
bfs,kron,hand,27.217732,0.9233856464026272
bfs,kron,hand,29.501786,0.9711071634665294
bfs,kron,hand,31.977514,0.9809211167874651
bfs,kron,hand,34.661,0.9855567096714604
bfs,kron,hand,37.569679,0.9862753967915726
bfs,kron,hand,40.722447,0.9871137820406255
bfs,kron,hand,44.139789,0.9877297956539496
bfs,kron,hand,47.843908,0.9880660321831792
bfs,kron,hand,51.858868,0.9883960677140455
bfs,kron,hand,56.210756,0.988743327283101
bfs,kron,hand,60.927844,0.9890307367504565
bfs,kron,hand,66.040781,0.9894078721429416
bfs,kron,hand,71.582784,0.9897431805601059
bfs,kron,hand,77.589861,0.9900587096067427
bfs,kron,hand,84.10104,0.9904264740759332
bfs,kron,hand,91.158622,0.9908311737798825
bfs,kron,hand,98.808463,0.9914513743258188
bfs,kron,hand,107.100261,0.9919001257181855
bfs,kron,hand,116.08789,0.9924433647980099
bfs,kron,hand,125.829742,0.9926631991145571
bfs,kron,hand,136.38911,0.9928391317957892
bfs,kron,hand,147.834598,0.9930642516901481
bfs,kron,hand,160.240567,0.9934227835909223
bfs,kron,hand,173.687619,0.9937658634826741
bfs,kron,hand,188.263119,0.9941068913141031
bfs,kron,hand,204.061765,0.9942579440110747
bfs,kron,hand,221.186199,0.9943236403415363
bfs,kron,hand,239.747681,0.9943550277400315
bfs,kron,hand,259.866803,0.9943967533148893
bfs,kron,hand,281.674279,0.9945946615237824
bfs,kron,hand,305.311793,0.994905947205113
bfs,kron,hand,330.932918,0.9953427328950819
bfs,kron,hand,358.704113,0.9955034278304051
bfs,kron,hand,388.805809,0.9955582687772455
bfs,kron,hand,421.433577,0.995620846158665
bfs,kron,hand,456.799397,0.9957462892937978
bfs,kron,hand,495.133044,0.9960083521622439
bfs,kron,hand,536.683569,0.9961412799822393
bfs,kron,hand,581.720927,0.996186823707366
bfs,kron,hand,630.537726,0.9961929642693739
bfs,kron,hand,683.451128,0.9961940079503876
bfs,kron,hand,740.804912,0.9961950516314085
bfs,kron,hand,802.971704,0.9961960953124108
bfs,kron,hand,870.355404,0.996197138993434
bfs,kron,hand,943.393802,0.9962606155531348
bfs,kron,hand,1022.561428,0.996457339568459
bfs,kron,hand,1108.372636,0.9965117017966588
bfs,kron,hand,1201.384941,0.9965251879682144
bfs,kron,hand,1302.202642,0.99653166596609
bfs,kron,hand,1411.480754,0.996559294013545
bfs,kron,hand,1529.929255,0.9966750905317302
bfs,kron,hand,1658.317705,0.9967087420464968
bfs,kron,hand,1797.480245,0.9967094473309532
bfs,kron,hand,1948.321013,0.996710152615409
bfs,kron,hand,2111.820021,0.9967108578998624
bfs,kron,hand,2289.039523,0.9967115631843181
bfs,kron,hand,2481.130914,0.9967122684687756
bfs,kron,hand,2689.34221,0.996712973753229
bfs,kron,hand,2915.026161,0.9967136790376833
bfs,kron,hand,3159.649036,0.996757521974528
bfs,kron,hand,3424.800149,0.9967706552934759
bfs,kron,hand,3712.202186,0.9967712616560445
bfs,kron,hand,4023.722399,0.996771868018614
bfs,kron,hand,4361.384733,0.9967724743811816
bfs,kron,hand,4727.382982,0.9967948549774759
bfs,kron,hand,5124.095036,0.9999924487449634
bfs,kron,hand,5554.098332,0.99999307629043
bfs,kron,hand,6020.186601,0.9999937038358957
bfs,kron,hand,6525.38802,0.9999943313813628
bfs,kron,hand,7072.984881,0.9999949589268295
bfs,kron,hand,7666.534921,0.9999955864722966
bfs,kron,hand,8309.894433,0.9999962140177626
bfs,kron,hand,9007.243325,0.9999968415632292
bfs,kron,hand,9763.112272,0.9999974640346543
bfs,kron,hand,10582.412154,0.9999979712277237
bfs,kron,hand,11470.465961,0.9999984784207926
bfs,kron,hand,12433.043379,0.9999989856138617
bfs,kron,hand,13476.398273,0.9999994928069309
bfs,kron,hand,14607.309319,1.0
bfs,kron,auto,1.0,0.2355321842810152
bfs,kron,auto,1.080162,0.23602856732582483
bfs,kron,auto,1.16675,0.23652495066721976
bfs,kron,auto,1.260278,0.23702132853527386
bfs,kron,auto,1.361305,0.23751771439351133
bfs,kron,auto,1.470429,0.23801409336079127
bfs,kron,auto,1.588302,0.2385104783125052
bfs,kron,auto,1.715623,0.23900685961285698
bfs,kron,auto,1.85315,0.23950323997971665
bfs,kron,auto,2.001702,0.2517953328679136
bfs,kron,auto,2.162162,0.25317380816058116
bfs,kron,auto,2.335485,0.25317577515500406
bfs,kron,auto,2.522702,0.2531777421504395
bfs,kron,auto,2.724927,0.2531797091488963
bfs,kron,auto,2.943362,0.25318167614064996
bfs,kron,auto,3.179307,0.25431601463897124
bfs,kron,auto,3.434166,0.2557376311910644
bfs,kron,auto,3.709455,0.2571592479497063
bfs,kron,auto,4.006812,0.2586823504145538
bfs,kron,auto,4.328005,0.25905172083859496
bfs,kron,auto,4.674946,0.25942109188970386
bfs,kron,auto,5.049698,0.28707616256662605
bfs,kron,auto,5.454492,0.2870772389342945
bfs,kron,auto,5.891734,0.2870783152993442
bfs,kron,auto,6.364026,0.6313524726571355
bfs,kron,auto,6.874178,0.63400534654303
bfs,kron,auto,7.425225,0.6346394556822214
bfs,kron,auto,8.020444,0.6373221026029439
bfs,kron,auto,8.663378,0.6388379110063045
bfs,kron,auto,9.35785,0.63890596498057
bfs,kron,auto,10.107993,0.6421732680751023
bfs,kron,auto,10.918268,0.6443193827978131
bfs,kron,auto,11.793496,0.6465761670818749
bfs,kron,auto,12.738885,0.651374349915175
bfs,kron,auto,13.760057,0.6534794406067341
bfs,kron,auto,14.863089,0.6580667273696895
bfs,kron,auto,16.054541,0.6667954004663592
bfs,kron,auto,17.341503,0.6740073966967506
bfs,kron,auto,18.731629,0.6960026122384311
bfs,kron,auto,20.233191,0.7185063337380859
bfs,kron,auto,21.855121,0.7693912407765935
bfs,kron,auto,23.607068,0.7931011386915333
bfs,kron,auto,25.499454,0.8688600505381882
bfs,kron,auto,27.543537,0.9374795183301536
bfs,kron,auto,29.751478,0.9488234520859482
bfs,kron,auto,32.136411,0.9801340277734839
bfs,kron,auto,34.712525,0.9842333172135294
bfs,kron,auto,37.495144,0.9849681904729735
bfs,kron,auto,40.500824,0.9858693772976512
bfs,kron,auto,43.747445,0.9864474767268955
bfs,kron,auto,47.25432,0.9871411223952571
bfs,kron,auto,51.042314,0.987633147604265
bfs,kron,auto,55.133959,0.9880089740999494
bfs,kron,auto,59.553599,0.9883629118778705
bfs,kron,auto,64.327525,0.9886480329430988
bfs,kron,auto,69.484138,0.9889883461058628
bfs,kron,auto,75.054114,0.9893112070767269
bfs,kron,auto,81.07059,0.9896029861386205
bfs,kron,auto,87.569358,0.9899638928815242
bfs,kron,auto,94.589079,0.9905799830630906
bfs,kron,auto,102.171513,0.991308881074899
bfs,kron,auto,110.36177,0.9919771911120303
bfs,kron,auto,119.208572,0.9925537291998446
bfs,kron,auto,128.764551,0.9929608962667419
bfs,kron,auto,139.086554,0.9931897848698827
bfs,kron,auto,150.235988,0.9933277744051222
bfs,kron,auto,162.279182,0.9934686559017875
bfs,kron,auto,175.287779,0.9936683711864444
bfs,kron,auto,189.33917,0.9938737790162868
bfs,kron,auto,204.516946,0.9939644246066647
bfs,kron,auto,220.911401,0.9940486106406913
bfs,kron,auto,238.620066,0.9940673564465391
bfs,kron,auto,257.748289,0.9941012914255888
bfs,kron,auto,278.409866,0.9942631892263504
bfs,kron,auto,300.727713,0.9945593951293329
bfs,kron,auto,324.8346,0.9951856796373124
bfs,kron,auto,350.873939,0.9955699843430219
bfs,kron,auto,379.00064,0.9957581444057352
bfs,kron,auto,409.382029,0.9958122893733605
bfs,kron,auto,442.198845,0.9958555009724036
bfs,kron,auto,477.646318,0.9958715346886965
bfs,kron,auto,515.935326,0.9959554545235966
bfs,kron,auto,557.293651,0.9960347648479565
bfs,kron,auto,601.967336,0.9960829517580158
bfs,kron,auto,650.222145,0.9961520483461701
bfs,kron,auto,702.345149,0.9961647588563156
bfs,kron,auto,758.646428,0.9961683956644944
bfs,kron,auto,819.460922,0.9961743781129875
bfs,kron,auto,885.150417,0.9961897727726863
bfs,kron,auto,956.105703,0.9962839015783498
bfs,kron,auto,1032.748895,0.9965745782784088
bfs,kron,auto,1115.535947,0.9966693899060638
bfs,kron,auto,1204.959361,0.9966815291158825
bfs,kron,auto,1301.55112,0.9966838516234012
bfs,kron,auto,1405.885853,0.9966861741309395
bfs,kron,auto,1518.58425,0.9966931425949865
bfs,kron,auto,1640.316757,0.9967081491479372
bfs,kron,auto,1771.807567,0.99671038111458
bfs,kron,auto,1913.838922,0.9967143728360255
bfs,kron,auto,2067.255771,0.9967178582820755
bfs,kron,auto,2232.970797,0.9967187745110391
bfs,kron,auto,2411.969845,0.9967196907400059
bfs,kron,auto,2605.317786,0.9967206069689722
bfs,kron,auto,2814.164853,0.9967215231979356
bfs,kron,auto,3039.753486,0.9967558081282857
bfs,kron,auto,3283.425718,0.9968087147371919
bfs,kron,auto,3546.631165,0.9968091873872715
bfs,kron,auto,3830.935645,0.9968096600373513
bfs,kron,auto,4138.030495,0.9968101326874307
bfs,kron,auto,4469.742634,0.9968106053375112
bfs,kron,auto,4828.045427,0.9968110779875898
bfs,kron,auto,5215.070432,0.9999875702618587
bfs,kron,auto,5633.120074,0.9999882575312135
bfs,kron,auto,6084.681344,0.9999889448005674
bfs,kron,auto,6572.440596,0.999989632069921
bfs,kron,auto,7099.299527,0.9999903193392744
bfs,kron,auto,7668.39244,0.9999910066086287
bfs,kron,auto,8283.104888,0.9999916938779829
bfs,kron,auto,8947.093816,0.9999924850585129
bfs,kron,auto,9664.309319,1.0
cc,uniform,hand,1.0,0.28865254585175504
cc,uniform,hand,1.079417,0.2907833771897909
cc,uniform,hand,1.165142,0.2929142310254351
cc,uniform,hand,1.257674,0.2950450605407778
cc,uniform,hand,1.357555,0.29717589812146716
cc,uniform,hand,1.465369,0.29930674952557706
cc,uniform,hand,1.581744,0.3014375771640004
cc,uniform,hand,1.707362,0.30356841890077546
cc,uniform,hand,1.842956,0.3056992567753972
cc,uniform,hand,1.989319,0.3078301016159514
cc,uniform,hand,2.147305,0.30798106261201563
cc,uniform,hand,2.317839,0.30798284127932224
cc,uniform,hand,2.501915,0.30798461993345516
cc,uniform,hand,2.700611,0.30798639859811955
cc,uniform,hand,2.915086,0.30798817725517724
cc,uniform,hand,3.146594,0.3624795842033523
cc,uniform,hand,3.396488,0.44976534926412254
cc,uniform,hand,3.666228,0.5370511433626313
cc,uniform,hand,3.95739,0.6243369288222702
cc,uniform,hand,4.271675,0.6397005457008903
cc,uniform,hand,4.61092,0.6433423509368618
cc,uniform,hand,4.977107,0.6469841568403893
cc,uniform,hand,5.372376,0.6506259663152968
cc,uniform,hand,5.799036,0.6542677737816214
cc,uniform,hand,6.259579,0.6562417136920904
cc,uniform,hand,6.756698,0.6568740828299834
cc,uniform,hand,7.293297,0.6575064521271548
cc,uniform,hand,7.872511,0.6581388211440734
cc,uniform,hand,8.497725,0.6587711905353946
cc,uniform,hand,9.172592,0.6588390220235052
cc,uniform,hand,9.901054,0.6588428593454694
cc,uniform,hand,10.687369,0.6588466966700354
cc,uniform,hand,11.536132,0.6588505339988836
cc,uniform,hand,12.4523,0.6588543713214977
cc,uniform,hand,13.441228,0.6588582086457828
cc,uniform,hand,14.508695,0.65886204597357
cc,uniform,hand,15.660936,0.6588658832967931
cc,uniform,hand,16.904686,0.6589036872299092
cc,uniform,hand,18.247211,0.6826847904047083
cc,uniform,hand,19.696355,0.9667865643366937
cc,uniform,hand,21.260587,0.968065986261869
cc,uniform,hand,22.949046,0.9680667546911597
cc,uniform,hand,24.771597,0.9680675231200845
cc,uniform,hand,26.738891,0.9680682915493636
cc,uniform,hand,28.862422,0.9680690599785626
cc,uniform,hand,31.154598,0.9680698284077179
cc,uniform,hand,33.628813,0.9680720865324726
cc,uniform,hand,36.299523,0.9680791546598565
cc,uniform,hand,39.182334,0.9681425867514465
cc,uniform,hand,42.29409,0.9682611949621404
cc,uniform,hand,45.652973,0.9685811638432568
cc,uniform,hand,49.27861,0.969001973531677
cc,uniform,hand,53.192185,0.9699732238493649
cc,uniform,hand,57.416565,0.9717446070358603
cc,uniform,hand,61.976435,0.974841053444858
cc,uniform,hand,66.898437,0.9780420506747409
cc,uniform,hand,72.211331,0.9828819400371394
cc,uniform,hand,77.946162,0.987518750440176
cc,uniform,hand,84.136437,0.991288148274079
cc,uniform,hand,90.818327,0.993966328311851
cc,uniform,hand,98.030875,0.9956997544559755
cc,uniform,hand,105.816224,0.9964140635787881
cc,uniform,hand,114.219864,0.9967096291880733
cc,uniform,hand,123.2909,0.9968356754645542
cc,uniform,hand,133.082332,0.9968909165423221
cc,uniform,hand,143.651374,0.996913301328493
cc,uniform,hand,155.059781,0.9969307046970743
cc,uniform,hand,167.374212,0.9969373460818588
cc,uniform,hand,180.666623,0.9969398539487534
cc,uniform,hand,195.014682,0.9969483444378372
cc,uniform,hand,210.502225,0.9969537012587684
cc,uniform,hand,227.219747,0.9969646260244145
cc,uniform,hand,245.26493,0.9969691795481175
cc,uniform,hand,264.743212,0.9969721986564399
cc,uniform,hand,285.768408,0.9969828412801798
cc,uniform,hand,308.463368,0.9969897984721686
cc,uniform,hand,332.960702,0.9969973190068692
cc,uniform,hand,359.403547,0.9969991893578448
cc,uniform,hand,387.946413,0.997000295874752
cc,uniform,hand,418.756076,0.9970014023916287
cc,uniform,hand,452.01256,0.9970122723622344
cc,uniform,hand,487.910185,0.9970203844143354
cc,uniform,hand,526.658704,0.997025469780163
cc,uniform,hand,568.484525,0.9970265791652058
cc,uniform,hand,613.632041,0.9970279014120385
cc,uniform,hand,662.365051,0.9970297280641857
cc,uniform,hand,714.968307,0.9970306162112516
cc,uniform,hand,771.749172,0.9970315043583096
cc,uniform,hand,833.039421,0.9970342499616526
cc,uniform,hand,899.197177,0.9999816385730396
cc,uniform,hand,970.609004,0.9999835835289916
cc,uniform,hand,1047.692168,0.9999846817080199
cc,uniform,hand,1130.897069,0.9999857798870336
cc,uniform,hand,1220.709881,0.9999898928616093
cc,uniform,hand,1317.655385,0.9999916716085984
cc,uniform,hand,1422.300041,0.9999928600915569
cc,uniform,hand,1535.255294,0.9999930924824347
cc,uniform,hand,1657.181151,0.9999932720723295
cc,uniform,hand,1788.790033,0.999993451662225
cc,uniform,hand,1930.850939,0.99999363125212
cc,uniform,hand,2084.19394,0.9999938108420139
cc,uniform,hand,2249.715032,0.9999939904319091
cc,uniform,hand,2428.381365,0.999994170021804
cc,uniform,hand,2621.236898,0.9999943496116983
cc,uniform,hand,2829.408501,0.9999945292015933
cc,uniform,hand,3054.112534,0.9999947087914881
cc,uniform,hand,3296.661958,0.9999948883813826
cc,uniform,hand,3558.474007,0.9999950679712774
cc,uniform,hand,3841.078467,0.9999952475611723
cc,uniform,hand,4146.126615,0.9999977938420764
cc,uniform,hand,4475.400868,0.9999980144578686
cc,uniform,hand,4830.825199,0.9999982350736609
cc,uniform,hand,5214.476377,0.9999984556894532
cc,uniform,hand,5628.596103,0.999998676305246
cc,uniform,hand,6075.604106,0.9999988969210383
cc,uniform,hand,6558.112285,0.9999991175368304
cc,uniform,hand,7078.93997,0.9999993381526228
cc,uniform,hand,7641.130393,0.9999995587684154
cc,uniform,hand,8247.96847,0.9999997793842076
cc,uniform,hand,8903.0,1.0
cc,uniform,auto,1.0,2.3591638179763563e-05
cc,uniform,auto,1.083676,2.4138650326168637e-05
cc,uniform,auto,1.174353,2.4685658571686224e-05
cc,uniform,auto,1.272618,2.5232669853559158e-05
cc,uniform,auto,1.379105,2.5779679118551347e-05
cc,uniform,auto,1.494503,2.6326691310595152e-05
cc,uniform,auto,1.619556,2.6873699115112205e-05
cc,uniform,auto,1.755074,2.7420711386188758e-05
cc,uniform,auto,1.901931,2.7967721485291122e-05
cc,uniform,auto,2.061076,0.32141382565014626
cc,uniform,auto,2.233538,0.357264882802224
cc,uniform,auto,2.420431,0.3931159619819404
cc,uniform,auto,2.622963,0.4289671407182053
cc,uniform,auto,2.842441,0.4648181516779138
cc,uniform,auto,3.080284,0.5006691694301294
cc,uniform,auto,3.338029,0.5365202327044728
cc,uniform,auto,3.617341,0.5723712959789362
cc,uniform,auto,3.920025,0.6082224008643855
cc,uniform,auto,4.248036,0.6224471775966665
cc,uniform,auto,4.603493,0.6294120643531353
cc,uniform,auto,4.988694,0.6363769670760863
cc,uniform,auto,5.406126,0.6365751940330139
cc,uniform,auto,5.858488,0.6365772736506354
cc,uniform,auto,6.348701,0.6403719722358893
cc,uniform,auto,6.879933,0.6457690918347783
cc,uniform,auto,7.455616,0.6511662095469551
cc,uniform,auto,8.079471,0.6563265680066933
cc,uniform,auto,8.755526,0.658843858187412
cc,uniform,auto,9.488151,0.6588445079479307
cc,uniform,auto,10.282079,0.6588451577085052
cc,uniform,auto,11.142439,0.6588458074687108
cc,uniform,auto,12.074791,0.658846457229444
cc,uniform,auto,13.085158,0.658847106990018
cc,uniform,auto,14.180068,0.6588477567504777
cc,uniform,auto,15.366595,0.6588487177847402
cc,uniform,auto,16.652406,0.659464586343956
cc,uniform,auto,18.045808,0.6739047892980621
cc,uniform,auto,19.555804,0.951652793507528
cc,uniform,auto,21.19215,0.9680385298217277
cc,uniform,auto,22.965418,0.9680647915607772
cc,uniform,auto,24.887066,0.9680657425926756
cc,uniform,auto,26.969509,0.968066693624447
cc,uniform,auto,29.226202,0.9680676446562575
cc,uniform,auto,31.671725,0.9680685956879168
cc,uniform,auto,34.32188,0.9680812656318349
cc,uniform,auto,37.193788,0.9681169561421744
cc,uniform,auto,40.306005,0.9681949272970374
cc,uniform,auto,43.678638,0.9684136987826468
cc,uniform,auto,47.33348,0.968844079347252
cc,uniform,auto,51.294143,0.9696595172134742
cc,uniform,auto,55.586217,0.9711833259154008
cc,uniform,auto,60.237434,0.9734904838406453
cc,uniform,auto,65.277844,0.9762555287853578
cc,uniform,auto,70.740015,0.9800272377391691
cc,uniform,auto,76.659236,0.9833167517250767
cc,uniform,auto,83.073753,0.9854695153394077
cc,uniform,auto,90.025009,0.9870154589421707
cc,uniform,auto,97.557916,0.9877330121961124
cc,uniform,auto,105.721145,0.9885057562440044
cc,uniform,auto,114.567438,0.9899184054699737
cc,uniform,auto,124.15395,0.9917365780048678
cc,uniform,auto,134.542621,0.9939809087680532
cc,uniform,auto,145.800572,0.9953847089214608
cc,uniform,auto,158.00054,0.9961805265584315
cc,uniform,auto,171.221348,0.996495329332346
cc,uniform,auto,185.548418,0.9966000340715042
cc,uniform,auto,201.074315,0.9966554086042613
cc,uniform,auto,217.899352,0.9967088482695096
cc,uniform,auto,236.132237,0.9967446677906925
cc,uniform,auto,255.890772,0.9967700474951856
cc,uniform,auto,277.302616,0.9968229211554054
cc,uniform,auto,300.506112,0.996858781126739
cc,uniform,auto,325.651177,0.9968895640792677
cc,uniform,auto,352.900273,0.9969077014500504
cc,uniform,auto,382.429457,0.9969197448770899
cc,uniform,auto,414.429516,0.9969520881630956
cc,uniform,auto,449.107204,0.9969581787521441
cc,uniform,auto,486.686572,0.9969705878625634
cc,uniform,auto,527.41042,0.996973942774721
cc,uniform,auto,571.541866,0.9969835456166997
cc,uniform,auto,619.366042,0.9969884527649162
cc,uniform,auto,671.191941,0.9969930888090859
cc,uniform,auto,727.354408,0.9969984594282362
cc,uniform,auto,788.216311,0.9970011439255471
cc,uniform,auto,854.170877,0.9999560212593278
cc,uniform,auto,925.644239,0.9999658630783241
cc,uniform,auto,1003.098186,0.9999709110491887
cc,uniform,auto,1087.033147,0.9999766930347678
cc,uniform,auto,1177.991427,0.999977601416368
cc,uniform,auto,1276.560706,0.9999785097979642
cc,uniform,auto,1383.37784,0.9999801778454299
cc,uniform,auto,1499.132975,0.9999837191850646
cc,uniform,auto,1624.574003,0.9999846126495541
cc,uniform,auto,1760.5114,0.9999855061140495
cc,uniform,auto,1907.823456,0.9999906278277648
cc,uniform,auto,2067.461955,0.9999929810078573
cc,uniform,auto,2240.458319,0.9999935050873833
cc,uniform,auto,2427.930278,0.9999940291669093
cc,uniform,auto,2631.089089,0.9999945532464382
cc,uniform,auto,2851.247359,0.9999950773259659
cc,uniform,auto,3089.82753,0.999995451251489
cc,uniform,auto,3348.371068,0.9999957292112609
cc,uniform,auto,3628.548423,0.9999960071710335
cc,uniform,auto,3932.169819,0.9999962851308057
cc,uniform,auto,4261.196954,0.9999965630905784
cc,uniform,auto,4617.75567,0.9999968410503504
cc,uniform,auto,5004.149693,0.9999971190101224
cc,uniform,auto,5422.875514,0.999997396969895
cc,uniform,auto,5876.638519,0.9999976668520932
cc,uniform,auto,6368.370469,0.9999978789564484
cc,uniform,auto,6901.248443,0.9999980910608035
cc,uniform,auto,7478.715365,0.9999983031651588
cc,uniform,auto,8104.502246,0.9999985152695139
cc,uniform,auto,8782.652294,0.9999987273738691
cc,uniform,auto,9517.547034,0.999998939478224
cc,uniform,auto,10313.93462,0.9999991515825793
cc,uniform,auto,11176.960509,0.9999993636869344
cc,uniform,auto,12112.20071,0.9999995757912897
cc,uniform,auto,13125.697806,0.9999997878956448
cc,uniform,auto,14224.0,1.0
cc,kron,hand,1.0,0.23187791437049599
cc,kron,hand,1.083967,0.23372553103989463
cc,kron,hand,1.174985,0.23557315829757075
cc,kron,hand,1.273644,0.23742075759573403
cc,kron,hand,1.380589,0.2392683897721642
cc,kron,hand,1.496513,0.2411160077191987
cc,kron,hand,1.62217,0.24296361440020806
cc,kron,hand,1.758379,0.24481123434862875
cc,kron,hand,1.906025,0.24665885330842702
cc,kron,hand,2.066068,0.24776253114314967
cc,kron,hand,2.23955,0.24776456235199146
cc,kron,hand,2.427598,0.2477665935525062
cc,kron,hand,2.631436,0.2477686247549198
cc,kron,hand,2.85239,0.247770655960379
cc,kron,hand,3.091897,0.25036668604330165
cc,kron,hand,3.351514,0.25730042955875987
cc,kron,hand,3.632931,0.2642341912029971
cc,kron,hand,3.937978,0.2711679577206397
cc,kron,hand,4.268638,0.2728718684239173
cc,kron,hand,4.627063,0.2733184576968817
cc,kron,hand,5.015583,0.279743193973491
cc,kron,hand,5.436727,0.4350874922954344
cc,kron,hand,5.893233,0.5904317109183322
cc,kron,hand,6.38807,0.6274875995881231
cc,kron,hand,6.924457,0.6306558254241292
cc,kron,hand,7.505884,0.6319043132771264
cc,kron,hand,8.13613,0.6342545835539172
cc,kron,hand,8.819297,0.6386813679910996
cc,kron,hand,9.559827,0.6401333825067426
cc,kron,hand,10.362537,0.641425845167213
cc,kron,hand,11.232649,0.6447272944903194
cc,kron,hand,12.175821,0.6490182536872324
cc,kron,hand,13.198189,0.6519590559748586
cc,kron,hand,14.306401,0.6548641404419543
cc,kron,hand,15.507667,0.6625051625536
cc,kron,hand,16.8098,0.6692568622514408
cc,kron,hand,18.221269,0.6892799626705612
cc,kron,hand,19.751255,0.7255181243761946
cc,kron,hand,21.409709,0.7538125195967611
cc,kron,hand,23.207419,0.83770289086373
cc,kron,hand,25.156077,0.868266616067487
cc,kron,hand,27.268358,0.92246537322187
cc,kron,hand,29.558001,0.9702152376758051
cc,kron,hand,32.039899,0.9806614614690558
cc,kron,hand,34.730194,0.9850121169117905
cc,kron,hand,37.646385,0.9858636678757173
cc,kron,hand,40.80744,0.986943038116334
cc,kron,hand,44.23392,0.9877840784761784
cc,kron,hand,47.948111,0.9882141441842791
cc,kron,hand,51.974171,0.9885930216333895
cc,kron,hand,56.338288,0.9888348828093055
cc,kron,hand,61.068846,0.989115815691414
cc,kron,hand,66.196616,0.9894571399105422
cc,kron,hand,71.754949,0.9898354095751767
cc,kron,hand,77.779999,0.9902816754859235
cc,kron,hand,84.310955,0.9907413589054016
cc,kron,hand,91.390295,0.9912314708797645
cc,kron,hand,99.064067,0.991880506243564
cc,kron,hand,107.382182,0.9923922471191856
cc,kron,hand,116.398745,0.9929551923534068
cc,kron,hand,126.172402,0.9931769259905263
cc,kron,hand,136.766724,0.9933057121594351
cc,kron,hand,148.25062,0.9934536354724854
cc,kron,hand,160.698784,0.9936696115168636
cc,kron,hand,174.192184,0.9939550555017287
cc,kron,hand,188.818584,0.99424234535092
cc,kron,hand,204.67312,0.9944074728949179
cc,kron,hand,221.858914,0.9944708584475109
cc,kron,hand,240.487748,0.9944934022402783
cc,kron,hand,260.68079,0.9945174020433097
cc,kron,hand,282.569381,0.9946901956232428
cc,kron,hand,306.295893,0.9950243379261032
cc,kron,hand,332.014649,0.9954418575642648
cc,kron,hand,359.892933,0.9955921010403742
cc,kron,hand,390.112074,0.9956292900890606
cc,kron,hand,422.868626,0.9956580990427784
cc,kron,hand,458.375649,0.9957598966582386
cc,kron,hand,496.864091,0.9959685522127929
cc,kron,hand,538.584293,0.9961220820068816
cc,kron,hand,583.807616,0.9961762172816696
cc,kron,hand,632.828208,0.9961924955078445
cc,kron,hand,685.964913,0.9961933897112452
cc,kron,hand,743.563349,0.9961942839146415
cc,kron,hand,805.998155,0.9961957083719982
cc,kron,hand,873.675427,0.9962000044874206
cc,kron,hand,947.035357,0.9962742939991677
cc,kron,hand,1026.555103,0.9964894202081324
cc,kron,hand,1112.751887,0.9965349138138586
cc,kron,hand,1206.186358,0.996535931411799
cc,kron,hand,1307.466244,0.996536949009739
cc,kron,hand,1417.250301,0.9965542112061231
cc,kron,hand,1536.252599,0.9966561703227547
cc,kron,hand,1665.247167,0.9967030413436605
cc,kron,hand,1805.073026,0.9967062670057407
cc,kron,hand,1956.639647,0.996706796601217
cc,kron,hand,2120.932867,0.996707326196693
cc,kron,hand,2299.021301,0.9967078557921699
cc,kron,hand,2492.063291,0.9967085835806779
cc,kron,hand,2701.314444,0.9967108646435318
cc,kron,hand,2928.135795,0.9967131457063872
cc,kron,hand,3174.002661,0.9967696273831835
cc,kron,hand,3440.514237,0.9967702218514943
cc,kron,hand,3729.404,0.9967708163198081
cc,kron,hand,4042.550977,0.9967714107881193
cc,kron,hand,4381.991976,0.9967720052564311
cc,kron,hand,4749.934828,0.9967937371681174
cc,kron,hand,5148.772748,0.9999899038615543
cc,kron,hand,5581.099903,0.9999903742621821
cc,kron,hand,6049.728286,0.9999908446628106
cc,kron,hand,6557.706002,0.9999913150634389
cc,kron,hand,7108.337099,0.9999917854640678
cc,kron,hand,7705.203053,0.9999922558646961
cc,kron,hand,8352.186068,0.9999938865180027
cc,kron,hand,9053.494326,0.9999957662611056
cc,kron,hand,9813.689356,0.9999974994571018
cc,kron,hand,10637.715704,0.9999979995656814
cc,kron,hand,11530.933097,0.9999984996742609
cc,kron,hand,12499.151302,0.9999989997828406
cc,kron,hand,13548.667914,0.9999994998914203
cc,kron,hand,14686.309319,1.0
cc,kron,auto,1.0,0.0013255330809722275
cc,kron,auto,1.084894,0.030400688995248067
cc,kron,auto,1.176995,0.059475847566493566
cc,kron,auto,1.276915,0.08855105558894398
cc,kron,auto,1.385317,0.1176261028025155
cc,kron,auto,1.502922,0.14670123464259613
cc,kron,auto,1.630511,0.17577637736756777
cc,kron,auto,1.768932,0.204851613801386
cc,kron,auto,1.919103,0.2339266371055362
cc,kron,auto,2.082024,0.24870382200430402
cc,kron,auto,2.258775,0.24878271107717112
cc,kron,auto,2.450531,0.24886160012235561
cc,kron,auto,2.658567,0.2489404895695503
cc,kron,auto,2.884263,0.24901937866061769
cc,kron,auto,3.129119,0.2496153117263215
cc,kron,auto,3.394763,0.25069398304206714
cc,kron,auto,3.682958,0.2517726520923871
cc,kron,auto,3.995619,0.25285132105831876
cc,kron,auto,4.334823,0.26045283970391236
cc,kron,auto,4.702823,0.2681432720911038
cc,kron,auto,5.102064,0.31234304663177087
cc,kron,auto,5.535199,0.4627697271078936
cc,kron,auto,6.005104,0.6116265607748318
cc,kron,auto,6.514901,0.6116343723929397
cc,kron,auto,7.067977,0.6116399070835308
cc,kron,auto,7.668005,0.6180196245854125
cc,kron,auto,8.318973,0.6356184309489703
cc,kron,auto,9.025203,0.6388191929988172
cc,kron,auto,9.791389,0.6414756379951231
cc,kron,auto,10.622619,0.644203855371336
cc,kron,auto,11.524415,0.6464710938350395
cc,kron,auto,12.502768,0.6497485832105513
cc,kron,auto,13.564178,0.6527055452138739
cc,kron,auto,14.715695,0.6564718622633002
cc,kron,auto,15.964968,0.6659938763358845
cc,kron,auto,17.320298,0.6741518917173157
cc,kron,auto,18.790687,0.6956793462766325
cc,kron,auto,20.385903,0.7222947717538685
cc,kron,auto,22.116543,0.7689455901105733
cc,kron,auto,23.994104,0.8523764624485355
cc,kron,auto,26.031059,0.8684907895324133
cc,kron,auto,28.240939,0.9468474410384451
cc,kron,auto,30.638425,0.9674284664438991
cc,kron,auto,33.239442,0.9812347389715148
cc,kron,auto,36.061271,0.9827501633184915
cc,kron,auto,39.122655,0.9833864724564584
cc,kron,auto,42.443933,0.984230564151936
cc,kron,auto,46.047167,0.9850621210256086
cc,kron,auto,49.956294,0.985681222589626
cc,kron,auto,54.197282,0.9862245207951477
cc,kron,auto,58.798304,0.9867020436888552
cc,kron,auto,63.789926,0.9871395700199923
cc,kron,auto,69.205306,0.9875866474664927
cc,kron,auto,75.080419,0.9880925161109458
cc,kron,auto,81.454294,0.9886166746436663
cc,kron,auto,88.369273,0.9893669251201956
cc,kron,auto,95.871291,0.9901793872161403
cc,kron,auto,104.010186,0.9911306829169861
cc,kron,auto,112.840024,0.991797024902663
cc,kron,auto,122.419462,0.9922285602463708
cc,kron,auto,132.812136,0.9924375299738992
cc,kron,auto,144.087086,0.9925751907752149
cc,kron,auto,156.319211,0.9927317952338004
cc,kron,auto,169.589769,0.9929741203292393
cc,kron,auto,183.986919,0.9932797057842165
cc,kron,auto,199.606299,0.993663440015973
cc,kron,auto,216.55167,0.9939173801897211
cc,kron,auto,234.935602,0.9940797081063247
cc,kron,auto,254.880218,0.9941839193213515
cc,kron,auto,276.518012,0.9943403208984013
cc,kron,auto,299.992724,0.994588182344332
cc,kron,auto,325.460298,0.9951116061810555
cc,kron,auto,353.089915,0.9953347905497428
cc,kron,auto,383.065121,0.9954142364050451
cc,kron,auto,415.58504,0.9954625608640034
cc,kron,auto,450.865705,0.995555251617024
cc,kron,auto,489.141485,0.9957814115281377
cc,kron,auto,530.666649,0.9959589452328366
cc,kron,auto,575.717048,0.9960554233649611
cc,kron,auto,624.591955,0.9960966195474605
cc,kron,auto,677.616047,0.9961326685886221
cc,kron,auto,735.141565,0.9961494038611987
cc,kron,auto,797.550652,0.9961529730715191
cc,kron,auto,865.257894,0.996157722860159
cc,kron,auto,938.713073,0.9962115547780288
cc,kron,auto,1018.404155,0.9964365344753086
cc,kron,auto,1104.860528,0.9965003938875907
cc,kron,auto,1198.656526,0.9965022655082948
cc,kron,auto,1300.41524,0.9965298478614139
cc,kron,auto,1410.812654,0.9966182257115503
cc,kron,auto,1530.582144,0.9966591854331384
cc,kron,auto,1660.519341,0.9966869497662549
cc,kron,auto,1801.487423,0.9966988945579814
cc,kron,auto,1954.422846,0.9967009895296436
cc,kron,auto,2120.341563,0.9967071476866549
cc,kron,auto,2300.34578,0.9967121483255383
cc,kron,auto,2495.63127,0.9967134553361577
cc,kron,auto,2707.49532,0.9967156726112069
cc,kron,auto,2937.345352,0.9967191235555516
cc,kron,auto,3186.708265,0.9967755298420639
cc,kron,auto,3457.240586,0.9967768731584864
cc,kron,auto,3750.739471,0.9967799412473544
cc,kron,auto,4069.154641,0.996919393203536
cc,kron,auto,4414.60134,0.998082029617392
cc,kron,auto,4789.374382,0.9992446660333508
cc,kron,auto,5195.963395,0.9999874001947703
cc,kron,auto,5637.069365,0.9999878034871256
cc,kron,auto,6115.622572,0.9999882067794803
cc,kron,auto,6634.802062,0.9999886100718355
cc,kron,auto,7198.056761,0.9999890133641907
cc,kron,auto,7809.128388,0.9999894166565455
cc,kron,auto,8472.076313,0.999989930800317
cc,kron,auto,9191.30452,0.9999930671695618
cc,kron,auto,9971.590866,0.9999955331848258
cc,kron,auto,10818.118819,0.9999970544290682
cc,kron,auto,11736.511892,0.9999978485769454
cc,kron,auto,12732.871001,0.9999983864327091
cc,kron,auto,13813.814992,0.9999989242884728
cc,kron,auto,14986.524611,0.9999994621442363
cc,kron,auto,16258.790208,1.0
bc,uniform,hand,1.0,0.0
bc,uniform,hand,1.058238,0.0
bc,uniform,hand,1.119868,0.0
bc,uniform,hand,1.185086,0.0
bc,uniform,hand,1.254103,0.0
bc,uniform,hand,1.32714,0.0
bc,uniform,hand,1.40443,0.0
bc,uniform,hand,1.486221,0.0
bc,uniform,hand,1.572776,0.0
bc,uniform,hand,1.664371,0.0
bc,uniform,hand,1.7613,0.0
bc,uniform,hand,1.863875,0.0
bc,uniform,hand,1.972423,0.0
bc,uniform,hand,2.087293,0.04137180209406041
bc,uniform,hand,2.208853,0.0836135847552503
bc,uniform,hand,2.337492,0.12585523183296335
bc,uniform,hand,2.473623,0.1680969792082443
bc,uniform,hand,2.617682,0.21033872504865792
bc,uniform,hand,2.77013,0.2525802778934384
bc,uniform,hand,2.931457,0.2948220257973481
bc,uniform,hand,3.102179,0.34744453180068186
bc,uniform,hand,3.282844,0.407230886177181
bc,uniform,hand,3.47403,0.4670170624836133
bc,uniform,hand,3.67635,0.5268031598961875
bc,uniform,hand,3.890454,0.5865896157771822
bc,uniform,hand,4.117026,0.6173731606143236
bc,uniform,hand,4.356793,0.6202284013674124
bc,uniform,hand,4.610524,0.623083647267237
bc,uniform,hand,4.879031,0.6259388849875676
bc,uniform,hand,5.163176,0.6287941298387004
bc,uniform,hand,5.463869,0.6316493743567472
bc,uniform,hand,5.782074,0.6345046210000894
bc,uniform,hand,6.11881,0.6375795877857066
bc,uniform,hand,6.475158,0.6410691476160711
bc,uniform,hand,6.852258,0.6445586981069781
bc,uniform,hand,7.251319,0.6458742082750919
bc,uniform,hand,7.673621,0.6458749439542186
bc,uniform,hand,8.120518,0.6458756796349371
bc,uniform,hand,8.59344,0.645876415313499
bc,uniform,hand,9.093905,0.6458771509935057
bc,uniform,hand,9.623515,0.6458778866720339
bc,uniform,hand,10.183969,0.6458786365770145
bc,uniform,hand,10.777063,0.6458794164288992
bc,uniform,hand,11.404698,0.6458801962812561
bc,uniform,hand,12.068884,0.6458809761322082
bc,uniform,hand,12.771751,0.6458817559833571
bc,uniform,hand,13.515552,0.6458825358349854
bc,uniform,hand,14.302671,0.6458845060609172
bc,uniform,hand,15.13563,0.645888436200657
bc,uniform,hand,16.017098,0.645893349510706
bc,uniform,hand,16.949901,0.64596457727851
bc,uniform,hand,17.937029,0.6551002232534335
bc,uniform,hand,18.981646,0.8967278417304688
bc,uniform,hand,20.087098,0.9496900402593075
bc,uniform,hand,21.25693,0.9496907478784515
bc,uniform,hand,22.494891,0.9496914554977891
bc,uniform,hand,23.804948,0.9496921631169337
bc,uniform,hand,25.1913,0.9496928707360422
bc,uniform,hand,26.658391,0.9496935783554625
bc,uniform,hand,28.210921,0.9496942859742404
bc,uniform,hand,29.853868,0.9496954765153399
bc,uniform,hand,31.592497,0.9496971261486538
bc,uniform,hand,33.43238,0.9496987757817559
bc,uniform,hand,35.379415,0.9497003565392523
bc,uniform,hand,37.43984,0.9497021045092724
bc,uniform,hand,39.620261,0.9497060958909986
bc,uniform,hand,41.927665,0.9497194633658826
bc,uniform,hand,44.369447,0.9497702012717192
bc,uniform,hand,46.953434,0.9498571643155306
bc,uniform,hand,49.687907,0.9500346558768593
bc,uniform,hand,52.58163,0.9503452543628883
bc,uniform,hand,55.643878,0.9509309027508777
bc,uniform,hand,58.884465,0.9520060391505921
bc,uniform,hand,62.313777,0.9535336852771564
bc,uniform,hand,65.942806,0.9557267835774135
bc,uniform,hand,69.783182,0.9627277351981403
bc,uniform,hand,73.847213,0.9684631091994361
bc,uniform,hand,78.147925,0.9736937972753483
bc,uniform,hand,82.699102,0.9788928100266947
bc,uniform,hand,87.515331,0.9834336802579611
bc,uniform,hand,92.612047,0.9871355376187692
bc,uniform,hand,98.005585,0.9898583137167977
bc,uniform,hand,103.713233,0.9921082310149798
bc,uniform,hand,109.753281,0.9933647340895295
bc,uniform,hand,116.145091,0.9941663406819968
bc,uniform,hand,122.909146,0.9946394153758562
bc,uniform,hand,130.067126,0.9949571080110441
bc,uniform,hand,137.641973,0.9953849385081797
bc,uniform,hand,145.657963,0.9957622869950618
bc,uniform,hand,154.140788,0.9961100082820421
bc,uniform,hand,163.117636,0.996486527005047
bc,uniform,hand,172.617277,0.9967249360825695
bc,uniform,hand,182.670159,0.9968354953692548
bc,uniform,hand,193.308499,0.9969069165063185
bc,uniform,hand,204.566396,0.9969506654149868
bc,uniform,hand,216.479929,0.9970122853114661
bc,uniform,hand,229.087282,0.9970753714532778
bc,uniform,hand,242.428862,0.9971040552193479
bc,uniform,hand,256.547429,0.997107294068375
bc,uniform,hand,271.488233,0.9972410472540759
bc,uniform,hand,287.299159,0.9973789948929334
bc,uniform,hand,304.030881,0.9975169425287796
bc,uniform,hand,321.737025,0.9976548901672632
bc,uniform,hand,340.474339,0.9977928378054691
bc,uniform,hand,360.302876,0.9979307854416927
bc,uniform,hand,381.286187,0.9980687330785691
bc,uniform,hand,403.491523,0.9982066807117832
bc,uniform,hand,426.990054,0.9983446283516393
bc,uniform,hand,451.857092,0.9984825759916894
bc,uniform,hand,478.172335,0.9986205236263953
bc,uniform,hand,506.020125,0.99875847126341
bc,uniform,hand,535.489714,0.9988964189004899
bc,uniform,hand,566.675552,0.9990343665363602
bc,uniform,hand,599.677591,0.9991723141757389
bc,uniform,hand,634.601602,0.9993102618148864
bc,uniform,hand,671.559516,0.9994482094510507
bc,uniform,hand,710.669784,0.9995861570866166
bc,uniform,hand,752.057756,0.9997241047257184
bc,uniform,hand,795.856079,0.9998620523622275
bc,uniform,hand,842.205128,0.9999999999994065
bc,uniform,auto,1.0,3.527306759059347e-05
bc,uniform,auto,1.10676,0.0018290491902929655
bc,uniform,auto,1.224917,0.0036228152420030224
bc,uniform,auto,1.355688,0.005416576508569493
bc,uniform,auto,1.500421,0.007210349674448039
bc,uniform,auto,1.660605,0.009004115723685313
bc,uniform,auto,1.837891,0.010797890020184848
bc,uniform,auto,2.034103,0.25555347552629903
bc,uniform,auto,2.251263,0.25866542844780865
bc,uniform,auto,2.491607,0.26177738244892224
bc,uniform,auto,2.75761,0.264889336049661
bc,uniform,auto,3.052011,0.33275664934196875
bc,uniform,auto,3.377842,0.43857106530396417
bc,uniform,auto,3.738459,0.5443856105509636
bc,uniform,auto,4.137575,0.6177517397421045
bc,uniform,auto,4.579301,0.6262241181533615
bc,uniform,auto,5.068185,0.634952496945339
bc,uniform,auto,5.609262,0.6453420969945544
bc,uniform,auto,6.208104,0.6522424332036805
bc,uniform,auto,6.870879,0.6522514180703829
bc,uniform,auto,7.604411,0.6522643585088652
bc,uniform,auto,8.416254,0.6522717481490358
bc,uniform,auto,9.31477,0.6522726990591274
bc,uniform,auto,10.30921,0.6522736499681113
bc,uniform,auto,11.409817,0.6522746008780013
bc,uniform,auto,12.627924,0.6522755517876325
bc,uniform,auto,13.976076,0.652280270333956
bc,uniform,auto,15.468155,0.6522871173292982
bc,uniform,auto,17.119528,0.6533898238947112
bc,uniform,auto,18.947202,0.8751415923204622
bc,uniform,auto,20.969996,0.9504745222611793
bc,uniform,auto,23.208744,0.9505644188805987
bc,uniform,auto,25.686499,0.9505661600610872
bc,uniform,auto,28.428778,0.950568012632949
bc,uniform,auto,31.463821,0.9505704973033084
bc,uniform,auto,34.822885,0.9505729819745355
bc,uniform,auto,38.54056,0.9505779942408427
bc,uniform,auto,42.655133,0.9506100760046481
bc,uniform,auto,47.208976,0.9507454892497328
bc,uniform,auto,52.248985,0.9509920655614156
bc,uniform,auto,57.827063,0.9518745944780049
bc,uniform,auto,64.000655,0.9539543641013449
bc,uniform,auto,70.833336,0.9632229609556359
bc,uniform,auto,78.395471,0.9696378188824669
bc,uniform,auto,86.764936,0.9770929990311783
bc,uniform,auto,96.027922,0.9835036124117541
bc,uniform,auto,106.27982,0.9878805760762492
bc,uniform,auto,117.626205,0.9905251607600184
bc,uniform,auto,130.183926,0.9921596800575004
bc,uniform,auto,144.082304,0.9931778818106686
bc,uniform,auto,159.464466,0.99355496814886
bc,uniform,auto,176.488821,0.9936934990810474
bc,uniform,auto,195.330688,0.9938483911450645
bc,uniform,auto,216.184104,0.9939860079648656
bc,uniform,auto,239.263822,0.9941199665461282
bc,uniform,auto,264.80752,0.9942952232256645
bc,uniform,auto,293.078252,0.9944839859823354
bc,uniform,auto,324.367155,0.9946219270245872
bc,uniform,auto,358.996447,0.9949599094711419
bc,uniform,auto,397.322746,0.9953107899016781
bc,uniform,auto,439.740744,0.995547427309393
bc,uniform,auto,486.687268,0.9957806916358868
bc,uniform,auto,538.645783,0.9960326371904012
bc,uniform,auto,596.151364,0.996241863165747
bc,uniform,auto,659.796216,0.9964405251865468
bc,uniform,auto,730.235764,0.9965504496602663
bc,uniform,auto,808.195406,0.9966590802203438
bc,uniform,auto,894.477985,0.9995756315469737
bc,uniform,auto,989.972053,0.999644358266502
bc,uniform,auto,1095.661024,0.9997350919442821
bc,uniform,auto,1212.633303,0.9997919486029027
bc,uniform,auto,1342.09349,0.9998635306376903
bc,uniform,auto,1485.374788,0.9999473559259077
bc,uniform,auto,1643.952734,0.9999840917638052
bc,uniform,auto,1819.460389,0.9999954742828179
bc,uniform,auto,2013.705163,0.9999955748543109
bc,uniform,auto,2228.687422,0.9999956754258039
bc,uniform,auto,2466.62109,0.9999957759972967
bc,uniform,auto,2729.95645,0.9999958765687897
bc,uniform,auto,3021.405375,0.9999959771402829
bc,uniform,auto,3343.969255,0.9999960777117755
bc,uniform,auto,3700.969911,0.9999961782832685
bc,uniform,auto,4096.083797,0.9999962788547615
bc,uniform,auto,4533.379863,0.9999963794262544
bc,uniform,auto,5017.361462,0.9999964799977474
bc,uniform,auto,5553.012718,0.9999965805692403
bc,uniform,auto,6145.849861,0.9999966811407331
bc,uniform,auto,6801.978032,0.9999967817122261
bc,uniform,auto,7528.154152,0.9999968822837191
bc,uniform,auto,8331.856508,0.999996982855212
bc,uniform,auto,9221.361767,0.9999970834267049
bc,uniform,auto,10205.830208,0.9999971839981979
bc,uniform,auto,11295.400057,0.9999972845696908
bc,uniform,auto,12501.291894,0.9999973851411837
bc,uniform,auto,13835.924202,0.9999974857126767
bc,uniform,auto,15313.041256,0.9999975862841696
bc,uniform,auto,16947.854663,0.9999976868556626
bc,uniform,auto,18757.200016,0.9999977874271555
bc,uniform,auto,20759.710265,0.9999978879986484
bc,uniform,auto,22976.007609,0.9999979885701413
bc,uniform,auto,25428.915862,0.9999980891416342
bc,uniform,auto,28143.695499,0.9999981897131273
bc,uniform,auto,31148.303791,0.9999982902846202
bc,uniform,auto,34473.682714,0.9999983908561131
bc,uniform,auto,38154.077597,0.999998491427606
bc,uniform,auto,42227.389786,0.9999985919990989
bc,uniform,auto,46735.566954,0.9999986925705919
bc,uniform,auto,51725.035092,0.9999987931420848
bc,uniform,auto,57247.176607,0.9999988937135778
bc,uniform,auto,63358.859471,0.9999989942850707
bc,uniform,auto,70123.022852,0.9999990948565636
bc,uniform,auto,77609.325278,0.9999991954280566
bc,uniform,auto,85894.861988,0.9999992959995495
bc,uniform,auto,95064.958877,0.9999993965710424
bc,uniform,auto,105214.05119,0.9999994971425353
bc,uniform,auto,116446.656041,0.9999995977140282
bc,uniform,auto,128878.448741,0.9999996982855212
bc,uniform,auto,142637.454047,0.9999997988570142
bc,uniform,auto,157865.364579,0.9999998994285071
bc,uniform,auto,174719.0,1.0
bc,kron,hand,1.0,0.0
bc,kron,hand,1.083917,0.0
bc,kron,hand,1.174875,0.0
bc,kron,hand,1.273467,0.0
bc,kron,hand,1.380332,0.0
bc,kron,hand,1.496165,0.0
bc,kron,hand,1.621718,0.0
bc,kron,hand,1.757807,0.0
bc,kron,hand,1.905316,0.0
bc,kron,hand,2.065204,0.030299022523187835
bc,kron,hand,2.238509,0.07869567312694171
bc,kron,hand,2.426357,0.127092280431842
bc,kron,hand,2.629969,0.17548898820037157
bc,kron,hand,2.850667,0.2238855995119175
bc,kron,hand,3.089886,0.25562847637809527
bc,kron,hand,3.349179,0.2585678055708905
bc,kron,hand,3.630231,0.26150713466490894
bc,kron,hand,3.934867,0.26444645493170094
bc,kron,hand,4.265068,0.26558513037577414
bc,kron,hand,4.622979,0.2662630822060708
bc,kron,hand,5.010924,0.2710454535409157
bc,kron,hand,5.431423,0.4232699108694845
bc,kron,hand,5.88721,0.5754947573529973
bc,kron,hand,6.381245,0.6148781673984838
bc,kron,hand,6.916738,0.6195003606518327
bc,kron,hand,7.497168,0.6209353700868883
bc,kron,hand,8.126305,0.6231495963597256
bc,kron,hand,8.808237,0.6241041376033254
bc,kron,hand,9.547395,0.6261550545982428
bc,kron,hand,10.34858,0.6271797507621136
bc,kron,hand,11.216999,0.631492908743482
bc,kron,hand,12.158291,0.6353882007067239
bc,kron,hand,13.178575,0.6387100352112727
bc,kron,hand,14.284476,0.6418643424992184
bc,kron,hand,15.483182,0.650787755930107
bc,kron,hand,16.782479,0.6579363535862539
bc,kron,hand,18.190808,0.6782984648383892
bc,kron,hand,19.71732,0.7136535792650035
bc,kron,hand,21.371931,0.7426249498703738
bc,kron,hand,23.165392,0.8260217290586076
bc,kron,hand,25.109355,0.8552913829823495
bc,kron,hand,27.216448,0.9106174782431401
bc,kron,hand,29.500361,0.9577114058173058
bc,kron,hand,31.975932,0.9676021884588738
bc,kron,hand,34.659245,0.972316457567154
bc,kron,hand,37.567733,0.9736666190929317
bc,kron,hand,40.720292,0.9748688490918556
bc,kron,hand,44.137402,0.9759780812823664
bc,kron,hand,47.841266,0.9767649117660419
bc,kron,hand,51.855944,0.9775882832845723
bc,kron,hand,56.207522,0.978423485016674
bc,kron,hand,60.924269,0.9790444129644107
bc,kron,hand,66.036829,0.9797106880476305
bc,kron,hand,71.578419,0.9809809085766208
bc,kron,hand,77.585041,0.9845081890365628
bc,kron,hand,84.095717,0.9871607050649154
bc,kron,hand,91.152749,0.987977028521156
bc,kron,hand,98.801982,0.9887541666174183
bc,kron,hand,107.093114,0.9895694757127667
bc,kron,hand,116.08001,0.9903197986616992
bc,kron,hand,125.821055,0.9909185405626411
bc,kron,hand,136.379537,0.9913657705143607
bc,kron,hand,147.824052,0.9916795807617106
bc,kron,hand,160.228951,0.9921216929667658
bc,kron,hand,173.674829,0.9924795368879689
bc,kron,hand,188.249039,0.9927579895714636
bc,kron,hand,204.046268,0.9929323481565502
bc,kron,hand,221.169148,0.993036023113718
bc,kron,hand,239.728923,0.993262522162073
bc,kron,hand,259.846172,0.993957246417959
bc,kron,hand,281.651593,0.9943217327619648
bc,kron,hand,305.286852,0.9946619457787013
bc,kron,hand,330.905502,0.9951515825885962
bc,kron,hand,358.673985,0.9953685094759005
bc,kron,hand,388.772705,0.9954681094781662
bc,kron,hand,421.397209,0.9955441276444208
bc,kron,hand,456.759452,0.9956490294154857
bc,kron,hand,495.089177,0.9958853816173802
bc,kron,hand,536.635404,0.9960045524374603
bc,kron,hand,581.668051,0.9960407738365575
bc,kron,hand,630.479687,0.9960783070675713
bc,kron,hand,683.387432,0.9962044028154695
bc,kron,hand,740.735018,0.9962352920058075
bc,kron,hand,802.895021,0.9962376545715637
bc,kron,hand,870.271284,0.9962400171373413
bc,kron,hand,943.301537,0.9962815589637476
bc,kron,hand,1022.460245,0.9964944304870123
bc,kron,hand,1108.261687,0.9965617834999556
bc,kron,hand,1201.263298,0.996565759868383
bc,kron,hand,1302.069294,0.99657289335998
bc,kron,hand,1411.334591,0.9966105944380365
bc,kron,hand,1529.769066,0.9967354247526451
bc,kron,hand,1658.142166,0.9967673416565143
bc,kron,hand,1797.287907,0.996767775579019
bc,kron,hand,1948.110292,0.9967682095015213
bc,kron,hand,2111.589188,0.996768643424027
bc,kron,hand,2288.786685,0.9967690773465306
bc,kron,hand,2480.854003,0.9967695112690347
bc,kron,hand,2689.038968,0.9967707433867158
bc,kron,hand,2914.694118,0.9967739785819943
bc,kron,hand,3159.285493,0.9968192631981143
bc,kron,hand,3424.402157,0.9968305668724861
bc,kron,hand,3711.766525,0.9968311832740253
bc,kron,hand,4023.245548,0.9968317996755628
bc,kron,hand,4360.862849,0.9968324160771018
bc,kron,hand,4726.811864,0.9968560578649968
bc,kron,hand,5123.470095,0.9999925879878913
bc,kron,hand,5553.414557,0.9999932034840395
bc,kron,hand,6019.438519,0.9999938189801876
bc,kron,hand,6524.569653,0.9999944344763367
bc,kron,hand,7072.089701,0.9999950499724857
bc,kron,hand,7665.555798,0.9999956654686337
bc,kron,hand,8308.823585,0.9999962809647831
bc,kron,hand,9006.07225,0.9999968964609312
bc,kron,hand,9761.831691,0.9999975078094823
bc,kron,hand,10581.011933,0.9999980062475854
bc,kron,hand,11468.93504,0.999998504685689
bc,kron,hand,12431.369683,0.9999990031237929
bc,kron,hand,13474.568619,0.9999995015618963
bc,kron,hand,14605.309319,1.0
bc,kron,auto,1.0,3.837433920316304e-05
bc,kron,auto,1.103375,0.027286987406348464
bc,kron,auto,1.217437,0.05453573911836166
bc,kron,auto,1.34329,0.08178444500281713
bc,kron,auto,1.482153,0.10903313212282462
bc,kron,auto,1.635372,0.13628198801013577
bc,kron,auto,1.804429,0.16353066547311482
bc,kron,auto,1.990962,0.19077929970452506
bc,kron,auto,2.196779,0.22114420083443842
bc,kron,auto,2.423872,0.22641281882319803
bc,kron,auto,2.67444,0.23168142000577224
bc,kron,auto,2.950912,0.23695004857595245
bc,kron,auto,3.255964,0.25488739819183837
bc,kron,auto,3.59255,0.2548882447877147
bc,kron,auto,3.963931,0.25488909138434585
bc,kron,auto,4.373704,0.2729865838310103
bc,kron,auto,4.825838,0.28227923243763753
bc,kron,auto,5.32471,0.28666978252968894
bc,kron,auto,5.875155,0.28667245419694765
bc,kron,auto,6.482501,0.6250706419856283
bc,kron,auto,7.152632,0.6265247179137725
bc,kron,auto,7.892038,0.6265354113142549
bc,kron,auto,8.707881,0.6289037335676148
bc,kron,auto,9.608061,0.6311709829586514
bc,kron,auto,10.601298,0.6339011673439837
bc,kron,auto,11.697212,0.637310053672021
bc,kron,auto,12.906416,0.6416098322292492
bc,kron,auto,14.240621,0.6457610523035259
bc,kron,auto,15.712751,0.6550650070699305
bc,kron,auto,17.337063,0.6649915045688586
bc,kron,auto,19.129289,0.6892256324649718
bc,kron,auto,21.106786,0.7534989219574515
bc,kron,auto,23.288709,0.7676795858516511
bc,kron,auto,25.696188,0.8572218550864187
bc,kron,auto,28.352542,0.9350545253533584
bc,kron,auto,31.283497,0.9659891711420734
bc,kron,auto,34.517441,0.9705161241309849
bc,kron,auto,38.085694,0.9723220836620001
bc,kron,auto,42.022818,0.9737149273862388
bc,kron,auto,46.366943,0.9750928357060688
bc,kron,auto,51.160144,0.9764630112902326
bc,kron,auto,56.448844,0.9774543006229212
bc,kron,auto,62.284266,0.9783711501923515
bc,kron,auto,68.722926,0.9794346237097454
bc,kron,auto,75.827186,0.9805348702100452
bc,kron,auto,83.665851,0.9825412237643131
bc,kron,auto,92.314841,0.9841934341004077
bc,kron,auto,101.857924,0.985951636563129
bc,kron,auto,112.387527,0.9880024376285397
bc,kron,auto,124.005631,0.9897310798962462
bc,kron,auto,136.824762,0.9908488233528419
bc,kron,auto,150.969075,0.9915965810372582
bc,kron,auto,166.575563,0.992180947934643
bc,kron,auto,183.795377,0.9928189644410468
bc,kron,auto,202.795296,0.9931142921390972
bc,kron,auto,223.75934,0.9933070247930021
bc,kron,auto,246.890549,0.9935962564805675
bc,kron,auto,272.412956,0.9939756557839778
bc,kron,auto,300.573753,0.9944038460675053
bc,kron,auto,331.645682,0.9951203614233942
bc,kron,auto,365.929685,0.995526972223761
bc,kron,auto,403.75781,0.9956744017037468
bc,kron,auto,445.496432,0.9957094673590777
bc,kron,auto,491.5498,0.9957291698037855
bc,kron,auto,542.363953,0.995834554554283
bc,kron,auto,598.43104,0.9958865561595542
bc,kron,auto,660.294083,0.9960280018479741
bc,kron,auto,728.552243,0.9960638942464831
bc,kron,auto,803.866617,0.996065529654078
bc,kron,auto,886.966644,0.996072878036169
bc,kron,auto,978.657169,0.9962338269384874
bc,kron,auto,1079.826238,0.9965177126717357
bc,kron,auto,1191.453699,0.9965553694020746
bc,kron,auto,1314.620693,0.9965607198200646
bc,kron,auto,1450.520123,0.9965954013373366
bc,kron,auto,1600.468209,0.9966161993705218
bc,kron,auto,1765.917238,0.9966190274222068
bc,kron,auto,1948.469626,0.9966320628850215
bc,kron,auto,2149.893438,0.996644653297344
bc,kron,auto,2372.139515,0.9967995695356029
bc,kron,auto,2617.360369,0.9968012566287272
bc,kron,auto,2887.931024,0.9968100786410924
bc,kron,auto,3186.472026,0.996888732709708
bc,kron,auto,3515.874822,0.9968959129573266
bc,kron,auto,3879.329761,0.9968964956262735
bc,kron,auto,4280.356998,0.9968970782952219
bc,kron,auto,4722.840582,0.996897660964169
bc,kron,auto,5211.06608,0.9999878683479017
bc,kron,auto,5749.76208,0.9999886201726705
bc,kron,auto,6344.145991,0.9999893719974403
bc,kron,auto,6999.974572,0.99999012382221
bc,kron,auto,7723.59969,0.9999908756469799
bc,kron,auto,8522.029838,0.9999916274717493
bc,kron,auto,9402.998017,0.9999923792965196
bc,kron,auto,10375.036626,0.9999951895036893
bc,kron,auto,11447.560108,0.9999953819235418
bc,kron,auto,12630.956125,0.999995574343394
bc,kron,auto,13936.68617,0.9999957667632464
bc,kron,auto,15377.396571,0.9999959591830989
bc,kron,auto,16967.040975,0.9999961516029513
bc,kron,auto,18721.015493,0.9999963440228038
bc,kron,auto,20656.307815,0.9999965364426563
bc,kron,auto,22791.66174,0.9999967288625087
bc,kron,auto,25147.758715,0.9999969212823612
bc,kron,auto,27747.418139,0.9999971137022136
bc,kron,auto,30615.818375,0.9999973061220659
bc,kron,auto,33780.740612,0.9999974985419184
bc,kron,auto,37272.837927,0.9999976909617708
bc,kron,auto,41125.932171,0.9999978833816232
bc,kron,auto,45377.341545,0.9999980758014757
bc,kron,auto,50068.242031,0.9999982682213281
bc,kron,auto,55244.066196,0.9999984606411806
bc,kron,auto,60954.943214,0.999998653061033
bc,kron,auto,67256.184384,0.9999988454808854
bc,kron,auto,74208.818833,0.9999990379007379
bc,kron,auto,81880.184596,0.9999992303205902
bc,kron,auto,90344.580804,0.9999994227404427
bc,kron,auto,99683.987292,0.9999996151602951
bc,kron,auto,109988.858589,0.9999998075801476
bc,kron,auto,121359.0,1.0
tc,uniform,hand,1.0,0.1448556617726974
tc,uniform,hand,1.058238,0.1448561487218082
tc,uniform,hand,1.119868,0.14485663567349508
tc,uniform,hand,1.185086,0.14485712261627176
tc,uniform,hand,1.254103,0.14485760956511867
tc,uniform,hand,1.32714,0.14485809651779122
tc,uniform,hand,1.40443,0.14485858346702865
tc,uniform,hand,1.486221,0.14485907041501456
tc,uniform,hand,1.572776,0.14485955736664904
tc,uniform,hand,1.664371,0.14486004431406094
tc,uniform,hand,1.7613,0.14486053126005413
tc,uniform,hand,1.863875,0.14486101821106
tc,uniform,hand,1.972423,0.14486150515863447
tc,uniform,hand,2.087293,0.1448619921078661
tc,uniform,hand,2.208853,0.14486247905787367
tc,uniform,hand,2.337492,0.14486296600631826
tc,uniform,hand,2.473623,0.14486345295591907
tc,uniform,hand,2.617682,0.14486393990550217
tc,uniform,hand,2.77013,0.1448644268528605
tc,uniform,hand,2.931457,0.14486491380246738
tc,uniform,hand,3.102179,0.18327693475511436
tc,uniform,hand,3.282844,0.24819642629456562
tc,uniform,hand,3.47403,0.3131157244752091
tc,uniform,hand,3.67635,0.3780349369883253
tc,uniform,hand,3.890454,0.44295453874724555
tc,uniform,hand,4.117026,0.4749582854689873
tc,uniform,hand,4.356793,0.475265753827013
tc,uniform,hand,4.610524,0.4755732227392682
tc,uniform,hand,4.879031,0.47588069077070955
tc,uniform,hand,5.163176,0.4762534346918439
tc,uniform,hand,5.463869,0.47667595972025356
tc,uniform,hand,5.782074,0.47709848506316893
tc,uniform,hand,6.11881,0.47758081683477405
tc,uniform,hand,6.475158,0.47817599582234394
tc,uniform,hand,6.852258,0.4787711732169769
tc,uniform,hand,7.251319,0.47950225964309046
tc,uniform,hand,7.673621,0.4803155401692782
tc,uniform,hand,8.120518,0.48117614311919626
tc,uniform,hand,8.59344,0.48216856442263323
tc,uniform,hand,9.093905,0.4831866341595605
tc,uniform,hand,9.623515,0.4843189154625911
tc,uniform,hand,10.183969,0.4855267066739401
tc,uniform,hand,10.777063,0.4868934523729449
tc,uniform,hand,11.404698,0.48845328295481005
tc,uniform,hand,12.068884,0.49014026952779377
tc,uniform,hand,12.771751,0.4919849236213085
tc,uniform,hand,13.515552,0.49401787169025574
tc,uniform,hand,14.302671,0.49588967639423176
tc,uniform,hand,15.13563,0.5004339777612046
tc,uniform,hand,16.017098,0.5033750340931347
tc,uniform,hand,16.949901,0.5059307168661413
tc,uniform,hand,17.937029,0.5166008709900495
tc,uniform,hand,18.981646,0.7590804035348644
tc,uniform,hand,20.087098,0.8283600819694874
tc,uniform,hand,21.25693,0.8332133389173982
tc,uniform,hand,22.494891,0.8385009190668664
tc,uniform,hand,23.804948,0.8444223706764205
tc,uniform,hand,25.1913,0.8512088753758209
tc,uniform,hand,26.658391,0.8584833191145922
tc,uniform,hand,28.210921,0.8663395273600453
tc,uniform,hand,29.853868,0.8748709772063942
tc,uniform,hand,31.592497,0.884110915016848
tc,uniform,hand,33.43238,0.8934536322481481
tc,uniform,hand,35.379415,0.9026728655110297
tc,uniform,hand,37.43984,0.9114812018106783
tc,uniform,hand,39.620261,0.9196728058501471
tc,uniform,hand,41.927665,0.927059478126247
tc,uniform,hand,44.369447,0.9337539884263417
tc,uniform,hand,46.953434,0.9394918776145612
tc,uniform,hand,49.687907,0.9448388330804827
tc,uniform,hand,52.58163,0.9497006074599482
tc,uniform,hand,55.643878,0.9543527421342999
tc,uniform,hand,58.884465,0.9590379481416262
tc,uniform,hand,62.313777,0.964111234522683
tc,uniform,hand,65.942806,0.969254774340854
tc,uniform,hand,69.783182,0.974179892932707
tc,uniform,hand,73.847213,0.9789650669303384
tc,uniform,hand,78.147925,0.9831790401722246
tc,uniform,hand,82.699102,0.986368125662964
tc,uniform,hand,87.515331,0.9890153833310534
tc,uniform,hand,92.612047,0.9913210373082658
tc,uniform,hand,98.005585,0.9932087985844678
tc,uniform,hand,103.713233,0.9942839141011849
tc,uniform,hand,109.753281,0.9953214394949934
tc,uniform,hand,116.145091,0.9960275107382358
tc,uniform,hand,122.909146,0.9963674075389514
tc,uniform,hand,130.067126,0.9965499359066413
tc,uniform,hand,137.641973,0.996720214083982
tc,uniform,hand,145.657963,0.9968290685286858
tc,uniform,hand,154.140788,0.9969149620315878
tc,uniform,hand,163.117636,0.9969712787339645
tc,uniform,hand,172.617277,0.9969953593304632
tc,uniform,hand,182.670159,0.9970208946502568
tc,uniform,hand,193.308499,0.9970314374545469
tc,uniform,hand,204.566396,0.9970374878686656
tc,uniform,hand,216.479929,0.9970389756267286
tc,uniform,hand,229.087282,0.997044270411766
tc,uniform,hand,242.428862,0.997047608972958
tc,uniform,hand,256.547429,0.9970496938503618
tc,uniform,hand,271.488233,0.9970512795772193
tc,uniform,hand,287.299159,0.997194098071495
tc,uniform,hand,304.030881,0.9973417771188995
tc,uniform,hand,321.737025,0.9974894561691272
tc,uniform,hand,340.474339,0.9976371352190578
tc,uniform,hand,360.302876,0.9977848142668662
tc,uniform,hand,381.286187,0.9979324933153734
tc,uniform,hand,403.491523,0.9980801723599599
tc,uniform,hand,426.990054,0.9982278514116572
tc,uniform,hand,451.857092,0.9983755304635619
tc,uniform,hand,478.172335,0.9985232095097455
tc,uniform,hand,506.020125,0.9986708885584008
tc,uniform,hand,535.489714,0.9988185676071258
tc,uniform,hand,566.675552,0.998966246654556
tc,uniform,hand,599.677591,0.9991139257057422
tc,uniform,hand,634.601602,0.9992616047566807
tc,uniform,hand,671.559516,0.9994092838044256
tc,uniform,hand,710.669784,0.9995569628515298
tc,uniform,hand,752.057756,0.9997046419024195
tc,uniform,hand,795.856079,0.9998523209505334
tc,uniform,hand,842.205128,0.9999999999993646
tc,uniform,auto,1.0,0.14486259801243337
tc,uniform,auto,1.059775,0.14486299379158535
tc,uniform,auto,1.123123,0.14486338957043002
tc,uniform,auto,1.190258,0.14486378535143007
tc,uniform,auto,1.261406,0.14486418113235497
tc,uniform,auto,1.336807,0.14486457691383411
tc,uniform,auto,1.416715,0.14486497269472595
tc,uniform,auto,1.501399,0.14486536847324621
tc,uniform,auto,1.591145,0.14486576425186168
tc,uniform,auto,1.686256,0.14486616003225727
tc,uniform,auto,1.787053,0.14486655581540556
tc,uniform,auto,1.893874,0.1448669515942225
tc,uniform,auto,2.00708,0.14488425829467053
tc,uniform,auto,2.127054,0.14492959004402517
tc,uniform,auto,2.254199,0.14497492162252612
tc,uniform,auto,2.388944,0.14502025316405243
tc,uniform,auto,2.531744,0.14506558489136348
tc,uniform,auto,2.683079,0.14511091635031625
tc,uniform,auto,2.84346,0.14515624779560257
tc,uniform,auto,3.013429,0.15001516094374684
tc,uniform,auto,3.193557,0.2125694127340702
tc,uniform,auto,3.384452,0.2751236110312426
tc,uniform,auto,3.586758,0.33767788250170316
tc,uniform,auto,3.801157,0.4002321925320347
tc,uniform,auto,4.028372,0.45576174987529533
tc,uniform,auto,4.269168,0.4559559954943492
tc,uniform,auto,4.524359,0.4561502421600218
tc,uniform,auto,4.794803,0.45634448803672434
tc,uniform,auto,5.081413,0.476235357298253
tc,uniform,auto,5.385155,0.47636776820924237
tc,uniform,auto,5.707054,0.47650017943585865
tc,uniform,auto,6.048194,0.4775547446803463
tc,uniform,auto,6.409725,0.47770957372019346
tc,uniform,auto,6.792868,0.47786440333806224
tc,uniform,auto,7.198912,0.47916973156010756
tc,uniform,auto,7.629228,0.47939777573862125
tc,uniform,auto,8.085267,0.4808834774599349
tc,uniform,auto,8.568565,0.48155543598159234
tc,uniform,auto,9.080752,0.482671231606739
tc,uniform,auto,9.623555,0.4835252655785669
tc,uniform,auto,10.198805,0.4850387368005311
tc,uniform,auto,10.80844,0.486067738572007
tc,uniform,auto,11.454516,0.48780051762972987
tc,uniform,auto,12.139211,0.4893718275124896
tc,uniform,auto,12.864834,0.48972484384161
tc,uniform,auto,13.633832,0.4933077907913798
tc,uniform,auto,14.448796,0.4954438456749779
tc,uniform,auto,15.312475,0.49888640218763297
tc,uniform,auto,16.22778,0.5020643431207272
tc,uniform,auto,17.197798,0.5065931529215771
tc,uniform,auto,18.225799,0.5286096505326049
tc,uniform,auto,19.315249,0.7878494136077847
tc,uniform,auto,20.469821,0.8251649328998975
tc,uniform,auto,21.693408,0.8314823963929826
tc,uniform,auto,22.990135,0.8347875928318343
tc,uniform,auto,24.364373,0.8433232821998898
tc,uniform,auto,25.820757,0.8482891186702208
tc,uniform,auto,27.364197,0.857724145430508
tc,uniform,auto,28.999896,0.8631697063424332
tc,uniform,auto,30.733369,0.8729817417021642
tc,uniform,auto,32.570461,0.8826431276838398
tc,uniform,auto,34.517365,0.8923010443200176
tc,uniform,auto,36.580646,0.901224265616626
tc,uniform,auto,38.767259,0.9092002479531547
tc,uniform,auto,41.084578,0.9192697542868219
tc,uniform,auto,43.540415,0.9253860573646616
tc,uniform,auto,46.14305,0.9328402829094642
tc,uniform,auto,48.901257,0.9375621576223504
tc,uniform,auto,51.824337,0.9437253659764678
tc,uniform,auto,54.922145,0.9492464691039701
tc,uniform,auto,58.205124,0.9558650295132584
tc,uniform,auto,61.684344,0.9607554604286944
tc,uniform,auto,65.371535,0.9669210856235273
tc,uniform,auto,69.279129,0.9727902633985094
tc,uniform,auto,73.420299,0.9784105409223212
tc,uniform,auto,77.809008,0.9828512850920047
tc,uniform,auto,82.460054,0.9865929231511281
tc,uniform,auto,87.389116,0.9893434880896466
tc,uniform,auto,92.612813,0.9916373480940592
tc,uniform,auto,98.148758,0.993484295366787
tc,uniform,auto,104.015615,0.994756126977607
tc,uniform,auto,110.233164,0.9956636314406583
tc,uniform,auto,116.822367,0.9962133413397928
tc,uniform,auto,123.805442,0.9965189345898979
tc,uniform,auto,131.205931,0.9966927472694795
tc,uniform,auto,139.048785,0.9968054228225176
tc,uniform,auto,147.360447,0.9968721341478958
tc,uniform,auto,156.16894,0.9969315471834924
tc,uniform,auto,165.503961,0.9969728962831793
tc,uniform,auto,175.396986,0.9969960286969624
tc,uniform,auto,185.881367,0.9970198470747813
tc,uniform,auto,196.992453,0.9970339108062338
tc,uniform,auto,208.767707,0.9970392266843369
tc,uniform,auto,221.246828,0.9970405847296471
tc,uniform,auto,234.47189,0.9970416539156376
tc,uniform,auto,248.487482,0.9970423017701702
tc,uniform,auto,263.340859,0.9970429496247413
tc,uniform,auto,279.082098,0.9970435974792777
tc,uniform,auto,295.764272,0.9971627692848899
tc,uniform,auto,313.443626,0.9973193954402185
tc,uniform,auto,332.179766,0.9974760215951102
tc,uniform,auto,352.035861,0.9976326477454558
tc,uniform,auto,373.078857,0.9977892738955357
tc,uniform,auto,395.379702,0.9979459000509471
tc,uniform,auto,419.013583,0.9981025262039339
tc,uniform,auto,444.060182,0.9982591523521684
tc,uniform,auto,470.603946,0.998415778505185
tc,uniform,auto,498.734368,0.9985724046610395
tc,uniform,auto,528.546289,0.9987290308106324
tc,uniform,auto,560.140223,0.9988856569649921
tc,uniform,auto,593.622689,0.9990422831186181
tc,uniform,auto,629.106574,0.9991989092703726
tc,uniform,auto,666.711514,0.9993555354240214
tc,uniform,auto,706.564294,0.9995121615740827
tc,uniform,auto,748.799281,0.9996687877282614
tc,uniform,auto,793.55887,0.999825413880048
tc,uniform,auto,840.993971,0.9999820400346384
tc,uniform,auto,891.264511,0.9999947664422469
tc,uniform,auto,944.539981,0.9999973832211284
tc,uniform,auto,1001.0,1.0
tc,kron,hand,1.0,0.0
tc,kron,hand,1.083931,0.0
tc,kron,hand,1.174906,0.0
tc,kron,hand,1.273517,0.0
tc,kron,hand,1.380404,0.0
tc,kron,hand,1.496262,0.0
tc,kron,hand,1.621844,0.0
tc,kron,hand,1.757967,0.0
tc,kron,hand,1.905514,0.0
tc,kron,hand,2.065446,0.19534299022923912
tc,kron,hand,2.2388,0.19572372549827502
tc,kron,hand,2.426704,0.19610446136108364
tc,kron,hand,2.630379,0.19648519738560483
tc,kron,hand,2.851149,0.19686593409240344
tc,kron,hand,3.090448,0.197370114901183
tc,kron,hand,3.349832,0.19808578956915787
tc,kron,hand,3.630985,0.19880146099503368
tc,kron,hand,3.935737,0.19951713624389342
tc,kron,hand,4.266066,0.20311845668748277
tc,kron,hand,4.62412,0.2074455284177918
tc,kron,hand,5.012226,0.21525544881094513
tc,kron,hand,5.432906,0.33451776140549044
tc,kron,hand,5.888893,0.4537798233771848
tc,kron,hand,6.383153,0.48715137196200853
tc,kron,hand,6.918895,0.4945882569000964
tc,kron,hand,7.499603,0.49747494142412996
tc,kron,hand,8.12905,0.5004305667901094
tc,kron,hand,8.811328,0.5020289181938723
tc,kron,hand,9.550869,0.505370827341773
tc,kron,hand,10.35248,0.506536795106338
tc,kron,hand,11.221372,0.5095645974557261
tc,kron,hand,12.16319,0.5156594835776463
tc,kron,hand,13.184055,0.5191559390039943
tc,kron,hand,14.290603,0.5239298094627117
tc,kron,hand,15.490023,0.5360355943361538
tc,kron,hand,16.790112,0.5485399759425338
tc,kron,hand,18.199319,0.5823125397397025
tc,kron,hand,19.726801,0.6252842920068035
tc,kron,hand,21.382486,0.6851726534812278
tc,kron,hand,23.177134,0.7687666878759387
tc,kron,hand,25.122408,0.7968747934590711
tc,kron,hand,27.23095,0.8421570852319359
tc,kron,hand,29.516464,0.8817991667501974
tc,kron,hand,31.993802,0.8926138785922431
tc,kron,hand,34.679066,0.9112041039340609
tc,kron,hand,37.589705,0.9153700347885767
tc,kron,hand,40.744637,0.9210743591702465
tc,kron,hand,44.164364,0.9255203337639366
tc,kron,hand,47.871112,0.930349642363244
tc,kron,hand,51.88897,0.9350185605156398
tc,kron,hand,56.244049,0.9395558278979759
tc,kron,hand,60.964654,0.944314506542623
tc,kron,hand,66.081462,0.9482611900382394
tc,kron,hand,71.627728,0.9521308169537334
tc,kron,hand,77.639496,0.9550180076746864
tc,kron,hand,84.155836,0.9577127931960437
tc,kron,hand,91.219097,0.9598126957467455
tc,kron,hand,98.875183,0.9618972628371032
tc,kron,hand,107.17385,0.9643468730821657
tc,kron,hand,116.16903,0.96713524656337
tc,kron,hand,125.919183,0.9703937001520202
tc,kron,hand,136.487672,0.9740895078532033
tc,kron,hand,147.943183,0.977601763713481
tc,kron,hand,160.360163,0.9806741334032649
tc,kron,hand,173.81931,0.9832420919905424
tc,kron,hand,188.408093,0.9852271243214088
tc,kron,hand,204.221323,0.9867589270458871
tc,kron,hand,221.361769,0.9877982695649518
tc,kron,hand,239.940825,0.9885565708808665
tc,kron,hand,260.079235,0.9891767240022764
tc,kron,hand,281.907877,0.989538591819707
tc,kron,hand,305.568613,0.9899084498023012
tc,kron,hand,331.215212,0.990621575026644
tc,kron,hand,359.014349,0.9917393948859962
tc,kron,hand,389.146687,0.9929048936558825
tc,kron,hand,421.808055,0.9938127452696616
tc,kron,hand,457.210716,0.9945423315755958
tc,kron,hand,495.584748,0.9954070210932809
tc,kron,hand,537.179541,0.9961088280196772
tc,kron,hand,582.265416,0.9964301552334156
tc,kron,hand,631.135381,0.9966187880906594
tc,kron,hand,684.107039,0.9967758175673396
tc,kron,hand,741.524646,0.9968612808993998
tc,kron,hand,803.761356,0.9968676114327576
tc,kron,hand,871.221639,0.9968700179351399
tc,kron,hand,944.343913,0.9968933330292697
tc,kron,hand,1023.603393,0.9970694140825728
tc,kron,hand,1109.51518,0.997244682503065
tc,kron,hand,1202.637606,0.9972619180915699
tc,kron,hand,1303.575867,0.9972816026581038
tc,kron,hand,1412.985949,0.9973347985972665
tc,kron,hand,1531.578901,0.9974214605585481
tc,kron,hand,1660.125446,0.9974598728024053
tc,kron,hand,1799.460998,0.997465648150515
tc,kron,hand,1950.491085,0.9974663614601259
tc,kron,hand,2114.197238,0.997467074769735
tc,kron,hand,2291.64337,0.9974677880793479
tc,kron,hand,2483.982686,0.9974685013889587
tc,kron,hand,2692.465183,0.9974697694241837
tc,kron,hand,2918.445769,0.9974722184557244
tc,kron,hand,3163.393072,0.9975065759989259
tc,kron,hand,3428.898983,0.997516596333161
tc,kron,hand,3716.689,0.9975170687674001
tc,kron,hand,4028.633446,0.9975175412016404
tc,kron,hand,4366.759618,0.9975180136358791
tc,kron,hand,4733.26497,0.9975355936006701
tc,kron,hand,5130.531386,0.9999942001609872
tc,kron,hand,5561.140664,0.9999946806666036
tc,kron,hand,6027.891296,0.9999951611722202
tc,kron,hand,6533.816653,0.9999956416778374
tc,kron,hand,7082.204698,0.9999961221834547
tc,kron,hand,7676.619355,0.9999966026890714
tc,kron,hand,8320.923672,0.9999970831946883
tc,kron,hand,9019.304926,0.9999975637003058
tc,kron,hand,9776.301832,0.9999980422057635
tc,kron,hand,10596.834046,0.9999984337646107
tc,kron,hand,11486.234134,0.9999988253234583
tc,kron,hand,12450.282225,0.9999992168823052
tc,kron,hand,13495.243584,0.9999996084411528
tc,kron,hand,14627.909319,1.0
tc,kron,auto,1.0,2.1121503851074195e-05
tc,kron,auto,1.080149,2.176223621315935e-05
tc,kron,auto,1.166721,2.240296243381753e-05
tc,kron,auto,1.260232,2.3043691357374933e-05
tc,kron,auto,1.361238,2.3684421676884073e-05
tc,kron,auto,1.47034,2.4325154805044185e-05
tc,kron,auto,1.588186,2.4965885698517368e-05
tc,kron,auto,1.715477,2.5606615542882722e-05
tc,kron,auto,1.85297,2.6247344469154045e-05
tc,kron,auto,2.001483,0.19012015318567885
tc,kron,auto,2.161899,0.19049220318880658
tc,kron,auto,2.335172,0.19086425295846352
tc,kron,auto,2.522333,0.1912363035429642
tc,kron,auto,2.724495,0.19160835463963616
tc,kron,auto,2.94286,0.19198040566307714
tc,kron,auto,3.178726,0.19235245563549971
tc,kron,auto,3.433497,0.19272450656229687
tc,kron,auto,3.708687,0.1930965567292625
tc,kron,auto,4.005933,0.19363093427940564
tc,kron,auto,4.327004,0.20234709241555598
tc,kron,auto,4.673807,0.21106321481149465
tc,kron,auto,5.048407,0.2334475204725723
tc,kron,auto,5.45303,0.34508391684678047
tc,kron,auto,5.890083,0.4567203164777498
tc,kron,auto,6.362165,0.48512241495414615
tc,kron,auto,6.872085,0.4861622228963387
tc,kron,auto,7.422873,0.4865288520773595
tc,kron,auto,8.017807,0.49362155586393874
tc,kron,auto,8.660423,0.49616488574238815
tc,kron,auto,9.354545,0.49700941941509164
tc,kron,auto,10.104299,0.5021900993587809
tc,kron,auto,10.914145,0.5051882599716343
tc,kron,auto,11.7889,0.5079808745316057
tc,kron,auto,12.733764,0.5139390535998878
tc,kron,auto,13.754359,0.5168155195332406
tc,kron,auto,14.856753,0.5236369306788602
tc,kron,auto,16.047502,0.540462098455131
tc,kron,auto,17.333688,0.5496575365871362
tc,kron,auto,18.72296,0.5958924490610311
tc,kron,auto,20.223581,0.6157095173395326
tc,kron,auto,21.844474,0.6914859703543239
tc,kron,auto,23.59528,0.7274438029051816
tc,kron,auto,25.48641,0.7907692813596606
tc,kron,auto,27.529112,0.8456782092217894
tc,kron,auto,29.735535,0.8890691318743172
tc,kron,auto,32.118798,0.9158472547971614
tc,kron,auto,34.693078,0.9216783247105719
tc,kron,auto,37.473682,0.9246901761916576
tc,kron,auto,40.477148,0.9284588408697133
tc,kron,auto,43.721339,0.9320519706288676
tc,kron,auto,47.225546,0.9360015849955726
tc,kron,auto,51.010611,0.9400100212389766
tc,kron,auto,55.099045,0.9437971862901998
tc,kron,auto,59.51516,0.9475228210987398
tc,kron,auto,64.285222,0.9506742422790786
tc,kron,auto,69.437598,0.9530970883596812
tc,kron,auto,75.00293,0.9553033504178199
tc,kron,auto,81.014316,0.9570428234300336
tc,kron,auto,87.507506,0.9589444949541883
tc,kron,auto,94.521117,0.9613335362259107
tc,kron,auto,102.09686,0.9638796083492847
tc,kron,auto,110.279789,0.9665817929708391
tc,kron,auto,119.118569,0.9692621137009817
tc,kron,auto,128.665765,0.9722013510378398
tc,kron,auto,138.978156,0.9754090548394577
tc,kron,auto,150.117072,0.978496056313369
tc,kron,auto,162.148758,0.9813125680922438
tc,kron,auto,175.144767,0.9835753375927286
tc,kron,auto,189.182389,0.9853767060430648
tc,kron,auto,204.345108,0.9867646133316613
tc,kron,auto,220.723099,0.9876312971106966
tc,kron,auto,238.413764,0.9882686335402789
tc,kron,auto,257.522313,0.9888549433620168
tc,kron,auto,278.162387,0.9893782068962428
tc,kron,auto,300.456735,0.9898228475433758
tc,kron,auto,324.537946,0.9905406561417005
tc,kron,auto,350.549235,0.991415609948434
tc,kron,auto,378.645294,0.9925531516596772
tc,kron,auto,408.993215,0.9934963592716547
tc,kron,auto,441.773481,0.9942246561222233
tc,kron,auto,477.181043,0.9949129325317585
tc,kron,auto,515.426475,0.9956153911254246
tc,kron,auto,556.737227,0.9961145417264256
tc,kron,auto,601.358982,0.9963500033399048
tc,kron,auto,649.557111,0.9966441917390847
tc,kron,auto,701.618257,0.9967805973186775
tc,kron,auto,757.852035,0.9968251925169994
tc,kron,auto,818.592876,0.996832215185975
tc,kron,auto,884.202016,0.9968396369970347
tc,kron,auto,955.069641,0.9969028907815197
tc,kron,auto,1031.617214,0.9971763753408569
tc,kron,auto,1114.299973,0.9973246805210011
tc,kron,auto,1203.609647,0.9973500100823924
tc,kron,auto,1300.077373,0.9973756439602101
tc,kron,auto,1404.27686,0.9974482568093442
tc,kron,auto,1516.827798,0.9974881993572229
tc,kron,auto,1638.399546,0.9975058904164533
tc,kron,auto,1769.715109,0.9975101720643956
tc,kron,auto,1911.555441,0.9975127810368092
tc,kron,auto,2064.764089,0.99751935997877
tc,kron,auto,2230.252208,0.9975203657984572
tc,kron,auto,2409.003982,0.9975218478034885
tc,kron,auto,2602.082474,0.9975246400042349
tc,kron,auto,2810.635953,0.9975271970357741
tc,kron,auto,3035.904719,0.9975527393379904
tc,kron,auto,3279.228479,0.9975944602822716
tc,kron,auto,3542.054317,0.9975961564667956
tc,kron,auto,3825.9453,0.9975965697467456
tc,kron,auto,4132.58977,0.9975969830266943
tc,kron,auto,4463.811391,0.9975973963066443
tc,kron,auto,4821.579987,0.9975978095865932
tc,kron,auto,5208.023265,0.9999944279445664
tc,kron,auto,5625.439462,0.9999948852268495
tc,kron,auto,6076.311017,0.9999953425091329
tc,kron,auto,6563.319333,0.9999957997914166
tc,kron,auto,7089.360722,0.9999962570736992
tc,kron,auto,7657.563636,0.9999967143559828
tc,kron,auto,8271.307263,0.9999971716382655
tc,kron,auto,8934.241633,0.9999976289205487
tc,kron,auto,9650.309319,1.0
sssp,uniform,hand,1.0,1.0395672281629157e-05
sssp,uniform,hand,1.058238,0.02771822242761986
sssp,uniform,hand,1.119868,0.055426195766421334
sssp,uniform,hand,1.185086,0.08313366210673663
sssp,uniform,hand,1.254103,0.11084147384753378
sssp,uniform,hand,1.32714,0.1385495032710905
sssp,uniform,hand,1.40443,0.16625733723411887
sssp,uniform,hand,1.486221,0.19396509998290343
sssp,uniform,hand,1.572776,0.221673070339528
sssp,uniform,hand,1.664371,0.24938080042762314
sssp,uniform,hand,1.7613,0.27708844979026415
sssp,uniform,hand,1.863875,0.30479638437765616
sssp,uniform,hand,1.972423,0.33250412371585875
sssp,uniform,hand,2.087293,0.3394198384879642
sssp,uniform,hand,2.208853,0.3395780300035041
sssp,uniform,hand,2.337492,0.33973622101129664
sssp,uniform,hand,2.473623,0.33989441239469415
sssp,uniform,hand,2.617682,0.3400526037723437
sssp,uniform,hand,2.77013,0.3402107944272427
sssp,uniform,hand,2.931457,0.3403689858126199
sssp,uniform,hand,3.102179,0.3444804319923508
sssp,uniform,hand,3.282844,0.35233283555699335
sssp,uniform,hand,3.47403,0.35519178467537627
sssp,uniform,hand,3.67635,0.35785391855097815
sssp,uniform,hand,3.890454,0.3611309894255057
sssp,uniform,hand,4.117026,0.41664434914776033
sssp,uniform,hand,4.356793,0.4814573464943035
sssp,uniform,hand,4.610524,0.5462704606700035
sssp,uniform,hand,4.879031,0.6110833891739635
sssp,uniform,hand,5.163176,0.6392689854589392
sssp,uniform,hand,5.463869,0.6395211368245848
sssp,uniform,hand,5.782074,0.6397732883779187
sssp,uniform,hand,6.11881,0.639938182341579
sssp,uniform,hand,6.475158,0.6399384380278865
sssp,uniform,hand,6.852258,0.6399386937135098
sssp,uniform,hand,7.251319,0.6399389493987996
sssp,uniform,hand,7.673621,0.6399392050844027
sssp,uniform,hand,8.120518,0.6399396015524824
sssp,uniform,hand,8.59344,0.6399403901947184
sssp,uniform,hand,9.093905,0.6399411788385032
sssp,uniform,hand,9.623515,0.6399419674807031
sssp,uniform,hand,10.183969,0.6399427561237534
sssp,uniform,hand,10.777063,0.6399435447671858
sssp,uniform,hand,11.404698,0.6399443334110957
sssp,uniform,hand,12.068884,0.6399451220535848
sssp,uniform,hand,12.771751,0.6399459106962729
sssp,uniform,hand,13.515552,0.639946699339446
sssp,uniform,hand,14.302671,0.6399476062778506
sssp,uniform,hand,15.13563,0.6399487079846511
sssp,uniform,hand,16.017098,0.6399509744764064
sssp,uniform,hand,16.949901,0.6400308414749035
sssp,uniform,hand,17.937029,0.650267653844748
sssp,uniform,hand,18.981646,0.921210533611686
sssp,uniform,hand,20.087098,0.9805965034540658
sssp,uniform,hand,21.25693,0.9805969085511501
sssp,uniform,hand,22.494891,0.9805973136483452
sssp,uniform,hand,23.804948,0.9805977187454299
sssp,uniform,hand,25.1913,0.9806001365902732
sssp,uniform,hand,26.658391,0.9806021140194451
sssp,uniform,hand,28.210921,0.9806038230692401
sssp,uniform,hand,29.853868,0.9806102199206167
sssp,uniform,hand,31.592497,0.9806118131444095
sssp,uniform,hand,33.43238,0.9806148869812468
sssp,uniform,hand,35.379415,0.9806195861175715
sssp,uniform,hand,37.43984,0.9806371904742127
sssp,uniform,hand,39.620261,0.9806728767073182
sssp,uniform,hand,41.927665,0.9807109817998029
sssp,uniform,hand,44.369447,0.9808089307809211
sssp,uniform,hand,46.953434,0.9809746970384261
sssp,uniform,hand,49.687907,0.981228913634855
sssp,uniform,hand,52.58163,0.981633333506283
sssp,uniform,hand,55.643878,0.982123114946059
sssp,uniform,hand,58.884465,0.9828104578763278
sssp,uniform,hand,62.313777,0.9839905256676872
sssp,uniform,hand,65.942806,0.9853332955897066
sssp,uniform,hand,69.783182,0.9866402951581864
sssp,uniform,hand,73.847213,0.9879011749001916
sssp,uniform,hand,78.147925,0.9890147598540887
sssp,uniform,hand,82.699102,0.9896956840725785
sssp,uniform,hand,87.515331,0.9902364816758202
sssp,uniform,hand,92.612047,0.9905232184671287
sssp,uniform,hand,98.005585,0.9907491803053299
sssp,uniform,hand,103.713233,0.9908998859754442
sssp,uniform,hand,109.753281,0.9910976421915141
sssp,uniform,hand,116.145091,0.9913604263727045
sssp,uniform,hand,122.909146,0.9917837781518207
sssp,uniform,hand,130.067126,0.9923309099549507
sssp,uniform,hand,137.641973,0.992980595089563
sssp,uniform,hand,145.657963,0.9937630613175243
sssp,uniform,hand,154.140788,0.9945778010352869
sssp,uniform,hand,163.117636,0.995269223066891
sssp,uniform,hand,172.617277,0.9958264145113548
sssp,uniform,hand,182.670159,0.9961519538375979
sssp,uniform,hand,193.308499,0.9963435345470106
sssp,uniform,hand,204.566396,0.9964455909861947
sssp,uniform,hand,216.479929,0.9964777402880628
sssp,uniform,hand,229.087282,0.9965189014299473
sssp,uniform,hand,242.428862,0.9965315602659961
sssp,uniform,hand,256.547429,0.9965534597409719
sssp,uniform,hand,271.488233,0.9965778599380206
sssp,uniform,hand,287.299159,0.9965954957112009
sssp,uniform,hand,304.030881,0.9966045406422326
sssp,uniform,hand,321.737025,0.9966080199110217
sssp,uniform,hand,340.474339,0.9966243905770797
sssp,uniform,hand,360.302876,0.9966386939772092
sssp,uniform,hand,381.286187,0.9966457469575808
sssp,uniform,hand,403.491523,0.9966550279727141
sssp,uniform,hand,426.990054,0.9982885866317768
sssp,uniform,hand,451.857092,0.9983066195558912
sssp,uniform,hand,478.172335,0.9983175555544482
sssp,uniform,hand,506.020125,0.9983315102423844
sssp,uniform,hand,535.489714,0.9983610510700499
sssp,uniform,hand,566.675552,0.9983772912771738
sssp,uniform,hand,599.677591,0.9984670362272773
sssp,uniform,hand,634.601602,0.9987225301926771
sssp,uniform,hand,671.559516,0.9989780241525519
sssp,uniform,hand,710.669784,0.9992335181113182
sssp,uniform,hand,752.057756,0.9994890120766334
sssp,uniform,hand,795.856079,0.9997445060371467
sssp,uniform,hand,842.205128,0.9999999999989007
sssp,uniform,auto,1.0,0.3469364899861391
sssp,uniform,auto,1.058259,0.34693706009111497
sssp,uniform,auto,1.119912,0.3469376301950923
sssp,uniform,auto,1.185157,0.3469382003004657
sssp,uniform,auto,1.254203,0.34693877040494664
sssp,uniform,auto,1.327272,0.34693934051286135
sssp,uniform,auto,1.404598,0.34693991062113844
sssp,uniform,auto,1.486428,0.34694048072289785
sssp,uniform,auto,1.573026,0.3469410508290972
sssp,uniform,auto,1.664669,0.34694162093454645
sssp,uniform,auto,1.761652,0.346942191045516
sssp,uniform,auto,1.864284,0.34694276115003897
sssp,uniform,auto,1.972895,0.34694333125337395
sssp,uniform,auto,2.087834,0.35961210648041114
sssp,uniform,auto,2.209469,0.3596132373553859
sssp,uniform,auto,2.338191,0.359614368236114
sssp,uniform,auto,2.474412,0.35961549911485025
sssp,uniform,auto,2.618569,0.3596166299926828
sssp,uniform,auto,2.771124,0.359617760867228
sssp,uniform,auto,2.932567,0.3596188917438882
sssp,uniform,auto,3.103416,0.3596209059615212
sssp,uniform,auto,3.284218,0.3596235249174391
sssp,uniform,auto,3.475554,0.3596261438820228
sssp,uniform,auto,3.678036,0.3596287628329333
sssp,uniform,auto,3.892315,0.3596313817911952
sssp,uniform,auto,4.119078,0.45799246654231335
sssp,uniform,auto,4.359051,0.480160877563622
sssp,uniform,auto,4.613006,0.5023294103080096
sssp,uniform,auto,4.881755,0.5244978447817185
sssp,uniform,auto,5.166162,0.5447547103321979
sssp,uniform,auto,5.467137,0.5447555360133259
sssp,uniform,auto,5.785648,0.5447563616982916
sssp,uniform,auto,6.122714,0.5447572413312202
sssp,uniform,auto,6.479418,0.5447582179082241
sssp,uniform,auto,6.856903,0.5447591944845609
sssp,uniform,auto,7.25638,0.5682263357235631
sssp,uniform,auto,7.67913,0.6051675759164179
sssp,uniform,auto,8.126509,0.6318731405545114
sssp,uniform,auto,8.599951,0.6318736025634465
sssp,uniform,auto,9.100977,0.6318740645739588
sssp,uniform,auto,9.631191,0.6318745265833202
sssp,uniform,auto,10.192295,0.6318749885928835
sssp,uniform,auto,10.786089,0.6318754506029128
sssp,uniform,auto,11.414476,0.6318759126122933
sssp,uniform,auto,12.079473,0.6318763746222057
sssp,uniform,auto,12.783212,0.631876836632041
sssp,uniform,auto,13.52795,0.631877298641763
sssp,uniform,auto,14.316076,0.6318777606516328
sssp,uniform,auto,15.150117,0.6318782226612333
sssp,uniform,auto,16.032749,0.6319168254918982
sssp,uniform,auto,16.966802,0.6329614231986335
sssp,uniform,auto,17.955272,0.6432272069086481
sssp,uniform,auto,19.00133,0.9056410373813505
sssp,uniform,auto,20.10833,0.975519973285646
sssp,uniform,auto,21.279822,0.9803123026264295
sssp,uniform,auto,22.519565,0.9803324925936552
sssp,uniform,auto,23.831534,0.9803328701880549
sssp,uniform,auto,25.219937,0.9803332477824285
sssp,uniform,auto,26.689227,0.9803336253767854
sssp,uniform,auto,28.244116,0.9803340029710325
sssp,uniform,auto,29.889592,0.9803343805654234
sssp,uniform,auto,31.630932,0.9803347581598344
sssp,uniform,auto,33.473721,0.9803387844002555
sssp,uniform,auto,35.423869,0.9803477852045732
sssp,uniform,auto,37.487631,0.9803640448261426
sssp,uniform,auto,39.671625,0.9803907906351842
sssp,uniform,auto,41.982857,0.980445728203126
sssp,uniform,auto,44.42874,0.9805832666224028
sssp,uniform,auto,47.017117,0.9807740435561884
sssp,uniform,auto,49.75629,0.9810590457465527
sssp,uniform,auto,52.655045,0.9814961546775975
sssp,uniform,auto,55.722679,0.9823690216064079
sssp,uniform,auto,58.969031,0.9833148856825513
sssp,uniform,auto,62.404512,0.9850356544481449
sssp,uniform,auto,66.040141,0.9870956556464011
sssp,uniform,auto,69.887578,0.9888086578218964
sssp,uniform,auto,73.959164,0.9910554757128224
sssp,uniform,auto,78.267956,0.9931386773787453
sssp,uniform,auto,82.827774,0.994351249481676
sssp,uniform,auto,87.653243,0.9952936950851443
sssp,uniform,auto,92.75984,0.9959105358354489
sssp,uniform,auto,98.163942,0.9962465717297968
sssp,uniform,auto,103.882882,0.9963618874681441
sssp,uniform,auto,109.935002,0.9964367062081939
sssp,uniform,auto,116.339714,0.9965084838553325
sssp,uniform,auto,123.117557,0.9965761238606531
sssp,uniform,auto,130.290272,0.9966153510616015
sssp,uniform,auto,137.880862,0.9966540833042496
sssp,uniform,auto,145.913673,0.9966714033831601
sssp,uniform,auto,154.414468,0.996676985183904
sssp,uniform,auto,163.410512,0.9966773669099754
sssp,uniform,auto,172.930656,0.9966777486360001
sssp,uniform,auto,183.005436,0.9966781303620724
sssp,uniform,auto,193.667162,0.9966785120880973
sssp,uniform,auto,204.950031,0.9966788938141482
sssp,uniform,auto,216.89023,0.9966792755402155
sssp,uniform,auto,229.526053,0.9966999826622623
sssp,uniform,auto,242.898028,0.9968513400246687
sssp,uniform,auto,257.049041,0.9970026973780991
sssp,uniform,auto,272.02448,0.9971540547428852
sssp,uniform,auto,287.872373,0.9973054120965014
sssp,uniform,auto,304.64355,0.9974567694545509
sssp,uniform,auto,322.391801,0.9976081268193115
sssp,uniform,auto,341.174048,0.9977594841788918
sssp,uniform,auto,361.050531,0.9979108415364601
sssp,uniform,auto,382.084999,0.9980621988910251
sssp,uniform,auto,404.344917,0.9982135562552789
sssp,uniform,auto,427.901676,0.9983625662374777
sssp,uniform,auto,452.83083,0.9984990190498086
sssp,uniform,auto,479.212334,0.9986354718654299
sssp,uniform,auto,507.130799,0.99877192467656
sssp,uniform,auto,536.675769,0.9989083774930249
sssp,uniform,auto,567.942,0.9990448303029128
sssp,uniform,auto,601.029774,0.9991812831186979
sssp,uniform,auto,636.04521,0.9993177359306361
sssp,uniform,auto,673.100614,0.9994541887470282
sssp,uniform,auto,712.31483,0.9995906415584541
sssp,uniform,auto,753.813631,0.9997270943738207
sssp,uniform,auto,797.730113,0.9998635471872622
sssp,uniform,auto,844.205128,0.9999999999994145
sssp,kron,hand,1.0,1.4577025732823525e-05
sssp,kron,hand,1.085428,0.033519480851626586
sssp,kron,hand,1.178155,0.06702475130700032
sssp,kron,hand,1.278803,0.10052983880265406
sssp,kron,hand,1.388049,0.13403486551119057
sssp,kron,hand,1.506628,0.16753997280774227
sssp,kron,hand,1.635337,0.2010450723849252
sssp,kron,hand,1.775042,0.23455030566102583
sssp,kron,hand,1.926681,0.26805536053497453
sssp,kron,hand,2.091274,0.2837007668317651
sssp,kron,hand,2.269929,0.2843992336104163
sssp,kron,hand,2.463845,0.28509769596309836
sssp,kron,hand,2.674328,0.2857961618228856
sssp,kron,hand,2.902792,0.28649462685309274
sssp,kron,hand,3.150773,0.2876133440849182
sssp,kron,hand,3.419938,0.29136175926569696
sssp,kron,hand,3.712099,0.29511019547494943
sssp,kron,hand,4.029218,0.2985749856584353
sssp,kron,hand,4.373428,0.29912869982554496
sssp,kron,hand,4.747043,0.2996824135092572
sssp,kron,hand,5.152576,0.30023712794337526
sssp,kron,hand,5.592752,0.3007935679828455
sssp,kron,hand,6.070533,0.32307102360928097
sssp,kron,hand,6.589129,0.4759834068690285
sssp,kron,hand,7.152029,0.5915600034085086
sssp,kron,hand,7.763016,0.5970470532424805
sssp,kron,hand,8.426199,0.6000328229565595
sssp,kron,hand,9.146036,0.6003246868205246
sssp,kron,hand,9.927368,0.6032749048872739
sssp,kron,hand,10.775448,0.6058724628472857
sssp,kron,hand,11.695979,0.6093687581327694
sssp,kron,hand,12.695149,0.614272702667108
sssp,kron,hand,13.779676,0.6164475056364378
sssp,kron,hand,14.956853,0.621554382434781
sssp,kron,hand,16.234594,0.6289052144213688
sssp,kron,hand,17.621491,0.6526302590071893
sssp,kron,hand,19.126869,0.6664807920776544
sssp,kron,hand,20.760849,0.7266546361327629
sssp,kron,hand,22.534417,0.764359226455844
sssp,kron,hand,24.459498,0.825468834445568
sssp,kron,hand,26.549036,0.9195661437900113
sssp,kron,hand,28.81708,0.9490427088187612
sssp,kron,hand,31.27888,0.9841439302022458
sssp,kron,hand,33.950988,0.9884112981874004
sssp,kron,hand,36.85137,0.9889372589490661
sssp,kron,hand,39.999527,0.9894916256125079
sssp,kron,hand,43.416626,0.9899365962277685
sssp,kron,hand,47.125643,0.9903607692243007
sssp,kron,hand,51.151516,0.9906561996626748
sssp,kron,hand,55.521313,0.9908799127834035
sssp,kron,hand,60.264415,0.9910565112443337
sssp,kron,hand,65.412714,0.9912082812342905
sssp,kron,hand,71.000823,0.9913645815076622
sssp,kron,hand,77.066317,0.9915222268127915
sssp,kron,hand,83.649976,0.9917333092266875
sssp,kron,hand,90.796068,0.9920845723549889
sssp,kron,hand,98.55264,0.9925971590502779
sssp,kron,hand,106.971843,0.9930795762799784
sssp,kron,hand,116.110287,0.9935538192006613
sssp,kron,hand,126.029414,0.9938687762087355
sssp,kron,hand,136.795917,0.9940191828049524
sssp,kron,hand,148.482187,0.9940819724455362
sssp,kron,hand,161.166797,0.9941054380844003
sssp,kron,hand,174.935034,0.9941457722892967
sssp,kron,hand,189.87947,0.9941922137106673
sssp,kron,hand,206.100588,0.994234864219267
sssp,kron,hand,223.707451,0.9943153638811159
sssp,kron,hand,242.818442,0.9944739326531465
sssp,kron,hand,263.562057,0.994671473591218
sssp,kron,hand,286.077767,0.9949224918944833
sssp,kron,hand,310.51696,0.9952271196842296
sssp,kron,hand,337.043957,0.9955101638345286
sssp,kron,hand,365.837115,0.9956132583720129
sssp,kron,hand,397.090029,0.9956404156408873
sssp,kron,hand,431.012833,0.9974746530054219
sssp,kron,hand,467.833611,0.9974828740815137
sssp,kron,hand,507.799933,0.9975043718115031
sssp,kron,hand,551.180517,0.9975147740039707
sssp,kron,hand,598.26704,0.9975162665652002
sssp,kron,hand,649.376093,0.9975422075458544
sssp,kron,hand,704.851316,0.9976134591822136
sssp,kron,hand,765.065704,0.9977590019161495
sssp,kron,hand,830.424116,0.9978218460357712
sssp,kron,hand,901.365999,0.9978438849720884
sssp,kron,hand,978.36834,0.9979295047799802
sssp,kron,hand,1061.948876,0.9980107074633269
sssp,kron,hand,1152.669571,0.9980278111457047
sssp,kron,hand,1251.140399,0.9980280332062625
sssp,kron,hand,1358.023441,0.9980282552668188
sssp,kron,hand,1474.037341,0.9980284773273761
sssp,kron,hand,1599.962134,0.9980286993879334
sssp,kron,hand,1736.644492,0.9980289214484896
sssp,kron,hand,1885.003419,0.998029143509047
sssp,kron,hand,2046.036425,0.9980476805415888
sssp,kron,hand,2220.826239,0.9981081956382903
sssp,kron,hand,2410.548084,0.9981242091700487
sssp,kron,hand,2616.477581,0.998125261571135
sssp,kron,hand,2839.999325,0.9981263139722205
sssp,kron,hand,3082.616196,0.9981466905541485
sssp,kron,hand,3345.95946,0.9983688403387321
sssp,kron,hand,3631.799744,0.9986900598751351
sssp,kron,hand,3942.058933,0.9990112794110125
sssp,kron,hand,4278.823098,0.9993324989470644
sssp,kron,hand,4644.356519,0.9996537184830699
sssp,kron,hand,5041.11691,0.9999749380188299
sssp,kron,hand,5471.771945,0.9999789977618834
sssp,kron,hand,5939.217192,0.9999862094927682
sssp,kron,hand,6446.595583,0.9999958599367512
sssp,kron,hand,6997.318546,0.9999963936776066
sssp,kron,hand,7595.088944,0.9999969274184627
sssp,kron,hand,8243.925968,0.9999974611593188
sssp,kron,hand,8948.192162,0.9999979949001742
sssp,kron,hand,9712.622759,0.9999985286410306
sssp,kron,hand,10542.357511,0.9999987459569103
sssp,kron,hand,11442.975255,0.9999989549640919
sssp,kron,hand,12420.531419,0.9999991639712736
sssp,kron,hand,13481.598735,0.9999993729784552
sssp,kron,hand,14633.311435,0.9999995819856368
sssp,kron,hand,15883.41322,0.9999997909928184
sssp,kron,hand,17240.309319,1.0
sssp,kron,auto,1.0,0.28266057214106993
sssp,kron,auto,1.080149,0.284090894104769
sssp,kron,auto,1.166721,0.28552120235881573
sssp,kron,auto,1.260232,0.28695151664660823
sssp,kron,auto,1.361238,0.2883818340506166
sssp,kron,auto,1.47034,0.2898121577244429
sssp,kron,auto,1.588186,0.2912424764097248
sssp,kron,auto,1.715477,0.2926727927530586
sssp,kron,auto,1.85297,0.29410310704690934
sssp,kron,auto,2.001483,0.2956327565372587
sssp,kron,auto,2.161899,0.296436514626093
sssp,kron,auto,2.335172,0.29643679603612055
sssp,kron,auto,2.522333,0.2964370774467644
sssp,kron,auto,2.724495,0.29643735885779565
sssp,kron,auto,2.94286,0.2964376402687715
sssp,kron,auto,3.178726,0.2964467432244868
sssp,kron,auto,3.433497,0.2964471336003705
sssp,kron,auto,3.708687,0.29644752397545693
sssp,kron,auto,4.005933,0.298455157618697
sssp,kron,auto,4.327004,0.29845616418391013
sssp,kron,auto,4.673807,0.29845717074499584
sssp,kron,auto,5.048407,0.31684245029540903
sssp,kron,auto,5.45303,0.35720981480751496
sssp,kron,auto,5.890083,0.3975771804972554
sssp,kron,auto,6.362165,0.504188076573077
sssp,kron,auto,6.872085,0.5041900584931498
sssp,kron,auto,7.422873,0.5042020300386227
sssp,kron,auto,8.017807,0.5052459646840344
sssp,kron,auto,8.660423,0.5068962169577806
sssp,kron,auto,9.354545,0.5069198163631623
sssp,kron,auto,10.104299,0.5099288361281761
sssp,kron,auto,10.914145,0.512377441820404
sssp,kron,auto,11.7889,0.6105410273315924
sssp,kron,auto,12.733764,0.6155610389830203
sssp,kron,auto,13.754359,0.6173474653994535
sssp,kron,auto,14.856753,0.6227496579417996
sssp,kron,auto,16.047502,0.6304735892785533
sssp,kron,auto,17.333688,0.638448366491062
sssp,kron,auto,18.72296,0.6632519973046832
sssp,kron,auto,20.223581,0.6886718015142547
sssp,kron,auto,21.844474,0.7466753610563079
sssp,kron,auto,23.59528,0.7719886787867198
sssp,kron,auto,25.48641,0.8595607343746647
sssp,kron,auto,27.529112,0.9377228602334935
sssp,kron,auto,29.735535,0.9503003324116981
sssp,kron,auto,32.118798,0.9854995846395191
sssp,kron,auto,34.693078,0.9897196090910428
sssp,kron,auto,37.473682,0.9900880404131888
sssp,kron,auto,40.477148,0.9906229532513597
sssp,kron,auto,43.721339,0.9909474292094245
sssp,kron,auto,47.225546,0.9913063846890365
sssp,kron,auto,51.010611,0.991566113687847
sssp,kron,auto,55.099045,0.9917538091765195
sssp,kron,auto,59.51516,0.9919083292360092
sssp,kron,auto,64.285222,0.9920928535927175
sssp,kron,auto,69.437598,0.9922383754518102
sssp,kron,auto,75.00293,0.9923620513286153
sssp,kron,auto,81.014316,0.9925072939106713
sssp,kron,auto,87.507506,0.9926890318935283
sssp,kron,auto,94.521117,0.9930425320323443
sssp,kron,auto,102.09686,0.9934720302159858
sssp,kron,auto,110.279789,0.9938613784514542
sssp,kron,auto,119.118569,0.9941984703763619
sssp,kron,auto,128.665765,0.9944106515325443
sssp,kron,auto,138.978156,0.9945198763392321
sssp,kron,auto,150.117072,0.9945824473143521
sssp,kron,auto,162.148758,0.9946603140861452
sssp,kron,auto,175.144767,0.994766714138119
sssp,kron,auto,189.182389,0.994849345300628
sssp,kron,auto,204.345108,0.9948974207359089
sssp,kron,auto,220.723099,0.9949126194366744
sssp,kron,auto,238.413764,0.994918815008407
sssp,kron,auto,257.522313,0.9949324478949598
sssp,kron,auto,278.162387,0.9950300715716803
sssp,kron,auto,300.456735,0.9951965035834058
sssp,kron,auto,324.537946,0.9955655471016288
sssp,kron,auto,350.549235,0.9957675338999866
sssp,kron,auto,378.645294,0.9958718280210852
sssp,kron,auto,408.993215,0.9958874227248978
sssp,kron,auto,441.773481,0.9977132066857555
sssp,kron,auto,477.181043,0.9977208188799609
sssp,kron,auto,515.426475,0.9977649399695051
sssp,kron,auto,556.737227,0.9977916966119987
sssp,kron,auto,601.358982,0.9978071942374865
sssp,kron,auto,649.557111,0.9978165882226587
sssp,kron,auto,701.618257,0.9978170406387232
sssp,kron,auto,757.852035,0.9978174930547862
sssp,kron,auto,818.592876,0.997817945470848
sssp,kron,auto,884.202016,0.9978230758044764
sssp,kron,auto,955.069641,0.9978812923877125
sssp,kron,auto,1031.617214,0.9980594707506516
sssp,kron,auto,1114.299973,0.9981000383800324
sssp,kron,auto,1203.609647,0.9981064546029685
sssp,kron,auto,1300.077373,0.9981069364641836
sssp,kron,auto,1404.27686,0.9981074183253985
sssp,kron,auto,1516.827798,0.9981106070622924
sssp,kron,auto,1638.399546,0.9981188301675024
sssp,kron,auto,1769.715109,0.9981201174986358
sssp,kron,auto,1911.555441,0.9981232900199783
sssp,kron,auto,2064.764089,0.9981243780970828
sssp,kron,auto,2230.252208,0.9981248967409916
sssp,kron,auto,2409.003982,0.9981254153849018
sssp,kron,auto,2602.082474,0.9981259340288096
sssp,kron,auto,2810.635953,0.9981264526727184
sssp,kron,auto,3035.904719,0.998148340930237
sssp,kron,auto,3279.228479,0.9981763724383029
sssp,kron,auto,3542.054317,0.998176640772472
sssp,kron,auto,3825.9453,0.9981769091066417
sssp,kron,auto,4132.58977,0.9981771774408107
sssp,kron,auto,4463.811391,0.9981774457749805
sssp,kron,auto,4821.579987,0.9981777141091495
sssp,kron,auto,5208.023265,0.9999957730072171
sssp,kron,auto,5625.439462,0.9999961199041447
sssp,kron,auto,6076.311017,0.9999964668010725
sssp,kron,auto,6563.319333,0.9999968136980006
sssp,kron,auto,7089.360722,0.9999971605949278
sssp,kron,auto,7657.563636,0.9999975074918559
sssp,kron,auto,8271.307263,0.9999978543887832
sssp,kron,auto,8934.241633,0.9999982012857108
sssp,kron,auto,9650.309319,1.0
