kernel,graph,scale,source,k,alpha_pred,alpha_meas,sd_pred,sd_meas,m_pred,m_meas
pr,uniform,10,hand,100,11.141318394570868,11.135519999702197,465.139784963573,514.0441794447758,80798.69900522812,80589.95
pr,uniform,10,hand,250,23.108453011105944,23.10797709830297,332.9227059611537,381.01284340833683,38955.61641671574,38835.55
pr,uniform,10,hand,500,40.835452323327615,40.73419606098707,253.54951098554073,313.35231558775905,22044.669037989166,22030.9
pr,uniform,10,hand,750,57.33484286282539,57.06488873627684,215.5806942777574,273.2810920337481,15700.819720359168,15726.15
pr,uniform,10,hand,1000,73.11920431202573,72.79364705977783,191.69641244363888,270.99218769085167,12311.4582544259,12328.15
pr,uniform,10,hand,2500,159.89316340975054,159.32871130680255,129.20352150792354,150.8625986923551,5630.034532354791,5632.45
pr,uniform,10,hand,5000,291.780326703857,291.5470582502193,93.89551860082047,87.00266178626238,3085.2115413456468,3078.1
pr,uniform,10,hand,7500,418.2311336335399,411.4299468182652,77.43306838990871,51.91653220111556,2152.407984703297,2181.2
pr,uniform,10,hand,10000,542.3055114458346,538.4519845198452,67.40530544902634,106.8921123573228,1659.95737178536,1666.65
pr,uniform,10,hand,25000,1262.9387479938116,1258.199789695058,43.04258472884513,61.44391965978322,712.7851868622483,713.25
pr,uniform,10,hand,50000,2403.377459581965,2415.316915623738,30.56995136101818,45.35645372752196,374.5579072048555,371.55
pr,uniform,10,hand,75000,3487.7935639275156,3806.621420996819,25.05188435149468,33.016542902962414,258.1012938365097,235.75
pr,uniform,10,hand,100000,4534.336070836499,5006.476987447699,21.77397010463276,35.21195221721407,198.53050533113054,179.25
pr,uniform,10,auto,100,11.099701978212435,11.135519999702197,630.3883607902128,514.0441794447758,81111.45986185613,80589.95
pr,uniform,10,auto,250,23.023349756655517,23.10797709830297,449.29374483054914,381.01284340833683,39104.34584889557,38835.55
pr,uniform,10,auto,500,40.69006369403497,40.73419606098707,336.7096389016598,313.35231558775905,22126.115069618972,22030.9
pr,uniform,10,auto,750,57.1371703436313,57.06488873627684,281.8890550751009,273.2810920337481,15757.046176240943,15726.15
pr,uniform,10,auto,1000,72.87396829373259,72.79364705977783,247.66861624770118,270.99218769085167,12354.38459801527,12328.15
pr,uniform,10,auto,2500,159.41101765806337,159.32871130680255,161.53414388854867,150.8625986923551,5647.746590612165,5632.45
pr,uniform,10,auto,5000,290.9724004388244,291.5470582502193,115.61568504087064,87.00266178626238,3094.152676083894,3078.1
pr,uniform,10,auto,7500,417.12310092574916,411.4299468182652,94.80722014628432,51.91653220111556,2158.386887434952,2181.2
pr,uniform,10,auto,10000,540.9078034353912,538.4519845198452,82.28687575971865,106.8921123573228,1664.4482216124675,1666.65
pr,uniform,10,auto,25000,1259.9081681350374,1258.199789695058,52.25653898436884,61.44391965978322,714.5862327545822,713.25
pr,uniform,10,auto,50000,2397.898448003936,2415.316915623738,37.030535228891786,45.35645372752196,375.45919938093436,371.55
pr,uniform,10,auto,75000,3480.1118672454995,3806.621420996819,30.30237099195828,33.016542902962414,258.7023250482286,235.75
pr,uniform,10,auto,100000,4524.610304603539,5006.476987447699,26.303725487854393,35.21195221721407,198.98134223146792,179.25
pr,uniform,11,hand,100,8.950248589747707,8.971484237531048,637.601908075326,968.3061105271496,147735.34145174126,147050.25
pr,uniform,11,hand,250,18.6042177656155,18.68297435737663,453.88405782948166,533.1823920178678,71073.56235789564,70612.9
pr,uniform,11,hand,500,32.87770932021913,32.90402714610485,346.3569907980087,444.61826027326026,40217.76634758355,40094.15
pr,uniform,11,hand,750,46.340281191057784,46.37097936386867,295.7353577812942,402.2323104611902,28533.8801901681,28450.1
pr,uniform,11,hand,1000,59.40201513655636,59.793460722638194,263.8494142571096,268.0210910789638,22259.649415001266,22063.6
pr,uniform,11,hand,2500,133.70037939728115,132.87663230413608,179.3636285094805,241.86740060141224,9889.785185689847,9928.45
pr,uniform,11,hand,5000,250.90020908350795,247.4113179239533,130.82131378162666,133.33806460903878,5270.095375027162,5332.25
pr,uniform,11,hand,7500,365.07260426024703,362.4686439630184,108.0240169865357,157.59751367261313,3621.9316816819983,3639.65
pr,uniform,11,hand,10000,477.86097188122216,471.3070039119018,94.09671003894935,92.66650732032242,2767.0559206350254,2799.15
pr,uniform,11,hand,25000,1140.6083355521303,1123.9214516953484,60.15823096238221,79.10858626630002,1159.2656219229518,1173.8
pr,uniform,11,hand,50000,2209.614970797168,2165.0266677607287,42.7199625639429,54.72541505216361,598.4155832395113,609.35
pr,uniform,11,hand,75000,3245.0066526511287,3040.8182551573123,34.969841970428945,57.01087153941965,407.47775675716014,433.85
pr,uniform,11,hand,100000,4256.939371754126,3934.5630778407394,30.351196918547764,52.73478827810766,310.6147201103984,335.3
pr,uniform,11,auto,100,8.92749184160207,8.971484237531048,876.5045694332146,968.3061105271496,148117.86501134993,147050.25
pr,uniform,11,auto,250,18.560246020918882,18.68297435737663,618.6788879824039,533.1823920178678,71244.80084983687,70612.9
pr,uniform,11,auto,500,32.803309538303196,32.90402714610485,463.21259563990793,444.61826027326026,40310.598232178934,40094.15
pr,uniform,11,auto,750,46.2379521676063,46.37097936386867,388.8403100896327,402.2323104611902,28598.174648632987,28450.1
pr,uniform,11,auto,1000,59.27313665014143,59.793460722638194,342.47984325342316,268.0210910789638,22308.94307634364,22063.6
pr,uniform,11,auto,2500,133.42725488449253,132.87663230413608,224.9589250504351,241.86740060141224,9910.42671625877,9928.45
pr,uniform,11,auto,5000,250.41125917237085,247.4113179239533,161.5413275195092,133.33806460903878,5280.597349554966,5332.25
pr,uniform,11,auto,7500,364.37858558674753,362.4686439630184,132.6281052481186,157.59751367261313,3628.9756966783616,3639.65
pr,uniform,11,auto,10000,476.96665228216744,471.3070039119018,115.18564753136988,92.66650732032242,2772.355310706449,2799.15
pr,uniform,11,auto,25000,1138.5603245132954,1123.9214516953484,73.23378750780037,79.10858626630002,1161.3974270968915,1173.8
pr,uniform,11,auto,50000,2205.767067111536,2165.0266677607287,51.896971755221664,54.72541505216361,599.4835316930947,609.35
pr,uniform,11,auto,75000,3239.472913989783,3040.8182551573123,42.43696829947404,57.01087153941965,408.1901798819959,433.85
pr,uniform,11,auto,100000,4249.797175971581,3934.5630778407394,36.80182822397323,52.73478827810766,311.1492094165733,335.3
pr,uniform,12,hand,100,7.720807001699322,7.750642583701622,888.7734547320333,1107.2396628791057,280542.1805010294,279049.25
pr,uniform,12,hand,250,16.21354988667964,16.281525628705865,630.5777051478741,687.3033709245201,133592.70774279025,132838.35
pr,uniform,12,hand,500,28.680332087470557,28.875190999445273,478.1374653630573,538.5438920684276,75522.55757981961,74902.05
pr,uniform,12,hand,750,40.43603050335232,40.59787138191238,408.0416838670732,495.27270531655546,53566.38632728233,53274.0
pr,uniform,12,hand,1000,51.897458372909554,52.195037780153534,364.5130264329719,435.9135476819128,41736.37976489038,41437.1
pr,uniform,12,hand,2500,118.25768605783803,118.0010093432449,249.62134130253307,349.64235486535233,18316.03596932363,18328.75
pr,uniform,12,hand,5000,225.33554315447824,223.02538772479787,182.88489775718188,229.8148911853326,9612.385161977925,9697.6
pr,uniform,12,hand,7500,330.81323996251535,324.6976429965471,151.28319383717727,217.07578109232287,6547.5373105676645,6661.0
pr,uniform,12,hand,10000,435.5460726187114,431.05351270553064,131.90281300316298,172.4615899265689,4973.095081448542,5017.5
pr,uniform,12,hand,25000,1056.3776696197651,1028.8077060292544,84.47867456041514,114.40273966171117,2050.41444341017,2102.25
pr,uniform,12,hand,50000,2071.794046732537,1978.7840805123512,60.01092674171459,80.68130938582084,1045.476520651461,1093.0
pr,uniform,12,hand,75000,3068.653089295613,2859.537251272559,49.102482560747106,74.04285743299015,705.8510585768219,756.35
pr,uniform,12,hand,100000,4052.2579485095957,3810.449260042283,42.58884535719815,57.94407467095909,534.5197810719314,567.6
pr,uniform,12,auto,100,7.70525216668696,7.750642583701622,1231.3354619739516,1107.2396628791057,281115.39825382375,279049.25
pr,uniform,12,auto,250,16.18457151861383,16.281525628705865,864.3076809466539,687.3033709245201,133835.17932452878,132838.35
pr,uniform,12,auto,500,28.63376463710024,28.875190999445273,641.4328413536157,538.5438920684276,75647.23182357282,74902.05
pr,uniform,12,auto,750,40.37275962491838,40.59787138191238,537.2509818881139,495.27270531655546,53651.64659557805,53274.0
pr,uniform,12,auto,1000,51.81769236116017,52.195037780153534,473.3293721503587,435.9135476819128,41801.64983780544,41437.1
pr,uniform,12,auto,2500,118.08213579358426,118.0010093432449,312.81440429197085,349.64235486535233,18343.714880553776,18328.75
pr,uniform,12,auto,5000,225.00793361607128,223.02538772479787,225.68806222725868,229.8148911853326,9626.616256030677,9697.6
pr,uniform,12,auto,7500,330.33764003050305,324.6976429965471,185.6607566213991,217.07578109232287,6557.124496270939,6661.0
pr,uniform,12,auto,10000,434.9244448756883,431.05351270553064,161.41732232568765,172.4615899265689,4980.324874826145,5017.5
pr,uniform,12,auto,25000,1054.9003601278398,1028.8077060292544,102.84124006016842,114.40273966171117,2053.3361380423125,2102.25
pr,uniform,12,auto,50000,2068.9435662980286,1978.7840805123512,72.91825927586815,80.68130938582084,1046.942539549348,1093.0
pr,uniform,12,auto,75000,3064.4799318686646,2859.537251272559,59.61520731908976,74.04285743299015,706.8295696632334,756.35
pr,uniform,12,auto,100000,4046.797618170424,3810.449260042283,51.67834392817802,57.94407467095909,535.254103580211,567.6
pr,uniform,13,hand,100,7.0570167583489445,7.089627443662116,1247.9436259022991,1327.641204701427,546063.6078163324,543093.7
pr,uniform,13,hand,250,14.976046908151591,15.03610110417948,885.9998709232766,1147.237666378631,257316.23672912017,256072.5
pr,uniform,13,hand,500,26.67709797641253,26.777718547326234,668.8592628854002,558.2231467602785,144452.745005908,143788.65
pr,uniform,13,hand,750,37.6728833163061,37.77725995234589,568.4517988627006,604.0267051433373,102290.55204320885,101921.95
pr,uniform,13,hand,1000,48.36943232867838,48.54196910853742,506.69514886817126,566.6686839489367,79669.73863366067,79319.65
pr,uniform,13,hand,2500,110.47000578491271,110.47870455520375,347.2628652277571,561.626517124006,34883.496240484856,34851.35
pr,uniform,13,hand,5000,211.60484077852055,210.4961266585391,255.56851778465915,386.2938750417056,18211.2092393848,18291.7
pr,uniform,13,hand,7500,311.81914504687006,310.5845342238678,211.9177385260741,276.20005621402686,12358.38175011706,12397.05
pr,uniform,13,hand,10000,411.62419659210354,407.52663247971805,185.0319471713045,183.97095737614302,9361.888983662018,9448.05
pr,uniform,13,hand,25000,1006.4362873777006,969.295370440299,118.85573212311714,114.34946436254083,3828.9358996831875,3972.3
pr,uniform,13,hand,50000,1987.7034772620932,1911.40389197776,84.5126847646814,108.73647526304866,1938.709709756281,2014.4
pr,uniform,13,hand,75000,2959.208813113873,2787.974367329206,69.1541727279629,101.22589381649028,1302.233223423444,1381.05
pr,uniform,13,hand,100000,3923.64484149507,3579.70621048717,59.968592902198345,60.373748216291915,982.1429275989135,1075.6
pr,uniform,13,auto,100,7.045545659996219,7.089627443662116,1736.0784439652327,1327.641204701427,546936.350631274,543093.7
pr,uniform,13,auto,250,14.954524347328908,15.03610110417948,1218.4940959438227,1147.237666378631,257678.8764379943,256072.5
pr,uniform,13,auto,500,26.64275903065477,26.777718547326234,899.5476168065223,558.2231467602785,144634.60886504294,143788.65
pr,uniform,13,auto,750,37.62683079227322,37.77725995234589,749.5186409567957,604.0267051433373,102412.69196330145,101921.95
pr,uniform,13,auto,1000,48.31191686918322,48.54196910853742,658.2855249668271,566.6686839489367,79762.20529437029,79319.65
pr,uniform,13,auto,2500,110.34504023568229,110.47870455520375,434.7721881979799,561.626517124006,34921.95954846594,34851.35
pr,uniform,13,auto,5000,211.36987008479417,210.4961266585391,315.30702647060764,386.2938750417056,18230.90977885575,18291.7
pr,uniform,13,auto,7500,311.47555546005924,310.5845342238678,260.16412234167535,276.20005621402686,12371.645106443917,12397.05
pr,uniform,13,auto,10000,411.17269969685185,407.52663247971805,226.6009077003901,183.97095737614302,9371.889316400175,9448.05
pr,uniform,13,auto,25000,1005.3451668854747,969.295370440299,144.92505493144915,114.34946436254083,3832.977129061303,3972.3
pr,uniform,13,auto,50000,1985.5672155930256,1911.40389197776,102.89748451105388,108.73647526304866,1940.7376397144208,2014.4
pr,uniform,13,auto,75000,2956.047819538177,2787.974367329206,84.14898556534634,101.22589381649028,1303.586838485708,1381.05
pr,uniform,13,auto,100000,3919.47380216507,3579.70621048717,72.94501954751603,60.373748216291915,983.1587672191445,1075.6
pr,uniform,14,hand,100,6.711486267971848,6.746366720461908,1758.4345058132074,2146.044721660897,1077034.168419558,1071036.5
pr,uniform,14,hand,250,14.330711419760586,14.38447466822424,1249.3495625414066,1379.2852496854966,504406.22379130323,502319.7
pr,uniform,14,hand,500,25.728112520028102,25.815043998013568,942.8034780308279,1239.2291746761068,280957.2612781953,279899.0
pr,uniform,14,hand,750,36.50518660987328,36.66690940073526,799.8007886597671,1085.2849868267663,198012.959329163,197060.65
pr,uniform,14,hand,1000,46.98755732972466,47.09428170124846,711.2282406820065,879.7705741600446,153838.5998820914,153428.5
pr,uniform,14,hand,2500,107.52516568421127,107.99088020517297,483.91386805450054,446.8119114465617,67226.12316370285,66909.4
pr,uniform,14,hand,5000,205.82526917210956,205.88555431290558,356.4271376258185,453.40581044729527,35119.594695828746,35095.25
pr,uniform,14,hand,7500,303.2901639177597,300.8606600892305,296.1925879330344,323.8699340947324,23833.611806297904,24016.45
pr,uniform,14,hand,10000,400.44007170063094,400.2728274899317,259.0543354375908,296.8730191069647,18051.39031362568,18051.7
pr,uniform,14,hand,25000,980.8148802141757,966.4163334091244,167.1409373735943,213.38921691298478,7369.892298030686,7476.7
pr,uniform,14,hand,50000,1942.6828558333762,1869.9805900621118,119.0687927974506,163.1550763763372,3720.8852745979716,3864.0
pr,uniform,14,hand,75000,2899.499607035655,2773.2656546853714,97.48323696218188,128.21547447456115,2493.01638598065,2605.45
pr,uniform,14,hand,100000,3852.6527169548076,3693.3168063790636,84.54887251567841,93.05708491367858,1876.239713917909,1956.4
pr,uniform,14,auto,100,6.7022871503213794,6.746366720461908,2451.346858886708,2146.044721660897,1078541.8274920855,1071036.5
pr,uniform,14,auto,250,14.313283359997518,14.38447466822424,1720.8894989518249,1379.2852496854966,505034.1595057751,502319.7
pr,uniform,14,auto,500,25.699396526372162,25.815043998013568,1269.3931176670553,1239.2291746761068,281278.862873936,279899.0
pr,uniform,14,auto,750,36.46627133954157,36.66690940073526,1055.116779472152,1085.2849868267663,198229.6726796422,197060.65
pr,uniform,14,auto,1000,46.938918634369564,47.09428170124846,923.8178008293469,879.7705741600446,154002.20630969873,153428.5
pr,uniform,14,auto,2500,107.4212030876339,107.99088020517297,603.8692033851195,446.8119114465617,67293.01873101527,66909.4
pr,uniform,14,auto,5000,205.63169200877206,205.88555431290558,438.0854028337788,453.40581044729527,35153.61353529092,35095.25
pr,uniform,14,auto,7500,303.0077549006334,300.8606600892305,362.43119212781795,323.8699340947324,23856.47533626616,24016.45
pr,uniform,14,auto,10000,400.0691653902617,400.2728274899317,316.359824034752,296.8730191069647,18068.618271125328,18051.7
pr,uniform,14,auto,25000,979.9164557142063,966.4163334091244,203.50724034770084,213.38921691298478,7376.850331812981,7476.7
pr,uniform,14,auto,50000,1940.9144739208361,1869.9805900621118,144.85882111900392,163.1550763763372,3724.3768999680196,3864.0
pr,uniform,14,auto,75000,2896.8704007553856,2773.2656546853714,118.56373200730401,128.21547447456115,2495.3470578453885,2605.45
pr,uniform,14,auto,100000,3849.16934156646,3693.3168063790636,102.8141892135419,93.05708491367858,1877.9888308427992,1956.4
pr,uniform,15,hand,100,6.455061502299067,6.487179962963771,2537.2092106871332,3606.533035595636,2226470.503242384,2214966.3
pr,uniform,15,hand,250,13.927268724545526,13.97847119207039,1805.8298799472575,2327.4661007198365,1031932.7009290064,1027929.65
pr,uniform,15,hand,500,25.350684384298976,25.41793368181778,1361.3489339177272,1642.7477302565762,566927.6542445413,565305.0
pr,uniform,15,hand,750,36.32133635016585,36.400058822195724,1151.968506714278,1257.2424911603057,395690.39786771825,394748.95
pr,uniform,15,hand,1000,47.08041607555309,47.179710034051155,1021.5216799049338,1180.9620732356577,305265.01737836446,304556.45
pr,uniform,15,hand,2500,109.5067566827587,109.91058076606812,685.3217086521075,817.6789036496444,131243.08003313502,130732.5
pr,uniform,15,hand,5000,210.1762749716488,210.26723717848347,500.0395118422509,607.1680682956704,68380.71534678696,68336.3
pr,uniform,15,hand,7500,309.46689315297664,309.3272525109225,414.68891154086015,633.0300961499214,46441.168181372894,46452.05
pr,uniform,15,hand,10000,408.24117874495107,408.7562264065065,362.6763355971151,411.87467434696845,35204.68972695981,35152.7
pr,uniform,15,hand,25000,997.7363256541773,988.3163958387069,234.7556093031957,258.7634308744085,14404.611380728444,14538.75
pr,uniform,15,hand,50000,1976.196146598594,1939.1600369778064,167.65822606242176,232.83454143277484,7272.559485667084,7409.85
pr,uniform,15,hand,75000,2951.8026858965027,2865.7814696995383,137.40014599308842,202.877841128726,4868.89049195352,5013.95
pr,uniform,15,hand,100000,3925.437912579878,3781.23577321351,119.22710622340313,148.04425902945025,3661.2485922720325,3800.05
pr,uniform,15,auto,100,6.447012599230544,6.487179962963771,3539.1986205249123,3606.533035595636,2229283.2238608743,2214966.3
pr,uniform,15,auto,250,13.911758142655641,13.97847119207039,2498.762163252231,2327.4661007198365,1033098.5403934577,1027929.65
pr,uniform,15,auto,500,25.324663174880556,25.41793368181778,1846.5025035165636,1642.7477302565762,567518.5858242764,565305.0
pr,uniform,15,auto,750,36.28558463452074,36.400058822195724,1534.7657769770292,1257.2424911603057,396086.13658138935,394748.95
pr,uniform,15,auto,1000,47.03528339534651,47.179710034051155,1342.7322268354615,1180.9620732356577,305562.46277249546,304556.45
pr,uniform,15,auto,2500,109.40883973577282,109.91058076606812,869.3117920897646,817.6789036496444,131362.48466023296,130732.5
pr,uniform,15,auto,5000,209.9958478132928,210.26723717848347,625.1807030104418,607.1680682956704,68440.48194830344,68336.3
pr,uniform,15,auto,7500,309.2061036708679,309.3272525109225,516.3965340319221,633.0300961499214,46481.026282659484,46452.05
pr,uniform,15,auto,10000,407.9008071982514,408.7562264065065,450.9513156200188,411.87467434696845,35234.588355445536,35152.7
pr,uniform,15,auto,25000,996.92316778144,988.3163958387069,291.55358736956475,258.7634308744085,14416.574412116812,14538.75
pr,uniform,15,auto,50000,1974.6012101904882,1939.1600369778064,208.2696397778251,232.83454143277484,7278.541589720725,7409.85
pr,uniform,15,auto,75000,2949.430499202841,2865.7814696995383,170.70616497221516,202.877841128726,4872.878691452062,5013.95
pr,uniform,15,auto,100000,3922.2916219413073,3781.23577321351,148.13798017820272,148.04425902945025,3664.2397906076467,3800.05
pr,uniform,16,hand,100,6.369088438083337,6.401052177345179,3585.04342862799,4579.05510937974,4437966.956538357,4415301.3
pr,uniform,16,hand,250,13.763509672186762,13.811347480888896,2552.0915847377205,2865.621701168962,2053677.0565580195,2046329.95
pr,uniform,16,hand,500,25.111942615426496,25.18083287686465,1924.0805163312787,3483.765724191732,1125592.0923505297,1122384.4
pr,uniform,16,hand,750,36.06122140045662,36.1319570774568,1628.2155479566914,2115.648992750527,783828.2491209917,782204.35
pr,uniform,16,hand,1000,46.84640683666844,46.94818727730297,1443.8648366608645,1425.509253417517,603371.8686266378,601995.0
pr,uniform,16,hand,2500,110.06371105127499,110.19443100930427,967.491160941156,1187.5932439846135,256813.11089280146,256479.15
pr,uniform,16,hand,5000,212.30007284671228,213.0892755963751,702.304253012107,936.335661529899,133140.8117409983,132632.55
pr,uniform,16,hand,7500,312.48842065332997,312.51654080341285,580.3299241918398,866.4381093698636,90453.92457227081,90435.45
pr,uniform,16,hand,10000,411.6617314395242,411.7345908596253,506.6854443621099,679.3940101683474,68662.69529752676,68642.7
pr,uniform,16,hand,25000,999.9995105056253,997.9158663352354,328.3181333871715,412.8752073473353,28265.817867443187,28321.6
pr,uniform,16,hand,50000,1974.477957987073,1954.3929382721174,235.33268513008207,306.481986248355,14315.58347721469,14461.05
pr,uniform,16,hand,75000,2946.6652336006655,2883.5683203673,193.2220965558234,205.05297775016726,9592.472096650443,9801.25
pr,uniform,16,hand,100000,3917.628247999168,3841.641724095747,167.84497648087097,266.7115335062643,7215.029666462204,7356.9
pr,uniform,16,auto,100,6.361491184864604,6.401052177345179,5003.439975353754,4579.05510937974,4443267.814114867,4415301.3
pr,uniform,16,auto,250,13.748978085467535,13.811347480888896,3532.9237554946944,2865.621701168962,2055847.9950856045,2046329.95
pr,uniform,16,auto,500,25.087618310574573,25.18083287686465,2610.9116223206593,3483.765724191732,1126683.6365877802,1122384.4
pr,uniform,16,auto,750,36.02766847519735,36.1319570774568,2170.231363504887,2115.648992750527,784558.3749318519,782204.35
pr,uniform,16,auto,1000,46.803830871200724,46.94818727730297,1898.7327641394954,1425.509253417517,603920.8437717184,601995.0
pr,uniform,16,auto,2500,109.96905561566366,110.19443100930427,1227.4307889264414,1187.5932439846135,257034.20724346244,256479.15
pr,uniform,16,auto,5000,212.1237961624832,213.0892755963751,876.890011200234,936.335661529899,133251.47646251446,132632.55
pr,uniform,16,auto,7500,312.2343951448356,312.51654080341285,720.8747740423489,866.4381093698636,90527.5314667775,90435.45
pr,uniform,16,auto,10000,411.33199910364584,411.7345908596253,628.1050406394935,679.3940101683474,68717.74890618717,68642.7
pr,uniform,16,auto,25000,999.2293669712606,997.9158663352354,406.6259919403321,412.8752073473353,28287.608396818978,28321.6
pr,uniform,16,auto,50000,1972.9859796324797,1954.3929382721174,291.8499329515398,306.481986248355,14326.411501793636,14461.05
pr,uniform,16,auto,75000,2944.455476421552,2883.5683203673,239.7997430671401,205.05297775016726,9599.67276049162,9801.25
pr,uniform,16,auto,100000,3914.7026942172324,3841.641724095747,208.39204927169934,266.7115335062643,7220.422913146986,7356.9
pr,uniform,17,hand,100,6.32587508681475,6.358628232391627,5067.803834750157,4946.4998818937565,8860919.202833736,8814783.15
pr,uniform,17,hand,250,13.680965534863292,13.732233792838224,3607.9592587354423,4444.0326056411095,4097157.316027436,4081632.3
pr,uniform,17,hand,500,24.991076313133654,25.070179370763196,2720.233913818966,2809.940885311886,2242923.327076816,2235721.1
pr,uniform,17,hand,750,35.92906102476462,36.01497839468026,2301.9985293357313,3549.290328991648,1560103.8945284141,1556294.95
pr,uniform,17,hand,1000,46.727504844469685,46.84248961002179,2041.392260889395,1789.3357809092115,1199573.3180715374,1196561.7
pr,uniform,17,hand,2500,110.48374093067734,110.68815237344432,1367.8602530542469,1890.6180408310381,507342.23478778347,506376.95
pr,uniform,17,hand,5000,214.72033216843917,215.63856314899644,991.7703312229008,1288.3552662620903,261051.51508201394,259925.35
pr,uniform,17,hand,7500,317.11588892614884,317.43717157175206,817.4877869704204,960.8748905363061,176758.9388891775,176570.15
pr,uniform,17,hand,10000,418.1686284634939,418.87745184678107,711.9144385228046,1094.0482657975979,134044.17313045225,133809.85
pr,uniform,17,hand,25000,1011.7694944578818,1012.1344145097463,458.5698507467174,476.2030167458988,55401.02596344659,55377.95
pr,uniform,17,hand,50000,1987.5092851011423,1980.3809190675063,329.20042019543615,494.52394971538575,28202.66976948078,28302.6
pr,uniform,17,hand,75000,2959.258504016163,2938.1123718014246,270.85331551444943,289.7887206769426,18941.592279083365,19076.85
pr,uniform,17,hand,100000,3929.5532550651988,3890.708033402517,235.6314390583745,370.59807992231305,14264.488707267645,14406.1
pr,uniform,17,auto,100,6.318531912433475,6.358628232391627,7074.699523477256,4946.4998818937565,8871227.970089722,8814783.15
pr,uniform,17,auto,250,13.66683775044875,13.732233792838224,4995.565445245729,4444.0326056411095,4101397.708452626,4081632.3
pr,uniform,17,auto,500,24.96723986454534,25.070179370763196,3691.778148550626,2809.940885311886,2245067.4297835557,2235721.1
pr,uniform,17,auto,750,35.896112917920235,36.01497839468026,3068.616138354524,3549.290328991648,1561537.7954614472,1556294.95
pr,uniform,17,auto,1000,46.68566573854665,46.84248961002179,2684.6975138591456,1789.3357809092115,1200649.8385478375,1196561.7
pr,uniform,17,auto,2500,110.39019625533166,110.68815237344432,1735.358886108912,1890.6180408310381,507772.7817589333,506376.95
pr,uniform,17,auto,5000,214.54388956999168,215.63856314899644,1237.8528356743557,1288.3552662620903,261266.52753350898,259925.35
pr,uniform,17,auto,7500,316.8597728310948,317.43717157175206,1014.308587836845,960.8748905363061,176902.02997577738,176570.15
pr,uniform,17,auto,10000,417.83545418842317,418.87745184678107,880.7923300016959,1094.0482657975979,134151.2226155111,133809.85
pr,uniform,17,auto,25000,1011.0016826563763,1012.1344145097463,565.7788866405,476.2030167458988,55443.16888198091,55377.95
pr,uniform,17,auto,50000,1986.0486530367739,1980.3809190675063,406.91696677658683,494.52394971538575,28223.44605998253,28302.6
pr,uniform,17,auto,75000,2957.114231431582,2938.1123718014246,335.26125883354155,289.7887206769426,18955.350603533567,19076.85
pr,uniform,17,auto,100000,3926.7284523144485,3890.708033402517,291.92443790638725,370.59807992231305,14274.767841011804,14406.1
pr,uniform,18,hand,100,6.304210315282848,6.338064059704072,7165.384214104885,10695.34227399466,17706803.302687086,17611770.4
pr,uniform,18,hand,250,13.639542460155642,13.688125106202213,5101.546354195899,8842.42921552561,8184102.388886917,8154844.3
pr,uniform,18,hand,500,24.93038394028779,25.00327597496024,3846.4097167494047,4890.613138559904,4477564.89827231,4464396.15
pr,uniform,18,hand,750,35.86263289685913,35.94738414330606,3255.0581057038057,4643.291772461769,3112638.504610762,3105219.8
pr,uniform,18,hand,1000,46.66768946103351,46.772908765521024,2886.576320032921,4601.0790839586625,2391963.547385194,2386521.0
pr,uniform,18,hand,2500,110.70291046373829,110.9148569251927,1934.2192376333921,3433.2662716581185,1008351.1947777459,1006398.35
pr,uniform,18,hand,5000,216.2219269682132,216.73935645080695,1402.3567672604127,2564.3397072561474,516263.14498572884,515017.35
pr,uniform,18,hand,7500,320.65965673638,320.8269797587141,1155.52141972439,1932.119602378372,348118.0425614165,347927.5
pr,uniform,18,hand,10000,424.11760687073877,424.4273827824531,1005.4842458218161,1901.6550160320862,263199.1933914354,263000.3
pr,uniform,18,hand,25000,1030.0845245898802,1032.9368658920725,643.0915040875917,833.6405637165723,108367.23527705445,108065.2
pr,uniform,18,hand,50000,2015.2932615929626,2019.346533990743,459.87580838894957,779.3923729756608,55390.15792830562,55277.55
pr,uniform,18,hand,75000,2991.020984270189,2983.2052253415163,378.5111698695138,478.296128817812,37320.8388100699,37417.65
pr,uniform,18,hand,100000,3963.3778092171947,3961.800768051336,329.65238234320304,590.7206660200384,28164.71641231998,28175.2
pr,uniform,18,auto,100,6.296984773886768,6.338064059704072,10004.392561526616,10695.34227399466,17727141.01110698,17611770.4
pr,uniform,18,auto,250,13.625672875654498,13.688125106202213,7064.491378833228,8842.42921552561,8192442.16782376,8154844.3
pr,uniform,18,auto,500,24.90699516980493,25.00327597496024,5220.918941195016,4890.613138559904,4481774.548493583,4464396.15
pr,uniform,18,auto,750,35.830262539946546,35.94738414330606,4339.76665438231,4643.291772461769,3115454.0636433437,3105219.8
pr,uniform,18,auto,1000,46.626518053918765,46.772908765521024,3796.895676970015,4601.0790839586625,2394078.341908323,2386521.0
pr,uniform,18,auto,2500,110.61005918826564,110.9148569251927,2454.4203805031543,3433.2662716581185,1009198.782196535,1006398.35
pr,uniform,18,auto,5000,216.0447672714351,216.73935645080695,1750.7150411190833,2564.3397072561474,516687.0664876476,515017.35
pr,uniform,18,auto,7500,320.3999057272434,320.8269797587141,1433.9144183684368,1932.119602378372,348400.65504424,347927.5
pr,uniform,18,auto,10000,423.77688962803296,424.4273827824531,1243.8557196347278,1901.6550160320862,263411.10089666425,263000.3
pr,uniform,18,auto,25000,1029.286523815921,1032.9368658920725,791.5589542394287,833.6405637165723,108451.3733043375,108065.2
pr,uniform,18,auto,50000,2013.7888928756927,2019.346533990743,566.4223876980873,779.3923729756608,55431.59833009114,55277.55
pr,uniform,18,auto,75000,2988.833797401055,2983.2052253415163,466.93454186258924,478.296128817812,37348.191501498084,37417.65
pr,uniform,18,auto,100000,3960.516347358971,3961.800768051336,407.1789883222844,590.7206660200384,28185.096901802208,28175.2
pr,kron,10,hand,100,11.16902872458874,11.37036360920723,449.83356648891527,504.91008840032015,76902.27020721966,75321.25
pr,kron,10,hand,250,22.48021430813122,22.989125912325488,317.8824185397039,403.2777676673191,38207.98383669517,37253.7
pr,kron,10,hand,500,37.70456279874637,38.36510528308057,241.02662879446487,195.54115867725147,22780.363997724948,22323.15
pr,kron,10,hand,750,51.12866867063168,51.92294284371827,207.1312495253346,247.8071990373492,16799.257388524322,16494.25
pr,kron,10,hand,1000,63.740064339735824,64.50866964944788,186.80534281702597,171.28019518659528,13475.412581205455,13276.2
pr,kron,10,hand,2500,132.56653858724152,135.43821361925546,133.3677036133428,144.97854650729704,6479.189047885315,6323.4
pr,kron,10,hand,5000,237.82639372882943,242.62160401144507,100.42225624883898,121.80005185376133,3611.5573694897353,3529.9
pr,kron,10,hand,7500,339.29112590430225,350.9887092477613,84.06972953472273,105.50952813047644,2531.5241082160883,2440.05
pr,kron,10,hand,10000,439.13166849396384,454.8945663143358,73.79634576501486,76.84372384740888,1955.9592863713672,1882.7
pr,kron,10,hand,25000,1022.2389545060408,1087.7373467962152,47.94011522492836,68.84328121480738,840.2376578826077,787.35
pr,kron,10,hand,50000,1956.4366791998716,1967.4477371927405,34.54267924235196,54.865481430782864,439.02451536627154,435.3
pr,kron,10,hand,75000,2860.797237546753,3064.698514940061,28.88204055324818,54.81785629173264,300.2392667531665,279.45
pr,kron,10,hand,100000,3747.171329852666,4350.673101346203,25.648090630276997,47.05570606934094,229.21921346048862,196.85
pr,kron,10,auto,100,11.108939128062728,11.37036360920723,607.9297409149757,504.91008840032015,77325.8953918062,75321.25
pr,kron,10,auto,250,22.350534989408743,22.989125912325488,426.58306401014846,403.2777676673191,38433.472189259905,37253.7
pr,kron,10,auto,500,37.508627426022585,38.36510528308057,320.461332082541,195.54115867725147,22901.628875242757,22323.15
pr,kron,10,auto,750,50.89048898473864,51.92294284371827,274.12833493714913,247.8071990373492,16879.55219271181,16494.25
pr,kron,10,auto,1000,63.4694657311777,64.50866964944788,246.59196589080125,171.28019518659528,13534.203495091908,13276.2
pr,kron,10,auto,2500,132.16731140437898,135.43821361925546,174.83651175288026,144.97854650729704,6499.403338109068,6323.4
pr,kron,10,auto,5000,237.27683602571167,242.62160401144507,130.9161096837428,121.80005185376133,3620.2803413875504,3529.9
pr,kron,10,auto,7500,338.60716825153975,350.9887092477613,109.2596175856023,105.50952813047644,2536.8885997487005,2440.05
pr,kron,10,auto,10000,438.31797691178764,454.8945663143358,95.72048251340131,76.84372384740888,1959.7842438102841,1882.7
pr,kron,10,auto,25000,1020.6851431879853,1087.7373467962152,61.892246168840565,68.84328121480738,841.6000474421649,787.35
pr,kron,10,auto,50000,1953.7416965180316,1967.4477371927405,44.348193339081405,54.865481430782864,439.67361011000116,435.3
pr,kron,10,auto,75000,2857.0337648744216,3064.698514940061,36.762521259967265,54.81785629173264,300.6645127864907,279.45
pr,kron,10,auto,100000,3742.3816830452965,4350.673101346203,32.34812836827508,47.05570606934094,229.5352900058869,196.85
pr,kron,11,hand,100,8.817151400445015,8.994575083096924,627.2750622167281,557.0355062858705,141540.91364105797,138407.65
pr,kron,11,hand,250,18.516600299169244,18.896149333430476,444.7811169355564,590.107385410307,67398.3152828823,65882.1
pr,kron,11,hand,500,32.06005525782388,32.8309818296896,331.91519184981064,377.62791489144837,38926.56001040312,37919.0
pr,kron,11,hand,750,43.68912056214062,44.65224549233688,279.0623112680972,372.3255649506083,28565.181648723352,27880.3
pr,kron,11,hand,1000,54.27524616802447,55.35416773195258,247.753346360496,246.8680608618378,22993.68041679664,22490.05
pr,kron,11,hand,2500,110.31579465219923,112.0442446415473,175.62714256461865,213.80598066569843,11312.864752188427,11110.95
pr,kron,11,hand,5000,196.51156536281096,201.51314777794863,135.87208447583052,167.24085216112417,6350.708481846423,6177.85
pr,kron,11,hand,7500,280.4917859835129,285.67252200052775,115.5876799647631,154.39909837478777,4449.284176200002,4357.85
pr,kron,11,hand,10000,363.59848874298297,370.3074200217142,102.45280516233171,133.6213326019307,3432.3235755049764,3361.85
pr,kron,11,hand,25000,854.1345765366491,846.0772053826288,67.94362981155405,130.7888615891639,1461.1136221540994,1471.4
pr,kron,11,hand,50000,1652.9642086102997,1722.2355952133914,49.120010120837925,61.8319241339396,754.9998109031924,722.85
pr,kron,11,hand,75000,2436.7143052935644,2479.422425811591,40.76369229932056,66.53285694024855,512.160027221644,502.1
pr,kron,11,hand,100000,3211.148736254278,3211.0343048749032,35.83333486285017,46.49063289920262,388.642123873174,387.7
pr,kron,11,auto,100,8.748610244501371,8.994575083096924,860.4561392134259,557.0355062858705,142659.5344917729,138407.65
pr,kron,11,auto,250,18.360684945700623,18.896149333430476,604.886601818828,590.107385410307,67975.27808039496,65882.1
pr,kron,11,auto,500,31.808653602421792,32.8309818296896,446.2067391820857,377.62791489144837,39236.89070685776,37919.0
pr,kron,11,auto,750,43.376495009423046,44.65224549233688,372.1075419296444,372.3255649506083,28773.01784432771,27880.3
pr,kron,11,auto,1000,53.91751617575026,55.35416773195258,328.49703270855923,246.8680608618378,23147.814540682604,22490.05
pr,kron,11,auto,2500,109.77978467712221,112.0442446415473,230.11357163294662,213.80598066569843,11368.875140366494,11110.95
pr,kron,11,auto,5000,195.74520211416836,201.51314777794863,177.28646667075785,167.24085216112417,6376.006417784805,6177.85
pr,kron,11,auto,7500,279.5107760403587,285.67252200052775,150.51815908421955,154.39909837478777,4465.204106300043,4357.85
pr,kron,11,auto,10000,362.4082040994351,370.3074200217142,133.23438970363688,133.6213326019307,3443.8311572772327,3361.85
pr,kron,11,auto,25000,851.7323781197717,846.0772053826288,88.03601794861822,130.7888615891639,1465.3342963028883,1471.4
pr,kron,11,auto,50000,1648.6356113604445,1722.2355952133914,63.42023225247362,61.8319241339396,757.0336685258296,722.85
pr,kron,11,auto,75000,2430.531624779935,2479.422425811591,52.38518302281224,66.53285694024855,513.4978093706245,502.1
pr,kron,11,auto,100000,3203.1554370808244,3211.0343048749032,45.82096680469057,46.49063289920262,389.63849536691373,387.7
pr,kron,12,hand,100,7.448126703729382,7.593115783687495,884.8979925993107,1199.6549624568572,273284.77963611146,267606.35
pr,kron,12,hand,250,16.06924915159977,16.34678613750033,629.2104602170933,657.0061363167742,126668.00083362214,124303.7
pr,kron,12,hand,500,28.81326179465336,29.28607511744532,469.22065957915197,414.6656579640244,70643.1531229215,69383.35
pr,kron,12,hand,750,40.19937002360835,40.845877603038566,392.54189201631544,509.5417213432809,50634.11848830301,49747.15
pr,kron,12,hand,1000,50.611252654745066,51.37370062435766,345.3916016850486,402.18420432747786,40217.531836562564,39552.65
pr,kron,12,hand,2500,102.89624672573966,104.49919772895582,233.01649759717688,290.4732255076918,19781.67066050377,19444.8
pr,kron,12,hand,5000,178.61327705158223,180.97149116947656,179.31309182135058,207.15361703970206,11395.903476664253,11228.1
pr,kron,12,hand,7500,251.37258214229283,252.08150606333157,154.5606726383041,168.09611129225735,8097.381375421135,8060.75
pr,kron,12,hand,10000,323.23936292831263,324.9611783238312,138.62757184101028,175.0472041599367,6297.066194199688,6252.95
pr,kron,12,hand,25000,748.7276438994182,751.1472561595475,95.0132249870452,148.99674139848972,2718.558185363273,2705.15
pr,kron,12,hand,50000,1448.1238343175617,1443.9781125639568,69.57133043956172,79.84827717879114,1405.5839816280254,1407.2
pr,kron,12,hand,75000,2140.282188846035,2169.1657325860688,57.758245891329196,84.84715359800947,951.0239703615764,936.75
pr,kron,12,hand,100000,2827.9691513381845,2742.934665226782,50.61501435047383,64.32368803252238,719.7602081222666,740.8
pr,kron,12,auto,100,7.383540622341743,7.593115783687495,1223.4971500640972,1199.6549624568572,275686.7970321986,267606.35
pr,kron,12,auto,250,15.914376227255662,16.34678613750033,861.8206715038474,657.0061363167742,127906.0288548638,124303.7
pr,kron,12,auto,500,28.54360505718877,29.28607511744532,635.3773386441082,414.6656579640244,71313.51000871086,69383.35
pr,kron,12,auto,750,39.84593096351228,40.845877603038566,527.10739669388,509.5417213432809,51085.38351869631,49747.15
pr,kron,12,auto,1000,50.193762167512546,51.37370062435766,460.7466347755053,402.18420432747786,40553.737696275115,39552.65
pr,kron,12,auto,2500,102.25697654626055,104.49919772895582,304.61397934698863,290.4732255076918,19906.169081868473,19444.8
pr,kron,12,auto,5000,177.73220803911445,180.97149116947656,232.82849802532684,207.15361703970206,11452.874453022878,11228.1
pr,kron,12,auto,7500,250.26941741341952,252.08150606333157,200.5375225678175,168.09611129225735,8133.413526783456,8060.75
pr,kron,12,auto,10000,321.9187360294403,324.9611783238312,179.86037865227473,175.0472041599367,6323.163075368081,6252.95
pr,kron,12,auto,25000,746.1324619290932,751.1472561595475,123.2676732498957,148.99674139848972,2728.127737088008,2705.15
pr,kron,12,auto,50000,1443.4604904369176,1443.9781125639568,90.14703485599783,79.84827717879114,1410.1838452913853,1407.2
pr,kron,12,auto,75000,2133.5926176789603,2169.1657325860688,74.6741669746084,84.84715359800947,954.0456074247666,936.75
pr,kron,12,auto,100000,2819.2788432173247,2742.934665226782,65.27764677431927,64.32368803252238,722.0089881593918,740.8
pr,kron,13,hand,100,6.706369566918008,6.832834401642446,1255.5814153765396,1549.3884999199643,540941.8059550362,530550.25
pr,kron,13,hand,250,14.70216655711199,14.970017942571383,893.9395044751533,883.5115642766281,246749.73248589947,242161.5
pr,kron,13,hand,500,26.937812963727435,27.420535058518478,666.2960008723442,943.7476747967187,134671.49949461012,132206.1
pr,kron,13,hand,750,38.27857390829846,38.848818941516114,557.0322907437887,670.5237073402105,94772.48743961319,93314.6
pr,kron,13,hand,1000,48.959438620960746,49.69426711428348,489.666287900351,561.9933601405853,74097.16628934935,72949.3
pr,kron,13,hand,2500,104.16570989034473,105.88912954262322,323.38921258218863,359.7615401755355,34826.77426908971,34235.45
pr,kron,13,hand,5000,179.76388205352484,182.11129140020998,239.14337395186695,307.93610068529415,20180.670463326744,19906.3
pr,kron,13,hand,7500,248.44585079905346,250.36945974411657,203.6722571638569,252.98697178854235,14601.796138928887,14479.25
pr,kron,13,hand,10000,314.7729398975451,316.3621290001658,182.87609229907707,230.94859304957674,11524.992161369757,11458.9
pr,kron,13,hand,25000,701.1164652734028,698.961149137183,129.44707739903245,155.545390227588,5174.255412067473,5186.5
pr,kron,13,hand,50000,1335.367862091804,1337.007450025817,97.04907684855837,143.99612567887493,2716.671389146491,2711.4
pr,kron,13,hand,75000,1965.479873911493,1940.9766022380468,81.1994936129832,131.34370339324468,1845.7353408106592,1867.7
pr,kron,13,hand,100000,2593.343065792479,2533.9265368888264,71.3425308058311,104.17812428215133,1398.8722559627658,1430.65
pr,kron,13,auto,100,6.639128808841458,6.832834401642446,1744.2993008699432,1549.3884999199643,546433.239870155,530550.25
pr,kron,13,auto,250,14.537265270456675,14.970017942571383,1230.5374656078607,883.5115642766281,249554.54808293222,242161.5
pr,kron,13,auto,500,26.63738661640646,27.420535058518478,907.4190057234459,943.7476747967187,136193.5657267544,132206.1
pr,kron,13,auto,750,37.867675864173094,38.848818941516114,752.6927368278419,670.5237073402105,95803.09808141274,93314.6
pr,kron,13,auto,1000,48.45576217688937,49.69426711428348,657.5401984157503,561.9933601405853,74869.12808608742,72949.3
pr,kron,13,auto,2500,103.30121274033799,105.88912954262322,424.47602488427026,359.7615401755355,35119.05202942394,34235.45
pr,kron,13,auto,5000,178.56468118791082,182.11129140020998,309.0801410778484,307.93610068529415,20316.67539625486,19906.3
pr,kron,13,auto,7500,246.98489673193816,250.36945974411657,262.0824874406838,252.98697178854235,14688.512184078812,14479.25
pr,kron,13,auto,10000,313.066414702169,316.3621290001658,235.16226234188065,230.94859304957674,11588.086407741348,11458.9
pr,kron,13,auto,25000,697.988217991494,698.961149137183,167.09048312334278,155.545390227588,5197.567195861652,5186.5
pr,kron,13,auto,50000,1329.9081420098328,1337.007450025817,125.56601564924947,143.99612567887493,2727.888152822286,2711.4
pr,kron,13,auto,75000,1957.7113415129018,1940.9766022380468,105.0613175521525,131.34370339324468,1853.1029513916787,1867.7
pr,kron,13,auto,100000,2583.2796974856565,2533.9265368888264,92.24773025614293,104.17812428215133,1404.3545762627064,1430.65
pr,kron,14,hand,100,6.381811690259114,6.493281481695082,1793.1306509129947,1893.7550632206126,1092401.3435826504,1073305.85
pr,kron,14,hand,250,14.1352815090205,14.33772043831893,1277.6725594527031,1355.8320139309276,493198.5019528352,486079.85
pr,kron,14,hand,500,26.258454224647906,26.57828565239585,951.6087535381895,1195.6136708820306,265495.4326438079,262216.95
pr,kron,14,hand,750,37.747469422127345,38.14117200224164,794.8848997939751,1141.955183930293,184687.86839638764,182723.2
pr,kron,14,hand,1000,48.77850872384899,49.35851705117069,698.2335825104814,582.2222830174962,142921.54162396496,141197.05
pr,kron,14,hand,2500,108.74501145556563,109.77184146797661,459.37880794231415,602.6252108374165,64108.68481796198,63488.75
pr,kron,14,hand,5000,194.2302842660804,196.6858245927941,333.85201964326234,338.7266364054141,35892.95918127839,35433.55
pr,kron,14,hand,7500,269.32954648449265,270.6284123298204,277.81345226963043,296.0191316719065,25884.644874385973,25752.2
pr,kron,14,hand,10000,338.8155897177946,340.32913290083775,245.12396164278994,231.93022430758836,20576.08881202074,20478.05
pr,kron,14,hand,25000,719.3148081446639,721.2855117311614,171.2566544494056,208.36458432276842,9691.861735631695,9662.3
pr,kron,14,hand,50000,1326.6055214036546,1319.9888253342929,131.6621632084942,152.49282985732393,5255.141451208584,5279.8
pr,kron,14,hand,75000,1927.9967883009585,1897.6928522804628,111.78589099541566,148.0204466672728,3615.929086206692,3672.5
pr,kron,14,hand,100000,2527.387120905473,2517.0749060965036,99.02299220786912,108.43994214601729,2758.3822071677255,2768.8
pr,kron,14,auto,100,6.316445711299648,6.493281481695082,2497.0469427644766,1893.7550632206126,1103719.5574180079,1073305.85
pr,kron,14,auto,250,13.972008828112575,14.33772043831893,1765.2590151361892,1355.8320139309276,498967.95447933354,486079.85
pr,kron,14,auto,500,25.951909116097013,26.57828565239585,1303.392665632991,1195.6136708820306,268634.7518305042,262216.95
pr,kron,14,auto,750,37.31682605342511,38.14117200224164,1081.949306900485,1141.955183930293,186821.47980510356,182723.2
pr,kron,14,auto,1000,48.23773962929835,49.35851705117069,945.6719025582455,582.2222830174962,144525.52541861148,141197.05
pr,kron,14,auto,2500,107.71233288238517,109.77184146797661,610.689731672306,602.6252108374165,64724.10798625109,63488.75
pr,kron,14,auto,5000,192.68131573737364,196.6858245927941,436.84741351630845,338.7266364054141,36181.9444622895,35433.55
pr,kron,14,auto,7500,267.42315477160867,270.6284123298204,360.4204419585939,296.0191316719065,26069.48777821639,25752.2
pr,kron,14,auto,10000,336.6167116438906,340.32913290083775,316.5511124823901,231.93022430758836,20710.75030970481,20478.05
pr,kron,14,auto,25000,715.6518610445063,721.2855117311614,220.87743512055698,208.36458432276842,9741.586718932545,9662.3
pr,kron,14,auto,50000,1320.6274685116175,1319.9888253342929,170.79088836023948,152.49282985732393,5278.994138133205,5279.8
pr,kron,14,auto,75000,1919.717483131503,1897.6928522804628,145.37530306626314,148.0204466672728,3631.5680438343747,3672.5
pr,kron,14,auto,100000,2516.8118688249106,2517.0749060965036,128.92010429970304,108.43994214601729,2770.006273128999,2768.8
pr,kron,15,hand,100,6.188788577793055,6.316421617188328,2561.9780214329535,2816.0656765666786,2216130.5871950467,2170310.0
pr,kron,15,hand,250,13.792877460331948,14.055978064271635,1825.6455347547503,2117.49699310044,994365.6575196198,975285.6
pr,kron,15,hand,500,25.824504749955626,26.209441816380288,1358.6867252102063,1851.1656605046442,531091.0624512204,523040.25
pr,kron,15,hand,750,37.36694592790483,37.93868827428917,1134.1921737394964,1285.3706192952125,367039.99549206754,361335.45
pr,kron,15,hand,1000,48.56671163346731,49.24801236392089,995.7480132636204,1314.6896411821222,282398.4413117936,278358.3
pr,kron,15,hand,2500,111.3173048920556,112.881625991624,653.8171821858786,659.7860578287969,123207.83078812514,121442.2
pr,kron,15,hand,5000,205.7733425577813,207.7538008753531,474.1267225117654,639.1125920079788,66651.79995839011,65984.8
pr,kron,15,hand,7500,291.8841876552999,294.64117146394307,392.53914165498236,401.34502809795384,46988.37499593304,46526.4
pr,kron,15,hand,10000,371.7490718601671,375.4256630188307,343.2859915553679,345.75418709646453,36893.60566874384,36514.8
pr,kron,15,hand,25000,781.9136157225847,784.4037547671295,227.80207261319393,291.67799025637834,17540.51008851664,17476.45
pr,kron,15,hand,50000,1386.7102615941535,1377.2981689397936,173.747290401372,229.2929349107815,9890.432085765093,9953.25
pr,kron,15,hand,75000,1971.7766101725713,1951.5261475824075,149.2942551834856,119.9440549414162,6955.739100551639,7024.55
pr,kron,15,hand,100000,2551.4340848353145,2539.4277828205177,133.70969167382313,183.67823697118317,5375.472463289516,5398.3
pr,kron,15,auto,100,6.134941794502887,6.316421617188328,3564.26672733084,2816.0656765666786,2235595.5646098945,2170310.0
pr,kron,15,auto,250,13.669332419613804,14.055978064271635,2521.9930383576266,2117.49699310044,1003359.0700633508,975285.6
pr,kron,15,auto,500,25.597012585780313,26.209441816380288,1862.1649091421605,1851.1656605046442,535814.428303623,523040.25
pr,kron,15,auto,750,37.04402818803705,37.93868827428917,1545.6172747747457,1285.3706192952125,370241.8267071642,361335.45
pr,kron,15,auto,1000,48.15407403827458,49.24801236392089,1350.8022522175909,1314.6896411821222,284820.11000832764,278358.3
pr,kron,15,auto,2500,110.4363417927246,112.881625991624,871.9978060099195,659.7860578287969,124191.44316345023,121442.2
pr,kron,15,auto,5000,204.2597885184397,207.7538008753531,623.0930745822268,639.1125920079788,67146.10234550579,65984.8
pr,kron,15,auto,7500,289.84998013578166,294.64117146394307,511.30715738909214,401.34502809795384,47318.4392095026,46526.4
pr,kron,15,auto,10000,369.2718139410446,375.4256630188307,444.4083337450157,345.75418709646453,37141.336400834,36514.8
pr,kron,15,auto,25000,777.5231278204611,784.4037547671295,291.07467453412187,291.67799025637834,17639.666492464166,17476.45
pr,kron,15,auto,50000,1379.8069917531827,1377.2981689397936,222.82451450803748,229.2929349107815,9939.976204573311,9953.25
pr,kron,15,auto,75000,1962.4749910425667,1951.5261475824075,192.4409820043897,119.9440549414162,6988.750800663341,7024.55
pr,kron,15,auto,100000,2539.756284933407,2539.4277828205177,172.9463309174393,183.67823697118317,5400.222354520184,5398.3
pr,kron,16,hand,100,6.077490307998893,6.193604198261624,3643.938583386649,4632.368263244584,4468720.193463033,4384138.4
pr,kron,16,hand,250,13.590610807964316,13.817476274763317,2596.7970414905844,2598.969970057955,1998335.7664112598,1965164.8
pr,kron,16,hand,500,25.553449485322734,25.934724834849334,1931.67571862632,2296.8470265034875,1062815.5576619802,1046998.5
pr,kron,16,hand,750,37.10059760547944,37.58341107956663,1611.7659804745688,1799.128574879339,732026.0431847983,722489.45
pr,kron,16,hand,1000,48.3654441058901,49.04993186761318,1414.5338076134312,1864.9880844828986,561529.0868718202,553591.35
pr,kron,16,hand,2500,112.45881269108318,113.53090514094772,927.6400805252773,1302.4893008955462,241498.22512828218,239173.8
pr,kron,16,hand,5000,211.87903494904833,214.60806447342475,672.1617374334625,677.793515755349,128179.75913219302,126526.55
pr,kron,16,hand,7500,305.5526089298045,308.01553824924156,556.2896100848608,631.1361747298531,88883.56005223883,88156.65
pr,kron,16,hand,10000,394.8750968640175,399.0500200968027,486.21915043640655,447.7706502922609,68777.70687646855,68045.65
pr,kron,16,hand,25000,866.3085803799027,871.6506671331971,316.1470450144195,288.6701769366395,31349.80338417132,31151.95
pr,kron,16,hand,50000,1520.0981317734365,1527.5609536560944,231.3464016709469,307.1820307244544,17866.348952909826,17775.8
pr,kron,16,hand,75000,2114.772163918206,2104.9561041407455,196.15903445742984,296.559796934606,12842.330785464674,12899.85
pr,kron,16,hand,100000,2689.142801660877,2665.77832318869,175.74500063959752,210.02255517970084,10099.353462432988,10186.0
pr,kron,16,auto,100,6.023980450793761,6.193604198261624,5075.689423053045,4632.368263244584,4508429.083854664,4384138.4
pr,kron,16,auto,250,13.466514913419466,13.817476274763317,3593.3773217626513,2598.969970057955,2016757.03324449,1965164.8
pr,kron,16,auto,500,25.322714700600113,25.934724834849334,2653.3662868910205,2296.8470265034875,1072503.0466139913,1046998.5
pr,kron,16,auto,750,36.7707075385747,37.58341107956663,2202.1736910053924,1799.128574879339,738595.7595849744,722489.45
pr,kron,16,auto,1000,47.94127152474715,49.04993186761318,1924.477088891905,1864.9880844828986,566499.1311486447,553591.35
pr,kron,16,auto,2500,111.52647252393524,113.53090514094772,1242.0305623482732,1302.4893008955462,243517.8666580875,239173.8
pr,kron,16,auto,5000,210.214767236638,214.60806447342475,887.387898306792,677.793515755349,129194.96104837432,126526.55
pr,kron,16,auto,7500,303.24052234508105,308.01553824924156,728.1040705445832,631.1361747298531,89561.54162676363,88156.65
pr,kron,16,auto,10000,391.97592924828024,399.0500200968027,632.494595846711,447.7706502922609,69286.62358684791,68045.65
pr,kron,16,auto,25000,860.7149899518092,871.6506671331971,403.8448692314937,288.6701769366395,31553.637361946163,31151.95
pr,kron,16,auto,50000,1511.4829265144629,1527.5609536560944,293.41980951715556,307.1820307244544,17968.240453472732,17775.8
pr,kron,16,auto,75000,2103.658784574212,2104.9561041407455,249.28933747840074,296.559796934606,12910.215698515736,12899.85
pr,kron,16,auto,100000,2675.670088941812,2665.77832318869,224.19923542484997,210.02255517970084,10150.23816918751,10186.0
pr,kron,17,hand,100,6.01182086115241,6.11931035470629,5181.671985759545,6905.423486194519,9015114.208599592,8855691.55
pr,kron,17,hand,250,13.474867217968647,13.693087115093647,3692.1280004448195,3902.5491682394036,4022099.126339356,3957524.3
pr,kron,17,hand,500,25.39641693428724,25.754731501248596,2744.8379163427653,2807.6947179041667,2134051.106703946,2104107.55
pr,kron,17,hand,750,36.94049375622515,37.44588549403187,2289.4967392913672,2806.2574491754513,1467150.1692041485,1447174.35
pr,kron,17,hand,1000,48.23309071325834,48.86879805061284,2008.8229479810034,1642.7533458383748,1123652.8877473064,1108902.35
pr,kron,17,hand,2500,113.00870933450648,114.4400311321714,1316.3922343957192,1970.7795004702307,479584.73275282106,473529.45
pr,kron,17,hand,5000,215.0657711473202,217.71816019969216,953.291291643889,1307.0369422556691,252003.14943564576,248903.1
pr,kron,17,hand,7500,312.92116098733965,315.233625478494,788.7595961723198,853.4705911746471,173197.7840486258,171906.55
pr,kron,17,hand,10000,407.78593387891704,412.15365466792565,689.3224871031778,955.1640958494993,132906.13324839005,131481.85
pr,kron,17,hand,25000,933.4279796508565,941.9755844029424,447.6814757394536,451.449431801264,58062.59598646561,57528.8
pr,kron,17,hand,50000,1693.3905217210383,1709.4892894152829,322.20494549530196,461.8842957187211,32005.17008318223,31699.95
pr,kron,17,hand,75000,2361.099491596452,2364.8478514167514,266.6897633688132,267.51938444275714,22954.243079475305,22915.1
pr,kron,17,hand,100000,2977.6569236943906,2993.8303831874837,234.592253884392,344.93029044019545,18201.30829500928,18100.8
pr,kron,17,auto,100,5.954577886526904,6.11931035470629,7225.5615806598125,6905.423486194519,9101793.224933686,8855691.55
pr,kron,17,auto,250,13.341103763379557,13.693087115093647,5117.278516367536,3902.5491682394036,4062432.7361652493,3957524.3
pr,kron,17,auto,500,25.146292561460665,25.754731501248596,3778.272947587641,2807.6947179041667,2155281.4011236643,2104107.55
pr,kron,17,auto,750,36.58146470191105,37.44588549403187,3135.8576790541592,2806.2574491754513,1481551.848909407,1447174.35
pr,kron,17,auto,1000,47.76992479030428,48.86879805061284,2740.5354246576144,1642.7533458383748,1134549.3404655892,1108902.35
pr,kron,17,auto,2500,111.97478998038784,114.4400311321714,1769.0643237056593,1970.7795004702307,484013.73804249224,473529.45
pr,kron,17,auto,5000,213.1825341521397,217.71816019969216,1264.0698787055992,1307.0369422556691,254229.72327673002,248903.1
pr,kron,17,auto,7500,310.2577774894661,315.233625478494,1037.2346538432155,853.4705911746471,174684.86077442695,171906.55
pr,kron,17,auto,10000,404.3900056452287,412.15365466792565,901.0734982946248,955.1640958494993,134022.44345395084,131481.85
pr,kron,17,auto,25000,926.2947871317383,941.9755844029424,574.5179668705638,451.449431801264,58509.8150371244,57528.8
pr,kron,17,auto,50000,1681.6395151643144,1709.4892894152829,408.5905729905893,461.8842957187211,32228.867231176388,31699.95
pr,kron,17,auto,75000,2345.8639053317165,2364.8478514167514,336.62225640608966,267.51938444275714,23103.359296227696,22915.1
pr,kron,17,auto,100000,2959.4822910586727,2993.8303831874837,295.82087193392346,344.93029044019545,18313.114029664604,18100.8
pr,kron,18,hand,100,5.96626963988959,6.079025827428464,7365.861004410808,10517.715588472933,18188734.035650916,17850890.6
pr,kron,18,hand,250,13.401884674714523,13.62592154053391,5249.260514399656,5639.6058081263545,8097285.889176039,7963940.25
pr,kron,18,hand,500,25.316669428541367,25.684275694823036,3900.0513216083887,4539.629749277685,4286460.032637196,4224998.45
pr,kron,18,hand,750,36.87973923652258,37.38914334827358,3251.3147986734593,5938.545077001506,2942507.0217812867,2902340.5
pr,kron,18,hand,1000,48.20882332438145,48.858270908099925,2851.5873222112423,3661.635476913267,2251017.2242691405,2221036.95
pr,kron,18,hand,2500,113.4627192139225,114.82761682063993,1866.41210618865,3286.902919162669,956427.7360595344,945034.2
pr,kron,18,hand,5000,217.07991445048847,219.76244453969454,1350.687765575572,1705.729610058873,499902.95942226145,493787.85
pr,kron,18,hand,7500,317.2989473816203,320.3550397174207,1117.2306318213853,1539.1328000909473,342008.3569782953,338736.75
pr,kron,18,hand,10000,415.2681189527988,419.3604827536901,976.2440618817826,1705.7725368197312,261322.47266799034,258765.5
pr,kron,18,hand,25000,973.3444775087079,983.2596450549116,633.9915008373995,629.1599641794735,111490.7354718717,110363.55
pr,kron,18,hand,50000,1827.243549525335,1846.4919706476655,456.05879271816235,749.6019206710208,59389.39650005638,58768.75
pr,kron,18,hand,75000,2608.7479382757124,2623.3144369772276,375.6290128291028,633.1399612457838,41598.07472110838,41366.0
pr,kron,18,hand,100000,3332.1912803967048,3358.828545517013,327.27333591119725,498.8387673281554,32566.825411058366,32307.7
pr,kron,18,auto,100,5.910071356208858,6.079025827428464,10278.81541508246,10517.715588472933,18362198.715405058,17850890.6
pr,kron,18,auto,250,13.269514178431255,13.62592154053391,7284.008073383215,5639.6058081263545,8178287.705613663,7963940.25
pr,kron,18,auto,500,25.067914850627606,25.684275694823036,5377.234120401523,4539.629749277685,4329115.736653045,4224998.45
pr,kron,18,auto,750,36.52177420875077,37.38914334827358,4461.855807004894,5938.545077001506,2971430.2499282258,2902340.5
pr,kron,18,auto,1000,47.74624174153543,48.858270908099925,3898.6844991227804,3661.635476913267,2272888.9375710823,2221036.95
pr,kron,18,auto,2500,112.423594068778,114.82761682063993,2515.7744274272673,3286.902919162669,965294.7458568126,945034.2
pr,kron,18,auto,5000,215.17060994539884,219.76244453969454,1797.5687882303632,1705.729610058873,504352.8235220822,493787.85
pr,kron,18,auto,7500,314.5755359079025,320.3550397174207,1475.0322190233173,1539.1328000909473,344978.8437989094,338736.75
pr,kron,18,auto,10000,411.7663225056074,419.3604827536901,1281.4440063767902,1705.7725368197312,263552.16231519927,258765.5
pr,kron,18,auto,25000,965.6266336884023,983.2596450549116,817.1837424145506,629.1599641794735,112384.95385158299,110363.55
pr,kron,18,auto,50000,1813.610162785763,1846.4919706476655,580.5738618842033,749.6019206710208,59837.50361116053,58768.75
pr,kron,18,auto,75000,2590.1956651718547,2623.3144369772276,475.1682947074565,633.1399612457838,41897.184110116366,41366.0
pr,kron,18,auto,100000,3309.470507621445,3358.828545517013,412.4047950298812,498.8387673281554,32791.31946183333,32307.7
bfs,uniform,10,hand,100,17.855678922836635,17.644381478531084,345.4460786227955,421.68839518248365,50525.496921152,51279.95
bfs,uniform,10,hand,250,38.29524346824385,37.70908090671534,248.62341534734654,527.9572450791626,23558.20119511654,23994.3
bfs,uniform,10,hand,500,69.33422487561732,68.39024943310658,187.60753585493578,260.97509459716633,13011.857449323341,13230.0
bfs,uniform,10,hand,750,98.08883349282968,97.81125344575969,157.20247718635397,224.74863151623651,9197.449070559185,9250.5
bfs,uniform,10,hand,1000,125.06294605281022,123.62132214806364,138.0515749895587,179.12250292085446,7213.703810078996,7319.15
bfs,uniform,10,hand,2500,264.07661560755315,265.0000732203787,89.69309340218709,139.82292372855034,3416.3079845796738,3414.35
bfs,uniform,10,hand,5000,461.01388030196455,473.35949148552146,64.03031130749063,94.52455821247281,1956.9194963282682,1911.45
bfs,uniform,10,hand,7500,644.6330691726276,647.397681740126,52.45055375965954,81.9167741963564,1399.5047626066912,1397.6
bfs,uniform,10,hand,10000,822.6031052835464,844.2295311406579,45.498510481212506,66.82488899709213,1096.722155127155,1071.75
bfs,uniform,10,hand,25000,1842.2045763055546,1987.9226628583983,28.91336858966217,71.86044589487689,489.7214251036712,455.15
bfs,uniform,10,hand,50000,3478.715590970326,3817.73417721519,20.64397881205046,38.556861632495036,259.3391229747579,237.0
bfs,uniform,10,hand,75000,5093.414728505716,5440.7877330126275,17.01003237626465,39.44629927275548,177.12420812540722,166.3
bfs,uniform,10,hand,100000,6700.7519812352575,7130.047281323877,14.835935575993213,23.559331596273225,134.6366874892973,126.9
bfs,uniform,10,auto,100,17.81367534861843,17.644381478531084,472.4684891998634,421.68839518248365,50803.275165281906,51279.95
bfs,uniform,10,auto,250,38.13361530821653,37.70908090671534,338.0871283373438,527.9572450791626,23732.159752654374,23994.3
bfs,uniform,10,auto,500,68.84250208066055,68.39024943310658,254.91096699628045,260.97509459716633,13145.847740695272,13230.0
bfs,uniform,10,auto,750,97.21399363659263,97.81125344575969,213.77511965791678,224.74863151623651,9309.287856477997,9250.5
bfs,uniform,10,auto,1000,123.80757144669951,123.62132214806364,187.9325676865206,179.12250292085446,7309.674520434885,7319.15
bfs,uniform,10,auto,2500,260.98101311445424,265.0000732203787,122.66996368757569,139.82292372855034,3467.658584205023,3414.35
bfs,uniform,10,auto,5000,455.75519588429864,473.35949148552146,87.85354524934509,94.52455821247281,1985.699907786919,1911.45
bfs,uniform,10,auto,7500,637.5518078084156,647.397681740126,72.06723663586627,81.9167741963564,1419.4815846445088,1397.6
bfs,uniform,10,auto,10000,813.8301670063007,844.2295311406579,62.56415601005152,66.82488899709213,1112.0170855424367,1071.75
bfs,uniform,10,auto,25000,1824.303403093761,1987.9226628583983,39.787466938579335,71.86044589487689,496.07595365229304,455.15
bfs,uniform,10,auto,50000,3446.8365235457954,3817.73417721519,28.308447643872718,38.556861632495036,262.5575783065817,237.0
bfs,uniform,10,auto,75000,5047.955248343459,5440.7877330126275,23.23464209847734,39.44629927275548,179.27913499982876,166.3
bfs,uniform,10,auto,100000,6641.8395344699275,7130.047281323877,20.202187079807647,23.559331596273225,136.25638586179525,126.9
bfs,uniform,11,hand,100,15.174662526046541,15.179463781340981,482.3751775124691,793.1663660358566,87242.47067560787,87449.4
bfs,uniform,11,hand,250,32.81225678511395,32.79050350400051,340.52290664536486,605.7364460763961,40346.9672662524,40482.3
bfs,uniform,11,hand,500,59.79906285169449,59.95776779060051,256.48821635257235,429.5709609905159,22138.725714216558,22139.5
bfs,uniform,11,hand,750,85.36644456122947,85.61583535155809,215.87081070096187,230.60434902549804,15508.143243465007,15504.55
bfs,uniform,11,hand,1000,109.92078536534886,109.08422289607114,190.3379275307064,219.54280244467847,12043.900942307093,12168.9
bfs,uniform,11,hand,2500,243.8763403716154,243.09770167567072,125.10429426168662,243.43279630277758,5428.468577245166,5460.5
bfs,uniform,11,hand,5000,444.5494130365111,452.2160523267698,89.7961997475589,126.53703431261371,2978.0155177758165,2935.4
bfs,uniform,11,hand,7500,635.3449662137707,648.6050034203068,73.70543088424063,102.46252203148538,2083.710615243034,2046.6
bfs,uniform,11,hand,10000,821.6702174387704,841.5868889875103,64.00301600394123,146.90888690828606,1611.199995257847,1577.3
bfs,uniform,11,hand,25000,1900.8101555498777,1925.0743238343848,40.71620755113724,55.28155207661955,696.4793651672608,689.55
bfs,uniform,11,hand,50000,3648.2322002737683,3521.5147897599154,28.965995249016725,63.03923172788596,362.881247071257,376.95
bfs,uniform,11,hand,75000,5377.481001626201,5190.361681329423,23.770014147029602,51.19608846078194,246.18869876816092,255.75
bfs,uniform,11,hand,100000,7100.477711358829,6757.113769406974,20.664540737333105,27.570913353711997,186.4487298260259,196.45
bfs,uniform,11,auto,100,15.144819927816389,15.179463781340981,662.0538574981613,793.1663660358566,87589.62184848655,87449.4
bfs,uniform,11,auto,250,32.726859586180076,32.79050350400051,463.8834089922074,605.7364460763961,40533.34377982997,40482.3
bfs,uniform,11,auto,500,59.60492794604041,59.95776779060051,348.99608735049725,429.5709609905159,22255.3586784259,22139.5
bfs,uniform,11,auto,750,85.05889460772141,85.61583535155809,293.8670909469842,230.60434902549804,15595.418404607884,15504.55
bfs,uniform,11,auto,1000,109.49912695405644,109.08422289607114,259.2438844292064,219.54280244467847,12114.517141286844,12168.9
bfs,uniform,11,auto,2500,242.77284107896983,243.09770167567072,170.67478314650438,243.43279630277758,5464.075159911993,5460.5
bfs,uniform,11,auto,5000,442.3186521545751,452.2160523267698,122.63688807793808,126.53703431261371,2999.0348450810634,2935.4
bfs,uniform,11,auto,7500,632.010055438673,648.6050034203068,100.72853299606805,102.46252203148538,2098.9049763142266,2046.6
bfs,uniform,11,auto,10000,817.2565423278909,841.5868889875103,87.51116056084902,146.90888690828606,1623.1488911209537,1577.3
bfs,uniform,11,auto,25000,1890.2935171628944,1925.0743238343848,55.723685977436205,55.28155207661955,701.7582393404296,689.55
bfs,uniform,11,auto,50000,3628.1434958776026,3521.5147897599154,39.588217007354885,63.03923172788596,365.6219915083568,376.95
bfs,uniform,11,auto,75000,5348.045628253593,5190.361681329423,32.42787860684149,51.19608846078194,248.03996499821181,255.75
bfs,uniform,11,auto,100000,7061.7731033106675,6757.113769406974,28.14887900763345,27.570913353711997,187.84645598694806,196.45
bfs,uniform,12,hand,100,13.538141076443457,13.570256950512135,681.2547277711991,1002.0829293867937,160132.40209270877,159943.25
bfs,uniform,12,hand,250,29.9182553744365,30.096732370539335,475.64354061225885,887.3778937497757,72460.61053055947,72116.5
bfs,uniform,12,hand,500,54.87705516911683,54.98015950918692,353.0760170588921,427.64646921444137,39504.580625909526,39477.35
bfs,uniform,12,hand,750,78.51436748561572,79.1416273019473,296.2006105024144,347.3934937123667,27611.443865201254,27425.15
bfs,uniform,12,hand,1000,101.40543103654558,102.53596247147803,261.38634970461993,419.62024184781797,21378.490562892748,21167.9
bfs,uniform,12,hand,2500,230.50804164730934,231.22340708860222,173.7346968671903,299.07962326549705,9404.856485475097,9386.9
bfs,uniform,12,hand,5000,432.089627862983,432.66640087710556,125.73988569739778,199.95117825161853,5017.234644494423,5016.5
bfs,uniform,12,hand,7500,627.3783736681672,627.7845748911739,103.56706097324476,142.6535276373088,3455.482594603274,3457.35
bfs,uniform,12,hand,10000,819.687476806495,801.444132634222,90.10291756094539,113.53626826052684,2644.78244670394,2708.2
bfs,uniform,12,hand,25000,1947.0330668643048,1908.7775921203063,57.503588971281616,100.34776372301741,1113.4351477308262,1137.1
bfs,uniform,12,hand,50000,3790.284813091373,3585.777300512143,40.87195200391395,62.80722385538985,571.9609890404822,605.3
bfs,uniform,12,hand,75000,5620.5303619001315,5161.029604089882,33.480417125074865,58.5333688006926,385.710050627315,420.55
bfs,uniform,12,hand,100000,7446.216700714915,6354.767969550578,29.06150496077708,47.85996568938879,291.14047274943266,341.55
bfs,uniform,12,auto,100,13.54678742791926,13.570256950512135,936.437302028796,1002.0829293867937,160292.84153124035,159943.25
bfs,uniform,12,auto,250,29.933518581510857,30.096732370539335,648.2792423516728,887.3778937497757,72542.52601570569,72116.5
bfs,uniform,12,auto,500,54.9017375704047,54.98015950918692,479.84883082951035,427.64646921444137,39551.62708022202,39477.35
bfs,uniform,12,auto,750,78.54730438836549,79.1416273019473,402.48713744625314,347.3934937123667,27645.16322169929,27425.15
bfs,uniform,12,auto,1000,101.44477415807272,102.53596247147803,355.30050809871,419.62024184781797,21405.27265660103,21167.9
bfs,uniform,12,auto,2500,230.52912950044657,231.22340708860222,236.57709624153642,299.07962326549705,9419.430226220737,9386.9
bfs,uniform,12,auto,5000,431.860376110657,432.66640087710556,171.39959969497522,199.95117825161853,5028.136801984497,5016.5
bfs,uniform,12,auto,7500,626.6824823932476,627.7845748911739,141.23999020398236,142.6535276373088,3464.9972058390154,3457.35
bfs,uniform,12,auto,10000,818.384439743596,801.444132634222,122.91872888192022,113.53626826052684,2653.3410766230945,2708.2
bfs,uniform,12,auto,25000,1941.0192791813658,1908.7775921203063,78.54336203689031,100.34776372301741,1118.7179198738725,1137.1
bfs,uniform,12,auto,50000,3775.631547869037,3585.777300512143,55.839849330728605,62.80722385538985,575.1231344770458,605.3
bfs,uniform,12,auto,75000,5597.13532193663,5161.029604089882,45.72219227687272,58.5333688006926,387.95793303949097,420.55
bfs,uniform,12,auto,100000,7414.068717025619,6354.767969550578,39.66900903724857,47.85996568938879,292.8827791215841,341.55
bfs,uniform,13,hand,100,12.536935836623373,12.619453755921148,965.6018683318246,1480.9751863659244,307345.1998681243,305462.35
bfs,uniform,13,hand,250,28.29358384500415,28.485619254038294,672.9324441928119,960.9587920405263,136185.18854129614,135323.3
bfs,uniform,13,hand,500,52.724881761951195,53.23169679168238,494.9945617469831,656.4815225683706,73080.6200351025,72414.9
bfs,uniform,13,hand,750,75.73801244955094,76.49722817291597,411.69575787828444,703.8981292174241,50874.94279054991,50390.95
bfs,uniform,13,hand,1000,97.91978705922254,98.74323420845681,361.495100485761,560.4086009332833,39350.23927401353,39038.3
bfs,uniform,13,hand,2500,223.6861680696473,225.46062828633762,240.2621874269469,395.16700000725837,17225.77253521162,17097.3
bfs,uniform,13,hand,5000,423.8034237192747,424.32362815785126,175.47858182926663,275.4469095851326,9091.873342187013,9084.5
bfs,uniform,13,hand,7500,620.0163376273673,620.7205945105997,145.27318576635895,301.01517272477537,6214.6218036542,6210.15
bfs,uniform,13,hand,10000,814.4247017269245,810.5830030175268,126.77079453036261,174.20419808827467,4731.151992652628,4755.55
bfs,uniform,13,hand,25000,1964.945628638587,1872.5191877975324,81.40384794831382,121.18858726881221,1960.9535217066175,2058.6
bfs,uniform,13,hand,50000,3860.9273379695014,3587.165456914201,57.934792550765465,101.588126119252,997.9900456938612,1074.6
bfs,uniform,13,hand,75000,5748.917763822454,5357.564975677554,47.443455239293336,69.2960847986454,670.2421583917198,719.5
bfs,uniform,13,hand,100000,7634.069756832213,7288.962843906589,41.16198064679245,55.65426639909157,504.7330157014111,528.85
bfs,uniform,13,auto,100,12.519498811030418,12.619453755921148,1331.5118380862066,1480.9751863659244,308157.14819524233,305462.35
bfs,uniform,13,auto,250,28.259344547675056,28.485619254038294,919.6956303421357,960.9587920405263,136520.2594820361,135323.3
bfs,uniform,13,auto,500,52.66728208726168,53.23169679168238,673.9098702933012,656.4815225683706,73251.79689448918,72414.9
bfs,uniform,13,auto,750,75.65742782821664,76.49722817291597,559.9135884610366,703.8981292174241,50992.654140986,50390.95
bfs,uniform,13,auto,1000,97.81497113938556,98.74323420845681,491.55024439570974,560.4086009332833,39441.539526125096,39038.3
bfs,uniform,13,auto,2500,223.40524515502878,225.46062828633762,327.2494087717649,395.16700000725837,17268.945712369812,17097.3
bfs,uniform,13,auto,5000,423.11310602775336,424.32362815785126,239.43810222097645,275.4469095851326,9118.06558454326,9084.5
bfs,uniform,13,auto,7500,618.7687682255304,620.7205945105997,198.38413615870786,301.01517272477537,6234.91883972188,6210.15
bfs,uniform,13,auto,10000,812.4710760690816,810.5830030175268,173.1954288834698,174.20419808827467,4748.443561962359,4755.55
bfs,uniform,13,auto,25000,1955.7737155937502,1872.5191877975324,111.30650655013149,121.18858726881221,1972.6070657768428,2058.6
bfs,uniform,13,auto,50000,3831.469096983214,3587.165456914201,79.24155608324614,101.588126119252,1006.9174389214088,1074.6
bfs,uniform,13,auto,75000,5693.995036884364,5357.564975677554,64.92125184502531,69.2960847986454,677.5511789964369,719.5
bfs,uniform,13,auto,100000,7551.31470883616,7288.962843906589,56.35547778490703,55.65426639909157,510.90084299181166,528.85
bfs,uniform,14,hand,100,12.283398114040075,12.351888158709784,1354.647000699033,1939.5176360441358,592128.5773622636,589649.85
bfs,uniform,14,hand,250,28.135045064661597,28.35127876399091,945.784533886199,1036.1512018802514,258515.70643390913,256894.55
bfs,uniform,14,hand,500,53.53936100200952,54.02388142069085,694.8355713956507,1396.6518573095832,135850.53901124944,134816.1
bfs,uniform,14,hand,750,77.89996333911374,78.25170305930209,575.2659009429348,904.2665114247063,93367.83662886392,93075.15
bfs,uniform,14,hand,1000,101.42272747944729,101.81448495769199,502.18025760964736,751.7117238605987,71713.22672144428,71534.9
bfs,uniform,14,hand,2500,233.3712751966378,233.5210811504056,327.24502201950105,381.5331950792333,31166.436590417397,31189.0
bfs,uniform,14,hand,5000,441.83217644207633,445.00792770664737,238.8945733659935,309.9448635177758,16461.79576374603,16366.65
bfs,uniform,14,hand,7500,646.4722973753026,644.2395347294398,198.57567977902158,385.7106735419835,11250.831752529675,11305.25
bfs,uniform,14,hand,10000,849.6293133148332,845.684544198414,173.87148129343822,309.5395731864038,8560.616890751855,8612.3
bfs,uniform,14,hand,25000,2057.3994089964394,2024.2041633084127,112.65473083913429,156.77637442850684,3535.215874290867,3598.1
bfs,uniform,14,hand,50000,4056.6118816219146,3806.5638801055743,80.45831179152327,80.04819272097745,1792.962024144353,1913.35
bfs,uniform,14,hand,75000,6050.905886931886,5664.622982694925,65.94987228875094,80.2796919984651,1202.026801664373,1285.75
bfs,uniform,14,hand,100000,8043.459657019445,7434.582759148676,57.23710949461959,67.25151142891649,904.2565463846744,979.65
bfs,uniform,14,auto,100,12.263908242537346,12.351888158709784,1870.513323796817,1939.5176360441358,593695.656103054,589649.85
bfs,uniform,14,auto,250,28.03207225027547,28.35127876399091,1292.153097333966,1036.1512018802514,259739.2367369241,256894.55
bfs,uniform,14,auto,500,53.076793320149044,54.02388142069085,944.535850614848,1396.6518573095832,137179.1435575825,134816.1
bfs,uniform,14,auto,750,76.9148068375253,78.25170305930209,781.1809173579937,904.2665114247063,94663.55503981559,93075.15
bfs,uniform,14,auto,1000,99.84838544382045,101.81448495769199,682.1745670228484,751.7117238605987,72920.84912617362,71534.9
bfs,uniform,14,auto,2500,228.11833569381173,233.5210811504056,447.31921989497283,381.5331950792333,31917.77209971279,31189.0
bfs,uniform,14,auto,5000,430.6790327838602,445.00792770664737,328.5566820482583,309.9448635177758,16905.928768756443,16366.65
bfs,uniform,14,auto,7500,629.5207301170801,644.2395347294398,273.8794068014491,385.7106735419835,11565.987746085364,11305.25
bfs,uniform,14,auto,10000,826.8823085541571,845.684544198414,240.18660001881662,309.5395731864038,8805.3994808186,8612.3
bfs,uniform,14,auto,25000,1999.427264297833,2024.2041633084127,156.1242269316926,156.77637442850684,3641.557350173397,3598.1
bfs,uniform,14,auto,50000,3939.0990431864066,3806.5638801055743,111.64652533489591,80.04819272097745,1848.3995884884143,1913.35
bfs,uniform,14,auto,75000,5873.579140829867,5664.622982694925,91.55324834847038,80.2796919984651,1239.6238947096467,1285.75
bfs,uniform,14,auto,100000,7806.23595543522,7434.582759148676,79.47352641437918,67.25151142891649,932.7195708670995,979.65
bfs,uniform,15,hand,100,12.169937932734475,12.244434025806445,1936.1998076389045,3379.465003984802,1180909.1492393252,1173857.85
bfs,uniform,15,hand,250,28.222275876366144,28.394553459520814,1345.6747398185523,2169.3459231322545,509228.6360390906,506196.55
bfs,uniform,15,hand,500,54.43372135966898,54.71280036040679,985.9062271138504,1543.2947078452466,264019.99884375086,262703.15
bfs,uniform,15,hand,750,80.05696409248732,80.64798488399985,815.0735947548958,987.9175799310583,179517.06279840702,178221.75
bfs,uniform,15,hand,1000,105.13297706926514,105.71832058120997,710.4003139106278,1198.6576208848212,136699.17328577477,135957.75
bfs,uniform,15,hand,2500,246.7701323365209,248.27674659430198,455.9898068085531,550.0159303913027,58238.77839009421,57891.95
bfs,uniform,15,hand,5000,466.673444367677,471.4341239098277,328.6545768288383,423.40488275035517,30795.81926911176,30488.3
bfs,uniform,15,hand,7500,680.015281993837,682.306266362538,272.8663550265677,447.4532936519745,21134.21776096366,21065.65
bfs,uniform,15,hand,10000,890.9709338927129,883.2804323845986,239.34536418794613,305.56737132922535,16130.258018239043,16272.55
bfs,uniform,15,hand,25000,2142.84521190034,2127.3181380892474,156.75497844287824,269.8712168502054,6706.7798320792845,6756.5
bfs,uniform,15,hand,50000,4216.971647352061,4042.64639702987,112.69151511567647,164.15955011736858,3408.035968054263,3555.4
bfs,uniform,15,hand,75000,6287.57641295966,5887.529185270142,92.59829242858214,133.5838392368746,2285.712348691112,2441.3
bfs,uniform,15,hand,100000,8357.021287793825,7853.792142505875,80.46469206281157,126.38824895410256,1719.70257769139,1830.1
bfs,uniform,15,auto,100,12.143501339373074,12.244434025806445,2664.7364048531845,3379.465003984802,1183704.4892344826,1173857.85
bfs,uniform,15,auto,250,28.091843466729042,28.394553459520814,1838.1800152702262,2169.3459231322545,511690.0593392982,506196.55
bfs,uniform,15,auto,500,54.00896154793772,54.71280036040679,1343.550417853913,1543.2947078452466,266146.8881915529,262703.15
bfs,uniform,15,auto,750,79.28506384608349,80.64798488399985,1110.679288776276,987.9175799310583,181299.17985997713,178221.75
bfs,uniform,15,auto,1000,104.00129026855859,105.71832058120997,968.4019259390041,1198.6576208848212,138212.8722953591,135957.75
bfs,uniform,15,auto,2500,243.5806653635348,248.27674659430198,622.9715064515256,550.0159303913027,59012.55351687189,57891.95
bfs,uniform,15,auto,5000,460.4076377345721,471.4341239098277,450.0439620726027,423.40488275035517,31220.8483794262,30488.3
bfs,uniform,15,auto,7500,670.805389661187,682.306266362538,374.2124417708952,447.4532936519745,21428.445972536236,21065.65
bfs,uniform,15,auto,10000,878.8351913893364,883.2804323845986,328.5759512109995,305.56737132922535,16356.100883621575,16272.55
bfs,uniform,15,auto,25000,2112.5988253805,2127.3181380892474,215.7224023609555,269.8712168502054,6804.092134175974,6756.5
bfs,uniform,15,auto,50000,4154.428822728328,4042.64639702987,155.2466292248651,164.15955011736858,3459.998392992289,3555.4
bfs,uniform,15,auto,75000,6191.389682586702,5887.529185270142,127.62477402946965,133.5838392368746,2321.6624679381207,2441.3
bfs,uniform,15,auto,100000,8226.584736974017,7853.792142505875,110.93495469510285,126.38824895410256,1747.3006733688815,1830.1
bfs,uniform,16,hand,100,12.034761156473806,12.13685644312079,2738.5685752983404,2287.1378683733087,2348645.7839037534,2329020.05
bfs,uniform,16,hand,250,28.00351793851699,28.21171102634274,1903.3588526759706,2146.6103089338453,1009351.4362195075,1001959.15
bfs,uniform,16,hand,500,54.30615307007852,54.69199238835267,1394.54295788516,2081.598057667281,520482.2925675887,516839.5
bfs,uniform,16,hand,750,80.29090359275705,80.80258367190477,1152.9960962688288,2023.3150260740015,352037.2767730397,349827.7
bfs,uniform,16,hand,1000,105.98192926699718,106.6813628668837,1004.9948748160848,1673.7164595122138,266700.09921439236,264966.45
bfs,uniform,16,hand,2500,254.61571805484687,256.44731291273416,643.4454873421018,918.2673673254095,111011.96448662374,110225.3
bfs,uniform,16,hand,5000,486.77095680000826,490.34738238082394,458.25844589773254,713.8000070047628,58067.127168504856,57646.85
bfs,uniform,16,hand,7500,708.440670907116,715.2603565043896,377.27146773987664,385.4000348236961,39898.03551827243,39519.85
bfs,uniform,16,hand,10000,925.116995052932,930.0919332973585,329.6575932074107,520.0496332588189,30553.315095917802,30391.6
bfs,uniform,16,hand,25000,2194.2067234102833,2203.4089057780375,216.55927333798732,362.38143251493847,12881.82683467043,12828.75
bfs,uniform,16,hand,50000,4285.401180693681,4225.101005194126,156.998464236166,233.03396522260093,6595.739782258967,6690.25
bfs,uniform,16,hand,75000,6371.324530409358,6101.358112629239,129.547182118114,147.9192169288429,4436.344580398389,4632.9
bfs,uniform,16,hand,100000,8455.746536704071,8199.031790230885,112.84129138224829,132.340629079898,3342.743414522724,3447.6
bfs,uniform,16,auto,100,12.01484854139101,12.13685644312079,3769.831165588987,2287.1378683733087,2352747.8480530363,2329020.05
bfs,uniform,16,auto,250,27.905674630158707,28.21171102634274,2601.256626831821,2146.6103089338453,1012980.6723930865,1001959.15
bfs,uniform,16,auto,500,54.00991400437426,54.69199238835267,1901.5244283634124,2081.598057667281,523383.7078161511,516839.5
bfs,uniform,16,auto,750,79.77053436350519,80.80258367190477,1571.6531749222536,2023.3150260740015,354365.29635901947,349827.7
bfs,uniform,16,auto,1000,105.23082139918117,106.6813628668837,1369.9643042430068,1673.7164595122138,268627.657511194,264966.45
bfs,uniform,16,auto,2500,252.51334569740732,256.44731291273416,877.7002865944515,918.2673673254095,111946.1982192219,110225.3
bfs,uniform,16,auto,5000,482.6383933489378,490.34738238082394,625.5252578404064,713.8000070047628,58569.54075761589,57646.85
bfs,uniform,16,auto,7500,702.4332054722616,715.2603565043896,515.3338720403966,385.4000348236961,40242.842778817256,39519.85
bfs,uniform,16,auto,10000,917.2949447589594,930.0919332973585,450.60547450568083,520.0496332588189,30816.597444422758,30391.6
bfs,uniform,16,auto,25000,2175.4939183995198,2203.4089057780375,296.7953684461937,362.38143251493847,12993.789047793416,12828.75
bfs,uniform,16,auto,50000,4247.053499684385,4225.101005194126,215.49640999904761,233.03396522260093,6655.887205692501,6690.25
bfs,uniform,16,auto,75000,6311.545325730268,6101.358112629239,177.9263785894817,147.9192169288429,4478.761949977784,4632.9
bfs,uniform,16,auto,100000,8373.290154654776,8199.031790230885,155.03936437717627,132.340629079898,3375.961960989315,3447.6
bfs,uniform,17,hand,100,11.935036789805077,12.050526726196722,3878.333611032636,4903.004572654678,4696479.452691852,4651605.55
bfs,uniform,17,hand,250,27.805660710066398,28.071579494233987,2694.9949835200214,2497.690585426142,2015872.0785278191,1996834.45
bfs,uniform,17,hand,500,54.0379110143669,54.55776124180881,1974.7917782901848,2433.657051045892,1037283.89936351,1027430.3
bfs,uniform,17,hand,750,80.0782584690059,80.79866638366478,1633.054889214564,2458.952684097757,699973.4524962966,693752.75
bfs,uniform,17,hand,1000,105.95511926015459,107.06362740053396,1423.701802190024,1874.4782403869622,529022.6224257575,523560.6
bfs,uniform,17,hand,2500,258.2534958812018,260.818227121062,912.093994190567,1549.3950568222594,217045.09694701454,214917.1
bfs,uniform,17,hand,5000,502.32410731662713,508.06655388242314,648.0843076488234,1163.6456448773847,111586.63148752585,110328.65
bfs,uniform,17,hand,7500,736.5131976854211,743.0581025566928,530.4869330555423,1002.0141347884227,76105.4319550456,75437.3
bfs,uniform,17,hand,10000,963.6214489508402,969.857932327965,460.73849908464194,729.2980330788182,58168.74988769623,57796.4
bfs,uniform,17,hand,25000,2263.016117918025,2280.07122388339,298.5970120550308,408.9136409921703,24769.00389998517,24584.45
bfs,uniform,17,hand,50000,4367.238868817595,4371.012156798528,217.3488713455923,339.5143435463135,12834.804033885328,12824.1
bfs,uniform,17,hand,75000,6456.624194119529,6408.805515380525,180.21935951477437,234.0846619224943,8681.418240431538,8746.45
bfs,uniform,17,hand,100000,8541.810786535934,8478.174269465788,157.51718885054242,258.2209172496743,6562.151334327623,6611.6
bfs,uniform,17,auto,100,11.942798444181621,12.050526726196722,5336.0649581345,4903.004572654678,4693643.396263651,4651605.55
bfs,uniform,17,auto,250,27.80778409191204,28.071579494233987,3682.8090660981375,2497.690585426142,2015810.9997245218,1996834.45
bfs,uniform,17,auto,500,54.02711507490875,54.55776124180881,2691.7184452284123,2433.657051045892,1037538.9648830984,1027430.3
bfs,uniform,17,auto,750,80.05987329253072,80.79866638366478,2224.0942362038572,2458.952684097757,700166.4472490565,693752.75
bfs,uniform,17,auto,1000,105.93311051305804,107.06362740053396,1938.1760282358791,1874.4782403869622,529156.9064568449,523560.6
bfs,uniform,17,auto,2500,258.23770324186194,260.818227121062,1240.6657057714644,1549.3950568222594,217068.36897453462,214917.1
bfs,uniform,17,auto,5000,502.33017428795586,508.06655388242314,881.2459572768172,1163.6456448773847,111590.42382810901,110328.65
bfs,uniform,17,auto,7500,736.5299049847108,743.0581025566928,721.293746904924,1002.0141347884227,76107.21122261081,75437.3
bfs,uniform,17,auto,10000,963.6362661857652,969.857932327965,626.5181175759553,729.2980330788182,58170.5348972771,57796.4
bfs,uniform,17,auto,25000,2262.768837776842,2280.07122388339,406.7199151480923,408.9136409921703,24772.851788746935,24584.45
bfs,uniform,17,auto,50000,4365.585075755842,4371.012156798528,296.66083393668555,339.5143435463135,12840.257623598289,12824.1
bfs,uniform,17,auto,75000,6452.3416192211525,6408.805515380525,246.23778070055783,234.0846619224943,8687.580472096448,8746.45
bfs,uniform,17,auto,100000,8533.715520788815,8478.174269465788,215.34864316329114,258.2209172496743,6568.678896535255,6611.6
bfs,uniform,18,hand,100,11.813615916299177,11.97228226387863,5504.157750313881,8465.470261442551,9449012.041810988,9323943.3
bfs,uniform,18,hand,250,27.50717723608767,27.890350422917315,3823.4431149042202,5432.776284301103,4058104.4755109707,4002419.45
bfs,uniform,18,hand,500,53.44479845776374,54.247566009095635,2802.7795972235863,3025.1615785468043,2088641.032834229,2057767.55
bfs,uniform,18,hand,750,79.22726223838423,80.40648721114907,2318.8009049961224,2963.4896375015364,1408946.8182627612,1388306.9
bfs,uniform,18,hand,1000,104.90003807298807,106.48289796259631,2022.3506126554958,2256.1905312179965,1064127.345433109,1048326.85
bfs,uniform,18,hand,2500,257.2757909507404,261.370187765561,1297.5120203207787,1800.3613350775056,433880.695256763,427091.1
bfs,uniform,18,hand,5000,506.0934687844277,515.2406984690094,922.687587851958,1340.2512833911348,220565.97434176487,216653.85
bfs,uniform,18,hand,7500,749.1533190815885,760.7461220334063,754.9268093667083,981.3968817321988,149004.21076327612,146736.05
bfs,uniform,18,hand,10000,986.9195168222183,1004.0523267344765,654.5416220189951,1005.5064330187573,113106.4865449906,111178.35
bfs,uniform,18,hand,25000,2336.5014937598326,2370.9409945605657,417.2140680599784,534.6812035911536,47775.27399343273,47082.1
bfs,uniform,18,hand,50000,4465.782191254532,4516.297796244675,301.03106474425755,560.7531495558827,24996.068834042817,24716.9
bfs,uniform,18,hand,75000,6553.631029030736,6574.042254972689,249.8851738907788,392.0426769196376,17032.847677259335,16980.25
bfs,uniform,18,hand,100000,8628.08533934272,8638.76929387046,218.98532919287985,356.51297680670586,12937.632702986744,12921.85
bfs,uniform,18,auto,100,11.784196520231822,11.97228226387863,7577.141778505602,8465.470261442551,9472825.479343317,9323943.3
bfs,uniform,18,auto,250,27.45741253772247,27.890350422917315,5226.364569164852,5432.776284301103,4065555.590756342,4002419.45
bfs,uniform,18,auto,500,53.366232923809434,54.247566009095635,3819.156399326779,3025.1615785468043,2091765.3530054041,2057767.55
bfs,uniform,18,auto,750,79.12037949328422,80.40648721114907,3156.121609990517,2963.4896375015364,1410883.4887466137,1388306.9
bfs,uniform,18,auto,1000,104.76454898440373,106.48289796259631,2751.089269573327,2256.1905312179965,1065528.7321196708,1048326.85
bfs,uniform,18,auto,2500,256.9647233058707,261.370187765561,1763.4616016915938,1800.3613350775056,434416.1938429412,427091.1
bfs,uniform,18,auto,5000,505.48810292614644,515.2406984690094,1253.7543051649457,1340.2512833911348,220835.33995012805,216653.85
bfs,uniform,18,auto,7500,748.2569631912687,760.7461220334063,1025.7430618378714,981.3968817321988,149186.23219267817,146736.05
bfs,uniform,18,auto,10000,985.7363332537675,1004.0523267344765,889.3324476912137,1005.5064330187573,113244.92492020478,111178.35
bfs,uniform,18,auto,25000,2333.646746263973,2370.9409945605657,567.1282666287176,534.6812035911536,47834.847853109364,47082.1
bfs,uniform,18,auto,50000,4459.969546779442,4516.297796244675,409.8307790544544,560.7531495558827,25029.237504782734,24716.9
bfs,uniform,18,auto,75000,6544.369555172279,6574.042254972689,340.62003311370177,392.0426769196376,17057.355350939106,16980.25
bfs,uniform,18,auto,100000,8614.80676572406,8638.76929387046,298.75703963007186,356.51297680670586,12957.880552188866,12921.85
bfs,kron,10,hand,100,15.59434700145323,15.800642514413445,385.5018875544096,474.4370043036593,55251.79507998814,54489.05
bfs,kron,10,hand,250,31.133128900662186,31.81636601152609,264.93375077089536,466.44199447576125,27675.203082854776,27060.35
bfs,kron,10,hand,500,51.136714492716315,52.28805247255667,199.3024748292953,302.3561641508239,16849.257397114277,16465.75
bfs,kron,10,hand,750,68.4192685324832,69.10223328049442,171.96068463697716,200.89926121789188,12593.172704286582,12459.25
bfs,kron,10,hand,1000,84.54545946298201,85.48667997180107,155.94493913966372,266.76011301305294,10191.152433298648,10071.3
bfs,kron,10,hand,2500,171.64030325599282,175.28798582975344,113.16777742080852,151.12459133199724,5019.891299338158,4911.7
bfs,kron,10,hand,5000,303.1919544624072,312.74160446066946,85.59751327554754,110.77453393456925,2841.8157284491967,2752.95
bfs,kron,10,hand,7500,429.2770329698383,452.0909472799832,71.69075902245555,99.60257870261455,2007.1319887990835,1904.4
bfs,kron,10,hand,10000,553.0238793009285,575.0288862915345,62.91965860902178,105.11140706287235,1558.0080665226976,1497.25
bfs,kron,10,hand,25000,1272.0553801230014,1353.50102185191,40.828352806946306,56.041244210238396,677.3413157902035,636.1
bfs,kron,10,hand,50000,2414.1842307707852,2794.423888347939,29.497913005591055,63.746124753216435,356.89723010717796,308.1
bfs,kron,10,hand,75000,3512.041289465508,4137.251321480057,24.8398736150155,42.05622802617317,245.3318722405024,208.1
bfs,kron,10,hand,100000,4583.562091681607,5686.67107001321,22.232317331621832,33.36465195382683,187.97949012062224,151.4
bfs,kron,10,auto,100,15.572779823300271,15.800642514413445,514.1612242003391,474.4370043036593,55551.91011152336,54489.05
bfs,kron,10,auto,250,31.07055442451129,31.81636601152609,353.87111416421624,466.44199447576125,27843.007019149078,27060.35
bfs,kron,10,auto,500,51.06032813563359,52.28805247255667,266.5121447352945,302.3561641508239,16942.65776421428,16465.75
bfs,kron,10,auto,750,68.35203966543853,69.10223328049442,230.6466483415144,200.89926121789188,12656.501095869251,12459.25
bfs,kron,10,auto,1000,84.49574797936981,85.48667997180107,209.77465672334665,266.76011301305294,10238.357380323334,10071.3
bfs,kron,10,auto,2500,171.74702083621224,175.28798582975344,153.47795720224406,151.12459133199724,5037.046120034465,4911.7
bfs,kron,10,auto,5000,303.6001348706206,312.74160446066946,116.45532336982913,110.77453393456925,2849.464033667782,2752.95
bfs,kron,10,auto,7500,429.9895590728148,452.0909472799832,97.62950498909932,99.60257870261455,2011.9038862151183,1904.4
bfs,kron,10,auto,10000,554.0387607291111,575.0288862915345,85.72250048212723,105.11140706287235,1561.4388852362222,1497.25
bfs,kron,10,auto,25000,1274.8549451681095,1353.50102185191,55.64841567110085,56.041244210238396,678.5851741089216,636.1
bfs,kron,10,auto,50000,2419.8940150368917,2794.423888347939,39.976778275686726,63.746124753216435,357.4940305463472,308.1
bfs,kron,10,auto,75000,3520.609413396823,4137.251321480057,33.24663645875638,42.05622802617317,245.72384020749433,208.1
bfs,kron,10,auto,100000,4594.954673164036,5686.67107001321,29.35370363495774,33.36465195382683,188.2712075448667,151.4
bfs,kron,11,hand,100,13.09552109154594,13.421954026136232,525.5638442342574,579.1173388055854,95516.60114831355,93115.95
bfs,kron,11,hand,250,27.619607745517484,28.215233496217984,362.79308311305545,383.55529005127255,45288.103888206955,44295.15
bfs,kron,11,hand,500,47.094296297763215,48.39554456691572,266.9549646426527,337.31591860949663,26560.32180673928,25824.65
bfs,kron,11,hand,750,63.132872733653606,64.62661754249886,223.2919760334518,307.8948684210244,19812.81083481805,19338.75
bfs,kron,11,hand,1000,77.3957148563912,79.36056793251356,198.1565032502227,264.35049998459476,16161.613950481256,15748.35
bfs,kron,11,hand,2500,151.39342364449544,154.95508675787764,143.30383184202017,223.28326946068438,8262.179656282586,8065.55
bfs,kron,11,hand,5000,264.48134082442107,269.8619163292847,112.89281311319884,122.49334031306606,4729.406093569774,4631.25
bfs,kron,11,hand,7500,374.5343135813624,380.01641936268544,96.68103644808753,140.33028708616052,3339.719805562738,3288.8
bfs,kron,11,hand,10000,483.35789897279756,497.68955081236066,85.96343514749576,133.505608003638,2587.8126075703503,2511.2
bfs,kron,11,hand,25000,1123.821203918782,1164.9869500372856,57.27696045248845,109.1534892274467,1113.023727056247,1072.8
bfs,kron,11,hand,50000,2160.3765478555088,2410.410800385728,41.526650061620956,58.83115894794098,578.9915032044591,518.5
bfs,kron,11,hand,75000,3171.7986696492267,3339.919828968466,34.60835365672293,52.94247126039636,394.3628821399478,374.2
bfs,kron,11,hand,100000,4167.810701022306,4369.923076923077,30.56288870365509,47.59146318848636,300.119116404137,286.0
bfs,kron,11,auto,100,12.96074531637135,13.421954026136232,716.1340134479453,579.1173388055854,96716.78860529239,93115.95
bfs,kron,11,auto,250,27.320308177919504,28.215233496217984,494.1971009259172,383.55529005127255,45882.413066761364,44295.15
bfs,kron,11,auto,500,46.640980350153306,48.39554456691572,362.727442143307,337.31591860949663,26875.97163524032,25824.65
bfs,kron,11,auto,750,62.598509450231056,64.62661754249886,302.96757353041676,307.8948684210244,20024.784550615117,19338.75
bfs,kron,11,auto,1000,76.80891982407766,79.36056793251356,268.78235231955796,264.35049998459476,16320.001216025092,15748.35
bfs,kron,11,auto,2500,150.6030498191777,154.95508675787764,195.28340609442313,223.28326946068438,8323.34847425446,8065.55
bfs,kron,11,auto,5000,263.3937137573191,269.8619163292847,154.56749944061292,122.49334031306606,4759.117623002454,4631.25
bfs,kron,11,auto,7500,373.1575486316374,380.01641936268544,132.62649543385567,140.33028708616052,3359.229016074215,3288.8
bfs,kron,11,auto,10000,481.69676414788245,497.68955081236066,118.04236093175045,133.505608003638,2602.304516510487,2511.2
bfs,kron,11,auto,25000,1120.525713083903,1164.9869500372856,78.78314508095198,109.1534892274467,1118.6906737557927,1072.8
bfs,kron,11,auto,50000,2154.5663445453806,2410.410800385728,56.98016675204018,58.83115894794098,581.7976634156595,518.5
bfs,kron,11,auto,75000,3163.6448267465703,3339.919828968466,47.18462883252657,52.94247126039636,396.2270525227126,374.2
bfs,kron,11,auto,100000,4157.414951199838,4369.923076923077,41.362386988988256,47.59146318848636,301.51468632419113,286.0
bfs,kron,12,hand,100,11.496698366879963,11.7896524735326,731.5589160049988,889.0120832758869,177281.82473692638,172740.8
bfs,kron,12,hand,250,25.187427233341953,25.7868516500805,506.86337931881576,599.7685057806214,80919.56538667454,78976.45
bfs,kron,12,hand,500,45.07611433602784,45.98204568956564,372.875952156402,334.21622373925254,45215.8686469009,44290.2
bfs,kron,12,hand,750,62.342737478161084,63.82301140102916,309.73227124069166,338.7288000746324,32692.752153280013,31909.4
bfs,kron,12,hand,1000,77.6879880566271,79.26848397448997,271.2181864281985,427.86130007896645,26235.145431297577,25691.85
bfs,kron,12,hand,2500,150.5049827783027,152.72417762479517,182.26769565366436,212.05840183655468,13542.114203174067,13334.85
bfs,kron,12,hand,5000,252.69412437253456,254.90062080704917,143.24103032431572,192.29374459541404,8065.702635514264,7989.6
bfs,kron,12,hand,7500,350.79354899496605,354.3157876423358,125.36260694428422,176.78898364106894,5810.1286946977725,5747.85
bfs,kron,12,hand,10000,447.7900855729861,450.5102255256551,113.48712620766656,137.07488349150802,4551.587296361252,4520.55
bfs,kron,12,hand,25000,1022.1836075824577,1017.9461674955639,79.2237749224752,117.66915036392685,1993.9232539161092,2000.65
bfs,kron,12,hand,50000,1963.6991579331211,2024.105749639716,58.41514000400642,104.90360236652353,1037.9164530863113,1006.15
bfs,kron,12,hand,75000,2892.507550349599,2941.509352206254,48.688361230391735,69.89938257388633,704.6327898726427,692.35
bfs,kron,12,hand,100000,3813.3936451793015,3758.1730946669127,42.80614356290599,62.433880815501226,534.4729274165163,541.9
bfs,kron,12,auto,100,11.420868637499408,11.7896524735326,1006.1566905662021,889.0120832758869,179125.22504754423,172740.8
bfs,kron,12,auto,250,24.977081541568904,25.7868516500805,696.0987537683712,599.7685057806214,81905.71270409597,78976.45
bfs,kron,12,auto,500,44.69873052210625,45.98204568956564,510.61955494285564,334.21622373925254,45767.86949058352,44290.2
bfs,kron,12,auto,750,61.860036801340264,63.82301140102916,423.3262852404005,338.7288000746324,33070.876945973585,31909.4
bfs,kron,12,auto,1000,77.14021113512207,79.26848397448997,370.16166536777365,427.86130007896645,26520.094187285424,25691.85
bfs,kron,12,auto,2500,149.84931727543946,152.72417762479517,248.2507677180087,212.05840183655468,13652.15205598955,13334.85
bfs,kron,12,auto,5000,251.98765483938982,254.90062080704917,195.86822106585433,192.29374459541404,8118.5154337597905,7989.6
bfs,kron,12,auto,7500,350.0271041529024,354.3157876423358,171.94734396070086,176.78898364106894,5844.592149175023,5747.85
bfs,kron,12,auto,10000,446.9580698951552,450.5102255256551,155.95416532037402,137.07488349150802,4577.086314629927,4520.55
bfs,kron,12,auto,25000,1020.9480324609207,1017.9461674955639,109.28286680319897,117.66915036392685,2003.7902027190871,2000.65
bfs,kron,12,auto,50000,1961.8451855954772,2024.105749639716,80.56412089147467,104.90360236652353,1042.776300572143,1006.15
bfs,kron,12,auto,75000,2890.0937535702988,2941.509352206254,66.95570349345937,69.89938257388633,707.8544294292424,692.35
bfs,kron,12,auto,100000,3810.4567428047335,3758.1730946669127,58.65383547084956,62.433880815501226,536.8820073324623,541.9
bfs,kron,13,hand,100,10.675104529767628,11.016277151982509,1024.7773646985142,1656.4729460672288,340067.0836344066,329474.1
bfs,kron,13,hand,250,23.928665816558564,24.60830114841921,711.8722867662724,1106.9149862758657,151711.41144101723,147494.05
bfs,kron,13,hand,500,44.21232212742601,45.155518509072586,523.799533847207,836.63621598323,82109.50002733705,80379.5
bfs,kron,13,hand,750,62.83773298287201,64.29203669146241,434.9737988450958,557.221535364242,57771.84332732113,56454.55
bfs,kron,13,hand,1000,80.1419169031064,82.06237918131563,380.54336913861084,484.4882813204478,45297.78928696685,44229.5
bfs,kron,13,hand,2500,165.10497447265425,168.51621170511342,247.3632905967549,304.5306094717951,21987.536574991485,21538.45
bfs,kron,13,hand,5000,272.75044659004294,276.15318773372087,182.539577656039,318.25284138972216,13309.791827351117,13143.35
bfs,kron,13,hand,7500,367.798410480205,372.1479947298538,157.22853037865832,197.39980136501498,9870.221190436336,9753.05
bfs,kron,13,hand,10000,459.1533412238646,463.12768753748196,142.95369588297177,224.35167412838828,7906.403676066374,7837.1
bfs,kron,13,hand,25000,991.3633634711645,986.2849689542261,105.23065892818926,136.49656830079925,3661.8779740049504,3680.05
bfs,kron,13,hand,50000,1865.0579717880023,1833.4906041624572,80.31149978464899,101.67046872384483,1946.4551342874638,1979.6
bfs,kron,13,hand,75000,2731.98365022526,2732.7044119861466,67.67229024106788,83.39039449922784,1328.7969950446798,1328.2
bfs,kron,13,hand,100000,3594.969037328108,3590.264602601513,59.70877678929228,94.47387553125328,1009.8144454753458,1010.95
bfs,kron,13,auto,100,10.521975672984812,11.016277151982509,1423.4103990105646,1656.4729460672288,346478.0549047163,329474.1
bfs,kron,13,auto,250,23.506478844747996,24.60830114841921,986.9628936815529,1106.9149862758657,155090.589662903,147494.05
bfs,kron,13,auto,500,43.3743677304508,45.155518509072586,724.4947927086424,836.63621598323,84050.41631007151,80379.5
bfs,kron,13,auto,750,61.65116161536944,64.29203669146241,600.7241793445124,557.221535364242,59133.25182216317,56454.55
bfs,kron,13,auto,1000,78.66643621253547,82.06237918131563,524.9522333705173,484.4882813204478,46342.936587098,44229.5
bfs,kron,13,auto,2500,162.6417654487883,168.51621170511342,339.8813408945982,304.5306094717951,22415.113700167236,21538.45
bfs,kron,13,auto,5000,269.61320245986457,276.15318773372087,250.47433873944155,318.25284138972216,13521.71789685715,13143.35
bfs,kron,13,auto,7500,364.17214422945534,372.1479947298538,216.03521523330699,197.39980136501498,10010.742783867354,9753.05
bfs,kron,13,auto,10000,455.0495975571102,463.12768753748196,196.7625013065526,224.35167412838828,8011.508381727515,7837.1
bfs,kron,13,auto,25000,984.3063668700755,986.2849689542261,145.6445911505813,136.49656830079925,3703.7591014706195,3680.05
bfs,kron,13,auto,50000,1853.0395257803561,1833.4906041624572,111.3384219238944,101.67046872384483,1967.380411594439,1979.6
bfs,kron,13,auto,75000,2715.060772976684,2732.7044119861466,93.73526419893274,83.39039449922784,1342.7447743402054,1328.2
bfs,kron,13,auto,100000,3573.1890092502367,3590.264602601513,82.57795462354677,94.47387553125328,1020.2745098265835,1010.95
bfs,kron,14,hand,100,10.371368314721046,10.717682162588707,1449.9202740078977,2007.7548838651292,672578.9166150291,652887.9
bfs,kron,14,hand,250,23.544152824960484,24.217183554888994,1008.5826680974568,871.4672125969859,296275.8404088905,288945.45
bfs,kron,14,hand,500,44.30713183219217,45.46936974637022,742.1436897538945,852.4150459291018,157436.58811745283,153893.6
bfs,kron,14,hand,750,64.01777870067163,65.55496378405243,616.2075683698189,652.7665235063208,108962.9132173769,106741.65
bfs,kron,14,hand,1000,82.89067725236804,84.99130950197555,539.0312583629033,802.4309184891672,84153.77815882476,82331.3
bfs,kron,14,hand,2500,183.19602319140634,187.44679255189482,349.5801927748465,471.6048859172828,38077.047434825225,37330.3
bfs,kron,14,hand,5000,317.4458004262665,324.61704397847467,251.02920831308393,288.3070366266168,21974.030387435363,21556.0
bfs,kron,14,hand,7500,428.23469635644693,434.27191003565434,208.02103271736885,329.8186862345337,16289.113713299674,16113.05
bfs,kron,14,hand,10000,527.3334904477487,531.9653031978987,183.86126003925855,195.25165273240745,13227.992894985116,13153.95
bfs,kron,14,hand,25000,1056.3629246070213,1055.1669280414983,133.5226499040924,184.44208904294703,6603.3779702421,6631.6
bfs,kron,14,hand,50000,1897.6002278178282,1889.618157759715,106.29066566656562,133.00530262480436,3675.9922151528026,3703.1
bfs,kron,14,hand,75000,2731.0487930475347,2724.914815319613,91.58365001958099,145.08961840332015,2554.17028164722,2567.95
bfs,kron,14,hand,100000,3561.735571613652,3515.0675641734065,81.78400132811414,101.92262286966314,1958.473200684639,1990.7
bfs,kron,14,auto,100,10.232725796877963,10.717682162588707,2018.2545013545384,2007.7548838651292,683429.4012905352,652887.9
bfs,kron,14,auto,250,23.16771508916397,24.217183554888994,1401.8405499506093,871.4672125969859,301857.3751453572,288945.45
bfs,kron,14,auto,500,43.57069859830231,45.46936974637022,1028.9624217751334,852.4150459291018,160505.70429006184,153893.6
bfs,kron,14,auto,750,62.969125994476286,65.55496378405243,852.784804643078,652.7665235063208,111059.91316353962,106741.65
bfs,kron,14,auto,1000,81.56867196263285,84.99130950197555,744.8993138737324,802.4309184891672,85735.68131811953,82331.3
bfs,kron,14,auto,2500,180.7462550035491,187.44679255189482,480.66399860230223,471.6048859172828,38691.51073029536,37330.3
bfs,kron,14,auto,5000,314.0638943409979,324.61704397847467,343.8907990608757,288.3070366266168,22267.27042153222,21556.0
bfs,kron,14,auto,7500,424.36401474822577,434.27191003565434,284.5692974402865,329.8186862345337,16479.59162861549,16113.05
bfs,kron,14,auto,10000,523.110684574966,531.9653031978987,251.49484358950255,195.25165273240745,13368.76854391285,13153.95
bfs,kron,14,auto,25000,1050.292186146624,1055.1669280414983,183.66285523148272,184.44208904294703,6658.476333703037,6631.6
bfs,kron,14,auto,50000,1888.2976260282658,1889.618157759715,146.88118820623566,133.00530262480436,3703.518750717234,3703.1
bfs,kron,14,auto,75000,2718.453057717932,2724.914815319613,126.6972754224648,145.08961840332015,2572.546046022677,2567.95
bfs,kron,14,auto,100000,3545.8360883844357,3515.0675641734065,113.14444355430669,101.92262286966314,1972.2698654457122,1990.7
bfs,kron,15,hand,100,10.160886544653485,10.51328417670519,2059.395923111213,3163.5623403970844,1350045.550124616,1304354.45
bfs,kron,15,hand,250,23.22187109402796,23.94439395782062,1434.5328360929427,1822.91017981803,590721.5490683838,572703.95
bfs,kron,15,hand,500,44.15897888226479,45.44010521469155,1055.7644203501357,1572.5754763913158,310642.5921102952,301782.95
bfs,kron,15,hand,750,64.41630313980313,66.20517931893349,876.4962586437218,853.2338776677865,212953.22761939614,207129.55
bfs,kron,15,hand,1000,84.15362786275158,86.2813789744866,766.59824523992,1152.4392654393218,163007.34755372663,158934.05
bfs,kron,15,hand,2500,194.60939154632345,199.46804348047436,496.7698727042064,513.7939275624046,70488.16892100126,68748.1
bfs,kron,15,hand,5000,356.72554197993617,363.10759999788166,355.98609248711745,520.388680648771,38454.38033058497,37765.8
bfs,kron,15,hand,7500,498.38869154186375,507.58521260352563,292.5081185514385,510.4369516198318,27524.018698121406,27016.25
bfs,kron,15,hand,10000,624.443677084459,632.792157152284,254.4875386623605,352.35748892282646,21967.809377105987,21670.7
bfs,kron,15,hand,25000,1221.413493888003,1231.0899142199219,169.16512223655351,203.34711701915046,11230.97111140018,11138.95
bfs,kron,15,hand,50000,2062.7095051416336,2063.8816730129583,133.83082553121687,162.27854545746175,6650.310977254459,6644.3
bfs,kron,15,hand,75000,2874.2233148176197,2862.909246539594,117.92543615963754,128.44859713232836,4772.649221169148,4789.9
bfs,kron,15,hand,100000,3678.885305996865,3671.744828971149,107.26011572108628,161.44833783434774,3728.754370942112,3734.75
bfs,kron,15,auto,100,10.0154511649427,10.51328417670519,2866.4005328852422,3163.5623403970844,1369909.0973510845,1304354.45
bfs,kron,15,auto,250,22.843193301616886,23.94439395782062,1993.821151775873,1822.91017981803,600627.8318346749,572703.95
bfs,kron,15,auto,500,43.399816673691944,45.44010521469155,1464.0433162987697,1572.5754763913158,316136.30463207583,301782.95
bfs,kron,15,auto,750,63.294568821930376,66.20517931893349,1213.455869530971,853.2338776677865,216768.32499689466,207129.55
bfs,kron,15,auto,1000,82.68559133257729,86.2813789744866,1059.960846967789,1152.4392654393218,165932.87226724927,158934.05
bfs,kron,15,auto,2500,191.32102173149866,199.46804348047436,683.9396101727259,513.7939275624046,71713.27824176912,68748.1
bfs,kron,15,auto,5000,351.07832084870114,363.10759999788166,488.6302881669602,520.388680648771,39080.33293472236,37765.8
bfs,kron,15,auto,7500,490.9528948207178,507.58521260352563,400.88742679192524,510.4369516198318,27946.179378249257,27016.25
bfs,kron,15,auto,10000,615.6100566185638,632.792157152284,348.46535072664955,352.35748892282646,22287.25394821106,21670.7
bfs,kron,15,auto,25000,1207.3895663871492,1231.0899142199219,231.75963692443875,203.34711701915046,11363.571499118887,11138.95
bfs,kron,15,auto,50000,2042.0516600348633,2063.8816730129583,184.34349696792603,162.27854545746175,6718.859240170388,6644.3
bfs,kron,15,auto,75000,2847.030259940081,2862.909246539594,162.9204807385002,128.44859713232836,4819.147115499671,4789.9
bfs,kron,15,auto,100000,3645.1339601250334,3671.744828971149,148.40568880476036,161.44833783434774,3763.9927133048072,3734.75
bfs,kron,16,hand,100,10.053898516008095,10.337605286230056,2915.9211740298447,3769.695563584148,2701549.018192681,2627112.3
bfs,kron,16,hand,250,23.048057365900775,23.611503070498266,2032.9886712055259,2875.2142913273037,1178455.0530108854,1150204.2
bfs,kron,16,hand,500,44.04372584036412,45.049685940005304,1496.4005361417076,1641.8879505329267,616684.8772825341,602846.6
bfs,kron,16,hand,750,64.54105299085029,65.90915047780285,1242.2447124062967,1581.3453166611964,420834.46746338386,412052.8
bfs,kron,16,hand,1000,84.68253399072083,86.42050540532885,1086.4293669469182,1360.6474503744628,320740.28001933347,314254.7
bfs,kron,16,hand,2500,200.4681353216626,204.1480510391739,703.9758973329455,789.208482561712,135488.36388061865,133031.15
bfs,kron,16,hand,5000,379.92216125344027,385.0051283359879,504.53366368163853,617.881139566162,71491.22224226285,70539.45
bfs,kron,16,hand,7500,546.2943587086011,553.9785389296799,414.5789886680415,450.3697048566115,49718.79945664701,49023.65
bfs,kron,16,hand,10000,701.5634903420753,709.4885228856521,360.4381289379286,470.4451727101852,38715.09854608746,38278.35
bfs,kron,16,hand,25000,1461.794755996237,1466.3738387898848,230.68230692170476,286.84976353852034,18580.652005704993,18520.55
bfs,kron,16,hand,50000,2407.546911834802,2414.8431039541897,169.65799298931233,219.4222317575724,11281.649188813077,11246.3
bfs,kron,16,hand,75000,3235.018031906612,3197.359281366628,146.7715302742427,183.43130077841985,8395.965462029488,8493.9
bfs,kron,16,hand,100000,4029.335522942992,4008.183716691388,134.0958364276418,189.7092720315399,6740.83841126546,6775.65
bfs,kron,16,auto,100,9.906865607892385,10.337605286230056,4065.8588016882804,3769.695563584148,2741906.344554663,2627112.3
bfs,kron,16,auto,250,22.676854985818316,23.611503070498266,2831.879981275946,2875.2142913273037,1197860.0066860327,1150204.2
bfs,kron,16,auto,500,43.31489728711411,45.049685940005304,2079.6098075402388,1641.8879505329267,627121.3685415235,602846.6
bfs,kron,16,auto,750,63.469454437972935,65.90915047780285,1723.363027820051,1581.3453166611964,427980.63896195777,412052.8
bfs,kron,16,auto,1000,83.27925166906707,86.42050540532885,1505.1398061128787,1360.6474503744628,326176.0537051044,314254.7
bfs,kron,16,auto,2500,197.23155648080314,204.1480510391739,970.825795251927,789.208482561712,137724.9064480937,133031.15
bfs,kron,16,auto,5000,374.0322858040628,385.0051283359879,693.5346484152118,617.881139566162,72623.93834942969,70539.45
bfs,kron,16,auto,7500,538.1184481628102,553.9785389296799,568.940389642797,450.3697048566115,50479.03069978382,49023.65
bfs,kron,16,auto,10000,691.3959447364825,709.4885228856521,494.126024695059,470.4451727101852,39288.19350435104,38278.35
bfs,kron,16,auto,25000,1443.7031955341831,1466.3738387898848,315.4898456467122,286.84976353852034,18815.292332216326,18520.55
bfs,kron,16,auto,50000,2382.2711923302913,2414.8431039541897,232.27224252685605,219.4222317575724,11402.437200426171,11246.3
bfs,kron,16,auto,75000,3203.9803869811235,3197.359281366628,201.5048454993895,183.43130077841985,8478.109845898554,8493.9
bfs,kron,16,auto,100000,3992.722980667646,4008.183716691388,184.5599136345678,189.7092720315399,6803.301355103861,6775.65
bfs,kron,17,hand,100,9.957984316781774,10.295834864905743,4139.360518027524,5642.280047481708,5442843.244248734,5263789.65
bfs,kron,17,hand,250,22.852619360422445,23.58999474574677,2887.7309135673017,3434.7027895629267,2371708.3284902098,2297376.9
bfs,kron,17,hand,500,43.74274738176278,45.06137922048918,2125.6304950100603,2341.3651460992014,1239056.7787593394,1202695.3
bfs,kron,17,hand,750,64.21480211387306,66.10063681270555,1764.887974697408,2634.7052421775547,844038.2260902604,819887.85
bfs,kron,17,hand,1000,84.41112252966956,86.84312688789679,1543.770791538891,2007.451971634975,642092.4878220868,624057.55
bfs,kron,17,hand,2500,202.1025399192644,207.73463147252875,1000.9901088853227,1296.1285622962,268179.44834628084,260886.25
bfs,kron,17,hand,5000,389.88450041215856,399.13793890723554,717.755101701969,994.9502182733116,139014.88160630738,135780.4
bfs,kron,17,hand,7500,569.9266749152853,582.9320903497209,589.9593761171864,815.0894865305476,95099.51025364245,92969.85
bfs,kron,17,hand,10000,743.321767975078,761.7294646540389,513.0254319024208,750.7999575890963,72915.59321958094,71147.45
bfs,kron,17,hand,25000,1668.6784001884919,1705.9976264976044,327.7438962222736,337.7678118720651,32480.64315976535,31767.4
bfs,kron,17,hand,50000,2888.856324069506,2929.694976092721,233.37353886532512,320.71851488411784,18761.662604452347,18498.55
bfs,kron,17,hand,75000,3873.779481365556,3912.1003811393757,193.01488419643402,252.72839592191292,13991.438574563472,13853.2
bfs,kron,17,hand,100000,4745.424897233339,4788.9287118651555,170.81886950325705,226.8562900071086,11421.474122692338,11316.75
bfs,kron,17,auto,100,9.830534736737622,10.295834864905743,5773.386783863536,5642.280047481708,5513672.156853413,5263789.65
bfs,kron,17,auto,250,22.518604186507403,23.58999474574677,4024.3788647034908,3434.7027895629267,2407002.903732694,2297376.9
bfs,kron,17,auto,500,43.0703226781864,45.06137922048918,2956.271031283825,2341.3651460992014,1258461.5645886976,1202695.3
bfs,kron,17,auto,750,63.21376996497905,66.10063681270555,2450.739275905222,2634.7052421775547,857445.2321853145,819887.85
bfs,kron,17,auto,1000,83.08931175550101,86.84312688789679,2141.064032219172,2007.451971634975,652338.3636204208,624057.55
bfs,kron,17,auto,2500,198.9607439281651,207.73463147252875,1382.3627953592888,1296.1285622962,272427.3371459664,260886.25
bfs,kron,17,auto,5000,383.95786236246454,399.13793890723554,988.0847838073037,994.9502182733116,141167.43262249525,135780.4
bfs,kron,17,auto,7500,561.4356475010918,582.9320903497209,810.7992524297398,815.0894865305476,96542.40144205507,92969.85
bfs,kron,17,auto,10000,732.4482334469134,761.7294646540389,704.308295134196,750.7999575890963,74001.60610648672,71147.45
bfs,kron,17,auto,25000,1646.4335034244714,1705.9976264976044,448.71813469477706,337.7678118720651,32921.06577775129,31767.4
bfs,kron,17,auto,50000,2854.858984469338,2929.694976092721,319.09148495594053,320.71851488411784,18985.99754306452,18498.55
bfs,kron,17,auto,75000,3832.328569248691,3912.1003811393757,263.90304464071016,252.72839592191292,14143.44952044564,13853.2
bfs,kron,17,auto,100000,4698.108207212909,4788.9287118651555,233.75832257848518,226.8562900071086,11537.057742032159,11316.75
bfs,kron,18,hand,100,9.918559837007857,10.242810442996001,5868.20205120557,5540.221712027491,10941244.439542374,10594785.25
bfs,kron,18,hand,250,22.79732578958455,23.47813238725933,4097.544700133048,5338.4439335427505,4760268.316844025,4622189.5
bfs,kron,18,hand,500,43.72399659061365,44.93256164314478,3015.295221008329,2219.6021786750707,2481964.050107604,2415183.4
bfs,kron,18,hand,750,64.27526663182616,65.99588737341051,2502.5316455941465,3388.550930785343,1688384.869510533,1644350.6
bfs,kron,18,hand,1000,84.58669034745998,86.77151708460231,2188.3836153819525,1983.654343695738,1282960.5605699085,1250645.15
bfs,kron,18,hand,2500,203.69032530017802,208.6698783615741,1418.3193299228712,1958.7827611205817,532776.3481402603,520057.7
bfs,kron,18,hand,5000,396.4515278918781,406.4019583023752,1017.1477934924804,1294.6126671304937,273731.7932459247,267027.2
bfs,kron,18,hand,7500,584.4683156771453,597.1605642080194,836.1933441214771,1078.1442194320468,185675.39891225978,181727.3
bfs,kron,18,hand,10000,768.5808913824721,785.4512311898039,727.2622712062629,1067.2618629982683,141197.09308636267,138163.1
bfs,kron,18,hand,25000,1804.9196181000082,1839.9630550537345,464.8679224050391,321.70471504814833,60125.33000176936,58979.65
bfs,kron,18,hand,50000,3317.4278147094024,3377.477451401468,330.51093086976863,447.464364944,32712.509126422905,32130.6
bfs,kron,18,hand,75000,4616.470671682464,4674.026423749071,270.5867279888704,351.2208594392754,23507.43574103117,23217.75
bfs,kron,18,hand,100000,5753.056029953326,5822.12727945792,234.97885006246892,372.62639678228345,18863.259300780865,18639.3
bfs,kron,18,auto,100,9.758586806206296,10.242810442996001,8204.135585149239,5540.221712027491,11121171.11013546,10594785.25
bfs,kron,18,auto,250,22.40224374476888,23.47813238725933,5726.490584448107,5338.4439335427505,4844466.246389829,4622189.5
bfs,kron,18,auto,500,42.955895855079746,44.93256164314478,4205.161719844929,2219.6021786750707,2526473.060440123,2415183.4
bfs,kron,18,auto,750,63.14666549239436,65.99588737341051,3484.2153107840854,3388.550930785343,1718648.3691367984,1644350.6
bfs,kron,18,auto,1000,83.10544841108793,86.77151708460231,3042.833111032133,1983.654343695738,1305894.0868484725,1250645.15
bfs,kron,18,auto,2500,200.18242647313596,208.6698783615741,1963.3307651388197,1958.7827611205817,542140.0648247942,520057.7
bfs,kron,18,auto,5000,389.74772132086,406.4019583023752,1403.4359628252064,1294.6126671304937,278454.260866828,267027.2
bfs,kron,18,auto,7500,574.7160978369643,597.1605642080194,1151.7767330986192,1078.1442194320468,188835.69482982793,181727.3
bfs,kron,18,auto,10000,755.9001060076173,785.4512311898039,1000.6200923446497,1067.2618629982683,143573.08962176132,138163.1
bfs,kron,18,auto,25000,1776.7002739502614,1839.9630550537345,637.7678929336286,321.70471504814833,61083.41134187765,58979.65
bfs,kron,18,auto,50000,3269.2762196852095,3377.477451401468,452.7466223435305,447.464364944,33196.00620206399,32130.6
bfs,kron,18,auto,75000,4553.732154139337,4674.026423749071,370.39403914354517,351.2208594392754,23832.520225476965,23217.75
bfs,kron,18,auto,100000,5679.334188214855,5822.12727945792,321.5244876145839,372.62639678228345,19109.090972342132,18639.3
cc,uniform,10,hand,100,17.956527547265708,17.598644970246003,375.4812216304743,507.29867409332064,50276.074192220054,51009.95
cc,uniform,10,hand,250,38.59653803517172,37.730153659930735,265.74203572802014,343.8008297347695,23390.276878674915,23792.8
cc,uniform,10,hand,500,69.9909314617303,68.47098754838586,199.05668087004372,291.051067141508,12898.58117825734,13110.75
cc,uniform,10,hand,750,98.8751485869963,96.82946823427893,166.34676639130493,239.05493753088365,9130.542144335192,9271.0
cc,uniform,10,hand,1000,125.99483415759364,122.23915248813633,145.8820086268491,181.84472120900008,7165.243854932791,7343.85
cc,uniform,10,hand,2500,268.0672586871838,262.99466807288917,94.56190305350468,122.32932255961656,3367.75074890612,3413.4
cc,uniform,10,hand,5000,472.1385091224118,454.2471853257432,67.46809130221317,99.5489168303968,1912.1162408019304,1976.25
cc,uniform,10,hand,7500,663.3164859653976,655.7384952520088,55.259649629789585,62.01018592049807,1361.0150362644058,1369.0
cc,uniform,10,hand,10000,849.6029756512321,841.6125251957061,47.9324450678099,80.5679020584827,1062.5948084856673,1066.65
cc,uniform,10,hand,25000,1930.6521472409747,1869.441899208663,30.40384684922214,49.91845982779264,467.6055769503116,480.2
cc,uniform,10,hand,50000,3668.23894378862,3521.1060992351445,21.5201170282917,48.12207612443915,246.1082075173008,254.95
cc,uniform,10,hand,75000,5366.831297352278,4939.235213204952,17.576956440334936,33.60274894769928,168.21540704034456,181.75
cc,uniform,10,hand,100000,7046.767304665272,6977.893509521959,15.224633135074274,44.60738079121696,128.11317192257664,128.65
cc,uniform,10,auto,100,17.18099656822745,17.598644970246003,506.86618423132376,507.29867409332064,52551.76599421931,51009.95
cc,uniform,10,auto,250,36.764067374241755,37.730153659930735,358.1452377639053,343.8008297347695,24559.081072557623,23792.8
cc,uniform,10,auto,500,66.61429507126901,68.47098754838586,268.3690868547249,291.051067141508,13554.023355422318,13110.75
cc,uniform,10,auto,750,94.174658585557,96.82946823427893,224.34582530521942,239.05493753088365,9587.416877977883,9271.0
cc,uniform,10,auto,1000,120.12384888267249,122.23915248813633,196.78452348647755,181.84472120900008,7516.340173905412,7343.85
cc,uniform,10,auto,2500,256.83852226658774,262.99466807288917,127.59012521925244,122.32932255961656,3515.406112887574,3413.4
cc,uniform,10,auto,5000,454.2999324811352,454.2471853257432,91.02735562791189,99.5489168303968,1987.4352749072145,1976.25
cc,uniform,10,auto,7500,639.6252008882943,655.7384952520088,74.55093838515552,62.01018592049807,1411.5949620919598,1369.0
cc,uniform,10,auto,10000,820.3082274361511,841.6125251957061,64.66287367059509,80.5679020584827,1100.6737236111053,1066.65
cc,uniform,10,auto,25000,1869.5517055049993,1869.441899208663,41.01169291449145,49.91845982779264,482.945568470965,480.2
cc,uniform,10,auto,50000,3557.5347241987897,3521.1060992351445,29.02717093919233,48.12207612443915,253.79701990240412,254.95
cc,uniform,10,auto,75000,5208.624354656285,4939.235213204952,23.708110541864116,33.60274894769928,173.34552267986612,181.75
cc,uniform,10,auto,100000,6842.03987090206,6977.893509521959,20.535089845372163,44.60738079121696,131.96235746020812,128.65
cc,uniform,11,hand,100,15.237303007575017,15.173582664557863,503.9203496304295,558.6157020990189,86947.65146708339,86968.65
cc,uniform,11,hand,250,32.988978404137995,32.86424589422932,353.1363840519771,571.9962527481226,40160.31339226894,40153.85
cc,uniform,11,hand,500,60.19358792415156,59.98000099995001,264.9546394264717,390.49737515122916,22009.781388515694,22001.1
cc,uniform,11,hand,750,85.87414524837449,84.81977117881476,222.58780529880985,433.5385613881728,15427.783384266664,15558.0
cc,uniform,11,hand,1000,110.5518975944252,108.90069897752873,196.04891208051967,337.30309655763455,11983.943650260619,12117.7
cc,uniform,11,hand,2500,246.50501401000392,241.1090505467601,128.56974347196308,282.4127764740637,5374.526423009017,5473.15
cc,uniform,11,hand,5000,452.06625700237873,442.93899471343457,92.21786128135673,126.82597899235155,2930.6494140614495,2979.25
cc,uniform,11,hand,7500,648.2917433824994,628.1839386871044,75.68002985999642,135.70366321704927,2043.5980015548325,2100.7
cc,uniform,11,hand,10000,840.6929817129148,791.5935334872979,65.71325873191549,83.18114348564191,1575.8995733514894,1667.05
cc,uniform,11,hand,25000,1965.8358126323803,1933.9429911335824,41.76452589122695,58.28087616290434,673.9360951141275,682.35
cc,uniform,11,hand,50000,3791.2881200565866,3525.5837563451773,29.581768417971748,56.29723747546074,349.4452727536835,374.3
cc,uniform,11,hand,75000,5586.650726862626,5368.698128559805,24.16714230019121,43.046608766728525,237.14525499699306,245.8
cc,uniform,11,hand,100000,7367.426751227503,6776.0,20.935334561866437,41.283200355337605,179.82502655764284,194.75
cc,uniform,11,auto,100,14.508958702536397,15.173582664557863,694.8352177813971,558.6157020990189,91315.97507196436,86968.65
cc,uniform,11,auto,250,31.24066368306543,32.86424589422932,483.26724588855694,571.9962527481226,42409.46109986645,40153.85
cc,uniform,11,auto,500,56.92119181248713,59.98000099995001,361.869720973906,390.49737515122916,23276.03602478195,22001.1
cc,uniform,11,auto,750,81.21907895567472,84.81977117881476,303.958517457932,433.5385613881728,16312.666041485614,15558.0
cc,uniform,11,auto,1000,104.61045870273924,108.90069897752873,267.7388540550678,337.30309655763455,12665.078880552517,12117.7
cc,uniform,11,auto,2500,233.99236370418538,241.1090505467601,175.65063320520045,282.4127764740637,5662.1493549076695,5473.15
cc,uniform,11,auto,5000,430.47394185040577,442.93899471343457,125.99509587062968,126.82597899235155,3077.769830865606,2979.25
cc,uniform,11,auto,7500,618.3758280743546,628.1839386871044,103.39595545087114,135.70366321704927,2142.5477048913135,2100.7
cc,uniform,11,auto,10000,802.7425665229869,791.5935334872979,89.77550629837503,83.18114348564191,1650.4664963011337,1667.05
cc,uniform,11,auto,25000,1881.8445806813415,1933.9429911335824,57.0504340304597,58.28087616290434,704.0431100432747,682.35
cc,uniform,11,auto,50000,3634.345024482191,3525.5837563451773,40.406353372400005,56.29723747546074,364.5497888274218,374.3
cc,uniform,11,auto,75000,5359.049214271896,5368.698128559805,33.00966634072546,43.046608766728525,247.22663633552406,245.8
cc,uniform,11,auto,100000,7070.260592497754,6776.0,28.595038396211837,41.283200355337605,187.39050617268953,194.75
cc,uniform,12,hand,100,13.6137371917537,13.603329250902824,695.0564217998066,1175.2992843930185,159294.37160830188,159014.75
cc,uniform,12,hand,250,30.11768671940615,30.175637322634625,484.03021571537823,513.0034651570646,72003.92684221843,71684.65
cc,uniform,12,hand,500,55.32282919191277,55.60881306869962,358.7549464882758,570.7780908088256,39198.85773878651,38899.05
cc,uniform,12,hand,750,79.16097417074666,79.47278505428294,300.63889189437873,358.5678384027785,27394.70722686433,27218.5
cc,uniform,12,hand,1000,102.25860756287649,101.90560988938512,265.0829434287808,357.9980299857586,21206.935659353236,21226.8
cc,uniform,12,hand,2500,233.22963809461427,231.5675097015924,175.77364829211197,291.4890762600673,9298.096626644172,9341.25
cc,uniform,12,hand,5000,438.7668598654294,426.5813423784967,127.08123661896693,182.66802647079993,4942.469246346647,5070.85
cc,uniform,12,hand,7500,638.3708374469137,621.0091150505993,104.63948912968083,151.6210216643007,3397.0720214507164,3483.25
cc,uniform,12,hand,10000,835.4239759150362,812.7179140366698,91.02487139909826,153.4681177244796,2595.797790966826,2661.6
cc,uniform,12,hand,25000,1997.7877115844396,1899.231748540322,58.06087986048862,119.11801976014773,1085.496571345446,1138.95
cc,uniform,12,hand,50000,3901.3989812091536,3596.525064427633,41.17873954696363,56.73249788075151,555.8497661084809,601.45
cc,uniform,12,hand,75000,5784.6245517835005,5184.875359539789,33.656726447555016,50.4240961613018,374.8889304375613,417.2
cc,uniform,12,hand,100000,7657.839959506927,7163.868190097699,29.162628576028514,40.48583247975699,283.1858229824648,301.95
cc,uniform,12,auto,100,12.921754275807592,13.603329250902824,970.4631460806227,1175.2992843930185,167828.89264975104,159014.75
cc,uniform,12,auto,250,28.383392934307327,30.175637322634625,668.8807146063792,513.0034651570646,76405.37254373524,71684.65
cc,uniform,12,auto,500,52.03704782674139,55.60881306869962,493.79379841250557,570.7780908088256,41674.995061624664,38899.05
cc,uniform,12,auto,750,74.46403099881832,79.47278505428294,413.424647798323,358.5678384027785,29123.372480807393,27218.5
cc,uniform,12,auto,1000,96.22883468715298,101.90560988938512,364.4577033430591,357.9980299857586,22536.31895524241,21226.8
cc,uniform,12,auto,2500,220.00459671967002,231.5675097015924,241.7619717138652,291.4890762600673,9857.265455068018,9341.25
cc,uniform,12,auto,5000,414.82679691907595,426.5813423784967,174.8411570519822,182.66802647079993,5227.829367117841,5070.85
cc,uniform,12,auto,7500,604.2570900191703,621.0091150505993,143.97155004168897,151.6210216643007,3588.942102660596,3483.25
cc,uniform,12,auto,10000,791.3538606253614,812.7179140366698,125.23793024709134,153.4681177244796,2740.422229680183,2661.6
cc,uniform,12,auto,25000,1895.6749991825147,1899.231748540322,79.8739238204712,119.11801976014773,1143.9955225110705,1138.95
cc,uniform,12,auto,50000,3705.593583936453,3596.525064427633,56.64450129417916,56.73249788075151,585.2351754390786,601.45
cc,uniform,12,auto,75000,5497.025696399381,5184.875359539789,46.29581557722746,50.4240961613018,394.5122018660859,417.2
cc,uniform,12,auto,100000,7279.377604762649,7163.868190097699,40.113318183306255,40.48583247975699,297.91608966432847,301.95
cc,uniform,13,hand,100,12.690287132509797,12.71760409791113,970.5825737491255,1610.0706187519856,303867.0182112995,302778.65
cc,uniform,13,hand,250,28.69375134469813,28.823411626842482,676.3506232264098,969.9174937781285,134390.2254144784,133593.45
cc,uniform,13,hand,500,53.61262861608799,53.88506972796612,497.0983465455035,817.4106920475704,71926.33173826183,71459.85
cc,uniform,13,hand,750,77.09780916205318,77.33548766747471,413.0477332933098,624.9833597784823,50016.46289449869,49791.1
cc,uniform,13,hand,1000,99.74742113127346,99.82239654488565,362.36651525334844,561.5841409516662,38659.24218858793,38574.7
cc,uniform,13,hand,2500,228.5115222331568,229.8815255709548,240.13784492488458,387.29146850782445,16875.12154098919,16750.45
cc,uniform,13,hand,5000,433.83461072805926,430.90598807085865,175.13028526782784,273.52684848494357,8888.547884018715,8936.1
cc,uniform,13,hand,7500,635.3428826923877,626.6518572765369,144.91465120220428,188.99425638724696,6069.415139837179,6144.75
cc,uniform,13,hand,10000,835.238539059869,822.913714804723,126.43153787014285,170.10240723566622,4616.836425605318,4679.25
cc,uniform,13,hand,25000,2022.1538531765002,1970.1803576453733,81.15429157146446,93.11705988756982,1906.9566369262782,1954.45
cc,uniform,13,hand,50000,3979.854031957107,3609.334958054085,57.6993577587602,85.44390280362775,968.9198850603809,1066.85
cc,uniform,13,hand,75000,5925.227761006158,5311.564935512793,47.200908479712744,88.79691495352279,650.8036259092532,724.95
cc,uniform,13,hand,100000,7864.505054706742,7242.089524167764,40.91670021609044,65.04338632991949,490.32452574916243,531.7
cc,uniform,13,auto,100,12.01290908197366,12.71760409791113,1364.0736635407422,1610.0706187519856,320991.6669549492,302778.65
cc,uniform,13,auto,250,26.90804143835097,28.823411626842482,939.8294538893593,969.9174937781285,143304.51066219583,133593.45
cc,uniform,13,auto,500,50.113420498625246,53.88506972796612,687.4672874467403,817.4106920475704,76946.32840531722,71459.85
cc,uniform,13,auto,750,72.04912954178324,77.33548766747471,570.30399700738,624.9833597784823,53519.643272924615,49791.1
cc,uniform,13,auto,1000,93.24726642180852,99.82239654488565,499.9827630581511,561.5841409516662,41352.88742683323,38574.7
cc,uniform,13,auto,2500,214.0973824339213,229.8815255709548,331.2224587900923,387.29146850782445,18010.699931799016,16750.45
cc,uniform,13,auto,5000,407.1829418710016,430.90598807085865,241.65833943622087,273.52684848494357,9470.052191976636,8936.1
cc,uniform,13,auto,7500,596.8031134587816,626.6518572765369,200.00221202941694,188.99425638724696,6461.165540597155,6144.75
cc,uniform,13,auto,10000,784.9383372354114,822.913714804723,174.50704440291815,170.10240723566622,4912.543480526299,4679.25
cc,uniform,13,auto,25000,1902.1664103251842,1970.1803576453733,112.01482573395599,93.11705988756982,2027.185261115911,1954.45
cc,uniform,13,auto,50000,3745.442104832639,3609.334958054085,79.63388536240643,85.44390280362775,1029.529653181831,1066.85
cc,uniform,13,auto,75000,5577.616643481905,5311.564935512793,65.14146081099895,88.79691495352279,691.3425496367181,724.95
cc,uniform,13,auto,100000,7404.32975182438,7242.089524167764,56.46719780565545,65.04338632991949,520.7822774574389,531.7
cc,uniform,14,hand,100,12.193320437604992,12.27333133133405,1363.7351202026703,2086.273651122601,593036.1420585532,588744.8
cc,uniform,14,hand,250,27.934824136940847,28.108448744168676,951.3564537658915,1142.4595293995278,258855.386944736,257070.75
cc,uniform,14,hand,500,53.157157502226205,53.467718036307105,698.6220463301092,1133.3526545050668,136032.09898682297,135144.35
cc,uniform,14,hand,750,77.3170403250214,77.73674746202245,578.3163343970456,1118.0179583813278,93525.04545962097,92952.95
cc,uniform,14,hand,1000,100.64002865604786,101.7322697182246,504.8193809126337,709.7076937206743,71850.93056674552,71028.2
cc,uniform,14,hand,2500,231.60855362413213,232.38871995587553,328.9668462878258,429.3478867943064,31221.12546385481,31093.85
cc,uniform,14,hand,5000,438.730850676042,437.9654154569754,240.15902294061348,368.97326960663474,16481.812710591417,16498.7
cc,uniform,14,hand,7500,642.1297623089081,634.6546045408634,199.6379724389,230.4027366431047,11261.08792279018,11385.5
cc,uniform,14,hand,10000,844.1576740368691,835.4947621580371,174.813638099633,304.0551196567386,8566.02970464159,8648.6
cc,uniform,14,hand,25000,2047.0505062350812,1974.3865785015573,113.29601245104291,187.43773703061464,3532.438349310842,3659.8
cc,uniform,14,hand,50000,4038.8331449167904,3751.647153500688,80.90244309589409,106.41600344625654,1790.3883254751172,1926.05
cc,uniform,14,hand,75000,6023.412071181663,5642.3378752977,66.2900769797826,82.89706680100645,1200.4956037786724,1280.65
cc,uniform,14,hand,100000,8004.4895993425835,7403.924381371996,57.513650731200904,93.30113949775182,903.3779882473543,975.95
cc,uniform,14,auto,100,11.53529650716913,12.27333133133405,1923.302603891946,2086.273651122601,626882.5172119999,588744.8
cc,uniform,14,auto,250,26.158571415616883,28.108448744168676,1325.8060426164345,1142.4595293995278,276440.0087568942,257070.75
cc,uniform,14,auto,500,49.553210514169045,53.467718036307105,968.67563327574,1133.3526545050668,145929.5096355723,135144.35
cc,uniform,14,auto,750,72.00225971881534,77.73674746202245,800.3372641498411,1118.0179583813278,100431.23284520091,92952.95
cc,uniform,14,auto,1000,93.71683930890504,101.7322697182246,697.9257126193611,709.7076937206743,77160.90047985488,71028.2
cc,uniform,14,auto,2500,216.12991901006896,232.38871995587553,454.1918717703739,429.3478867943064,33458.00407607651,31093.85
cc,uniform,14,auto,5000,410.28856501726875,437.9654154569754,331.7188099868546,368.97326960663474,17624.853158889804,16498.7
cc,uniform,14,auto,7500,601.1289405516138,634.6546045408634,275.85849692117574,230.4027366431047,12029.491883330955,11385.5
cc,uniform,14,auto,10000,790.7395969335537,835.4947621580371,241.61467104959453,304.0551196567386,9144.952066702463,8648.6
cc,uniform,14,auto,25000,1919.8957898672475,1974.3865785015573,156.645309989404,187.43773703061464,3766.493863555472,3659.8
cc,uniform,14,auto,50000,3789.5660795367908,3751.647153500688,111.85088829309419,106.41600344625654,1908.2067865893694,1926.05
cc,uniform,14,auto,75000,5652.512316755338,5642.3378752977,91.6415365914388,82.89706680100645,1279.302955212644,1280.65
cc,uniform,14,auto,100000,7512.2264412985205,7403.924381371996,79.50431426462765,93.30113949775182,962.6008704219806,975.95
cc,uniform,15,hand,100,12.136642176107397,12.217663058958772,1945.75868744117,2426.4486286275724,1184395.4450184966,1176093.0
cc,uniform,15,hand,250,28.158345105620032,28.381797388396517,1351.1555617328304,1523.9317915389693,510491.06960238225,506279.0
cc,uniform,15,hand,500,54.30808581147027,54.638736439759235,989.4631567646102,1552.4288914980652,264685.88418126415,262983.9
cc,uniform,15,hand,750,79.84871430475928,80.34009957870548,817.9025488931462,1058.0652899961985,180022.73219249814,178853.5
cc,uniform,15,hand,1000,104.83463921315384,105.69729050206386,712.8416648963274,1188.4940614956915,137116.7375505916,135945.85
cc,uniform,15,hand,2500,245.98567732807552,246.81004409190766,457.638195993698,595.2688998745815,58436.66943270576,58219.3
cc,uniform,15,hand,5000,465.1650709352817,468.9059812882825,329.9200337032156,400.5276651197963,30902.11326980935,30643.9
cc,uniform,15,hand,7500,677.7645942832551,676.4782343622373,273.94793564482035,496.70646579030443,21208.814730728573,21241.05
cc,uniform,15,hand,10000,887.9774666901849,880.6597083897698,240.31329180332702,358.89510269275365,16188.005045646349,16316.3
cc,uniform,15,hand,25000,2135.636284385403,2091.1470733766046,157.44230988943966,217.88731998564373,6730.820138382185,6871.4
cc,uniform,15,hand,50000,4201.811807306368,4071.433874052561,113.20771143588743,193.6858212890685,3421.044152002612,3529.25
cc,uniform,15,hand,75000,6262.684552777099,5930.541087126996,93.02455647279642,151.96429636076053,2295.2750677545732,2422.9
cc,uniform,15,hand,100000,8321.240274069933,7920.57327122895,80.83375436146245,110.67937334576189,1727.4568739463093,1814.15
cc,uniform,15,auto,100,11.284821198578193,12.217663058958772,2732.8189985772083,2426.4486286275724,1273816.878287101,1176093.0
cc,uniform,15,auto,250,26.056776479338986,28.381797388396517,1881.0454719440456,1523.9317915389693,551672.0659057378,506279.0
cc,uniform,15,auto,500,50.17168172974046,54.638736439759235,1372.4370666153884,1552.4288914980652,286512.13624118903,262983.9
cc,uniform,15,auto,750,73.75162311521082,80.34009957870548,1132.861691573244,1058.0652899961985,194908.19461349945,178853.5
cc,uniform,15,auto,1000,96.84956759757662,105.69729050206386,986.5650578197025,1188.4940614956915,148423.95343395072,135945.85
cc,uniform,15,auto,2500,227.83918254377744,246.81004409190766,632.347369726777,595.2688998745815,63091.8507989247,58219.3
cc,uniform,15,auto,5000,432.1349374425491,468.9059812882825,455.81526607649255,400.5276651197963,33264.59970182822,30643.9
cc,uniform,15,auto,7500,630.6212227631194,676.4782343622373,378.61940567349944,496.70646579030443,22794.658968527274,21241.05
cc,uniform,15,auto,10000,826.9787880777135,880.6597083897698,332.24392411779303,358.89510269275365,17382.30280925916,16316.3
cc,uniform,15,auto,25000,1992.839127052366,2091.1470733766046,217.84921751292225,217.88731998564373,7213.224347146837,6871.4
cc,uniform,15,auto,50000,3923.5363886498008,4071.433874052561,156.66264259674034,193.6858212890685,3663.7345209248197,3529.25
cc,uniform,15,auto,75000,5848.9381270247895,5930.541087126996,128.7234950799142,151.96429636076053,2457.6761454840484,2422.9
cc,uniform,15,auto,100000,7771.9456595457095,7920.57327122895,111.84593310368531,110.67937334576189,1849.5749122416303,1814.15
cc,uniform,16,hand,100,12.008355411127392,12.104519454008146,2747.277800619504,4539.864722074506,2354059.5479882644,2334899.3
cc,uniform,16,hand,250,27.959305379051802,28.13872954029899,1908.2296379119095,2545.1702347159844,1011054.5783580428,1004410.45
cc,uniform,16,hand,500,54.232709724708265,54.60647958963848,1397.554751534664,2078.818614400728,521242.32505981496,517572.9
cc,uniform,16,hand,750,80.17851533257935,80.6579441535418,1155.2869256487188,1367.002383242061,352568.0613309453,350403.6
cc,uniform,16,hand,1000,105.82477998813584,106.3565526245627,1006.8954021748573,1554.1135999594567,267124.4269477355,265736.65
cc,uniform,16,hand,2500,254.16784817827985,256.0064819486426,644.5927394581662,912.8722686922684,111219.35332817078,110398.9
cc,uniform,16,hand,5000,485.79540993171264,487.37721300266514,459.13647699018065,962.6508507897945,58189.89462081293,57989.65
cc,uniform,16,hand,7500,706.8938223740192,709.6035180352029,378.0420394299797,534.1187996178963,39989.57526077248,39829.05
cc,uniform,16,hand,10000,922.978749335802,923.3941952230741,330.36220703737587,376.69106076884555,30627.33972103214,30607.55
cc,uniform,16,hand,25000,2188.254553104576,2176.483398854881,217.0858574876,374.64122837723016,12918.233699591912,12985.55
cc,uniform,16,hand,50000,4271.4718541070215,4160.459577224283,157.4096161676233,222.2183847621878,6617.949193325696,6793.2
cc,uniform,16,hand,75000,6347.664871302869,6048.631168942345,129.89920215560014,173.79824964293334,4453.351631558148,4672.6
cc,uniform,16,hand,100000,8421.312982701349,8122.0875062863715,113.15659387211184,170.6723160728893,3356.7667855675845,3479.75
cc,uniform,16,auto,100,11.157761507796945,12.104519454008146,3862.1018064557848,4539.864722074506,2533517.8289522748,2334899.3
cc,uniform,16,auto,250,25.8452350930982,28.13872954029899,2658.7975274408313,2545.1702347159844,1093756.2614297853,1004410.45
cc,uniform,16,auto,500,50.02600353970647,54.60647958963848,1940.0226229675138,2078.818614400728,565073.875804688,517572.9
cc,uniform,16,auto,750,73.91204212152893,80.6579441535418,1601.4031194749098,1367.002383242061,382459.8387461821,350403.6
cc,uniform,16,auto,1000,97.53435592526259,106.3565526245627,1394.5856474825318,1554.1135999594567,289830.0546820868,265736.65
cc,uniform,16,auto,2500,234.46691983344024,256.0064819486426,891.1923879959515,912.8722686922684,120564.5032198238,110398.9
cc,uniform,16,auto,5000,449.211458162087,487.37721300266514,634.3230679023591,962.6508507897945,62928.91064457447,57989.65
cc,uniform,16,auto,7500,654.8332510061493,709.6035180352029,522.2538686496025,534.1187996178963,43168.833695855676,39829.05
cc,uniform,16,auto,10000,856.079163763265,923.3941952230741,456.4554731115398,376.69106076884555,33020.76362533471,30607.55
cc,uniform,16,auto,25000,2036.0053249585312,2176.483398854881,300.2603665131959,374.64122837723016,13884.240559035246,12985.55
cc,uniform,16,auto,50000,3979.6591561428145,4160.459577224283,217.8551029210637,222.2183847621878,7103.218291337142,6793.2
cc,uniform,16,auto,75000,5916.791211411583,6048.631168942345,179.81024921310197,173.79824964293334,4777.655100737772,4672.6
cc,uniform,16,auto,100000,7851.417499015917,8122.0875062863715,156.64045853458123,170.6723160728893,3600.4183594547208,3479.75
cc,uniform,17,hand,100,11.943587493522562,12.042246625580876,3882.1427568493677,5879.383860262545,4693367.695560649,4654464.05
cc,uniform,17,hand,250,27.85908793563683,28.06114092328778,2696.828344086599,4023.8419242782156,2012113.5279341154,1997431.4
cc,uniform,17,hand,500,54.19650224342122,54.55369256103494,1975.180136726746,2859.003173724811,1034303.790665853,1027431.9
cc,uniform,17,hand,750,80.35250586091878,80.86784662116105,1632.8006768698413,2514.1805042388546,697621.6498864023,693108.65
cc,uniform,17,hand,1000,106.3468548380694,106.96223121066397,1423.0860525334824,1284.116172601546,527102.0736490508,524018.65
cc,uniform,17,hand,2500,259.31273819377554,261.41928936188276,910.9515071197046,1367.9804207586283,216170.0505021566,214407.3
cc,uniform,17,hand,5000,504.2773440534252,508.3868006759116,647.059204735507,1000.7865801195436,111160.35327032699,110251.1
cc,uniform,17,hand,7500,739.1489470295934,742.537774236219,529.6219558460987,925.5247885446003,75838.09452272231,75484.65
cc,uniform,17,hand,10000,966.8120147113707,971.5033200853463,460.0005638606961,893.5605949470375,57979.883222630066,57694.3
cc,uniform,17,hand,25000,2268.464612334385,2278.2366796802758,298.2351714718756,286.5692669091408,24710.831902075115,24602.45
cc,uniform,17,hand,50000,4374.512596235677,4336.975502561167,217.17033808791626,332.45476146545536,12814.147057077298,12923.8
cc,uniform,17,hand,75000,6464.202249059713,6395.796704550641,180.10731135252323,259.7615100534778,8671.703877977343,8763.6
cc,uniform,17,hand,100000,8548.739254125616,8434.49991347333,157.44022592052127,170.63203715968226,6557.183000305988,6645.35
cc,uniform,17,auto,100,11.093427708756195,12.042246625580876,5459.720597895866,5879.383860262545,5053056.384633527,4654464.05
cc,uniform,17,auto,250,25.73712233747924,28.06114092328778,3758.853957543452,4023.8419242782156,2178010.228811432,1997431.4
cc,uniform,17,auto,500,49.95018855593985,54.55369256103494,2742.7405130383504,2859.003173724811,1122232.314467111,1027431.9
cc,uniform,17,auto,750,73.99279577107144,80.86784662116105,2264.0227836899735,2514.1805042388546,757583.4258869397,693108.65
cc,uniform,17,auto,1000,97.88849511672535,106.96223121066397,1971.6334831430045,1284.116172601546,572648.6615649608,524018.65
cc,uniform,17,auto,2500,238.61350042160723,261.41928936188276,1259.8066587282494,1367.9804207586283,234922.64944001863,214407.3
cc,uniform,17,auto,5000,464.5197676884675,508.3868006759116,894.0781665918297,1000.7865801195436,120674.5538303873,110251.1
cc,uniform,17,auto,7500,681.7615644027528,742.537774236219,731.5546379258055,925.5247885446003,82221.87732203378,75484.65
cc,uniform,17,auto,10000,892.8090513816235,971.5033200853463,635.2976026628514,893.5605949470375,62785.78339282589,57694.3
cc,uniform,17,auto,25000,2103.3680735977223,2278.2366796802758,412.05522739857935,286.5692669091408,26650.45477053383,24602.45
cc,uniform,17,auto,50000,4065.266009332428,4336.975502561167,300.3047677262835,332.45476146545536,13788.941629530926,12923.8
cc,uniform,17,auto,75000,6012.426781260414,6395.796704550641,249.15947168388837,259.7615100534778,9323.3094972426,8763.6
cc,uniform,17,auto,100000,7954.767767342065,8434.49991347333,217.85096108117096,170.63203715968226,7046.807317409712,6645.35
cc,uniform,18,hand,100,11.911044823990077,12.007683750557526,5487.944352149536,9023.781444925562,9371973.10233999,9296111.25
cc,uniform,18,hand,250,27.80813554174508,28.004560168103485,3812.584108226571,4717.631971489648,4014292.563542205,3985949.55
cc,uniform,18,hand,500,54.176160948848064,54.56197432206634,2792.4257908601453,4035.2794646585517,2060500.2229043054,2045834.4
cc,uniform,18,hand,750,80.43618163948715,80.97404969361641,2308.3970334688224,2354.004388382991,1387808.190740874,1378525.15
cc,uniform,18,hand,1000,106.6047280792782,107.44550973075759,2011.9174099196873,2317.5949307758497,1047139.2190802799,1038896.5
cc,uniform,18,hand,2500,261.9819401225318,263.43839935788156,1287.9129993166293,1670.7724174921684,426098.04194514477,423722.45
cc,uniform,18,hand,5000,515.5168283233347,520.4221010970731,914.7654178239752,1684.0777860519665,216539.95675420723,214488.9
cc,uniform,18,hand,7500,762.9376689848751,766.6543887236147,748.1437493336822,591.3547581612893,146316.00489687445,145599.85
cc,uniform,18,hand,10000,1004.7763580375744,1010.460051100193,648.5523428862524,974.8374695841667,111099.34147856063,110469.25
cc,uniform,18,hand,25000,2375.0571509770475,2395.229572376856,413.4056835112539,505.24381555630515,47000.970762020945,46602.95
cc,uniform,18,hand,50000,4532.7493762430995,4539.197358415375,298.44519917864227,552.0681784745528,24627.435237490186,24591.3
cc,uniform,18,hand,75000,6646.180092868418,6627.565028944634,247.84979570622065,465.3954176147875,16796.112977886925,16842.5
cc,uniform,18,hand,100000,8744.82351041018,8710.001326497966,217.27409334930715,326.84731668020856,12765.265254160047,12815.7
cc,uniform,18,auto,100,11.051848239785004,12.007683750557526,7720.185359736104,9023.781444925562,10100583.476105763,9296111.25
cc,uniform,18,auto,250,25.652502561327225,28.004560168103485,5315.707385221044,4717.631971489648,4351626.725085702,3985949.55
cc,uniform,18,auto,500,49.84563938375087,54.56197432206634,3878.9419845923926,4035.2794646585517,2239516.176165074,2045834.4
cc,uniform,18,auto,750,73.93177115161893,80.97404969361641,3201.977372198496,2354.004388382991,1509907.2289539832,1378525.15
cc,uniform,18,auto,1000,97.93160504137923,107.44550973075759,2788.48522490806,2317.5949307758497,1139878.3432992208,1038896.5
cc,uniform,18,auto,2500,240.44752457008946,263.43839935788156,1781.7785935816958,1670.7724174921684,464259.7835464979,423722.45
cc,uniform,18,auto,5000,473.19304908063214,520.4221010970731,1264.3792988740806,1684.0777860519665,235908.18996197722,214488.9
cc,uniform,18,auto,7500,700.6514482883595,766.6543887236147,1033.6375495606367,591.3547581612893,159323.32115191544,145599.85
cc,uniform,18,auto,10000,923.3189788228799,1010.460051100193,895.808940016839,974.8374695841667,120900.92186073752,110469.25
cc,uniform,18,auto,25000,2190.0884271642913,2395.229572376856,570.7879205874215,505.24381555630515,50970.59750036611,46602.95
cc,uniform,18,auto,50000,4192.46734257621,4539.197358415375,412.27887965306564,552.0681784745528,26626.353073177637,24591.3
cc,uniform,18,auto,75000,6156.004786284016,6627.565028944634,342.5646969366537,465.3954176147875,18133.532962794347,16842.5
cc,uniform,18,auto,100000,8106.319367391671,8710.001326497966,300.4136983283266,326.84731668020856,13770.752255362919,12815.7
cc,kron,10,hand,100,15.84133056345279,15.915745557453345,387.87032108501234,491.88097351418526,54475.70882662528,53834.55
cc,kron,10,hand,250,31.699210839153288,31.95194624064917,266.3631125510073,368.7143524250316,27223.63391252249,26815.8
cc,kron,10,hand,500,51.931588142685584,51.88553676969286,200.20616324490427,297.10026661222065,16617.394962578677,16513.6
cc,kron,10,hand,750,69.34411685018473,69.08616651145165,172.63838554868929,217.71354308380884,12444.714135813167,12402.15
cc,kron,10,hand,1000,85.60171580279774,85.38115832270408,156.49800324079038,181.05526925863208,10081.19642355077,10035.2
cc,kron,10,hand,2500,173.85490161330443,172.67921562304764,113.47291621822171,120.9231595944954,4963.723790315811,4961.9
cc,kron,10,hand,5000,307.60778494725,309.94682390392126,85.80291606615754,121.77088062595695,2805.4157060718067,2764.4
cc,kron,10,hand,7500,435.832523672767,441.0898326898327,71.85587843842671,86.99274016896621,1980.044315942125,1942.5
cc,kron,10,hand,10000,561.8120849944447,582.492266902342,63.06159649056704,109.76504812313289,1536.0433394904758,1470.95
cc,kron,10,hand,25000,1299.9335797279873,1397.6298833700353,40.89516005603205,59.46115494479082,663.8552343432432,613.05
cc,kron,10,hand,50000,2498.331196115024,2640.42218798151,29.169652065562282,48.823527546719355,345.4176582123753,324.5
cc,kron,10,hand,75000,3677.0847650070928,3841.3674064111183,23.886979508478227,39.349279402216304,234.68801138700684,223.05
cc,kron,10,hand,100000,4846.283860372816,5355.10625,20.717294275378627,33.70772205765008,178.06792504609655,160.0
cc,kron,10,auto,100,15.384364863622219,15.915745557453345,524.6069538427273,491.88097351418526,56184.55612976545,53834.55
cc,kron,10,auto,250,30.792845690613156,31.95194624064917,360.11378256348814,368.7143524250316,28070.277098958257,26815.8
cc,kron,10,auto,500,50.57256248738816,51.88553676969286,270.5699133158729,297.10026661222065,17091.554564128124,16513.6
cc,kron,10,auto,750,67.65205753473764,69.08616651145165,233.7021943602931,217.71354308380884,12776.606398957561,12402.15
cc,kron,10,auto,1000,83.61789200985427,85.38115832270408,212.24673090050294,181.05526925863208,10337.066510826531,10035.2
cc,kron,10,auto,2500,170.42220091413944,172.67921562304764,154.73482182355056,120.9231595944954,5071.896188199387,4961.9
cc,kron,10,auto,5000,302.1758096828665,309.94682390392126,117.23964288763665,121.77088062595695,2860.46626997748,2764.4
cc,kron,10,auto,7500,428.55617669894957,441.0898326898327,98.23738537371456,86.99274016896621,2016.9204370333198,1942.5
cc,kron,10,auto,10000,552.7486745186635,582.492266902342,86.2341048656341,109.76504812313289,1563.7553757205596,1470.95
cc,kron,10,auto,25000,1280.5977469707184,1397.6298833700353,55.93821098592664,59.46115494479082,674.9689457486904,613.05
cc,kron,10,auto,50000,2462.7334407311473,2640.42218798151,39.901245532820425,48.823527546719355,350.9773720960876,324.5
cc,kron,10,auto,75000,3625.7635409661707,3841.3674064111183,32.675291676972535,39.349279402216304,238.39494810812835,223.05
cc,kron,10,auto,100000,4779.496596343114,5355.10625,28.339497418207635,33.70772205765008,180.8482742434246,160.0
cc,kron,11,hand,100,13.216490116763692,13.43320772179282,527.455525329263,569.1048811857742,94732.5424632147,92706.45
cc,kron,11,hand,250,27.934730663575714,28.32028762712173,363.8522151946448,338.5864423561128,44819.89557298674,43973.6
cc,kron,11,hand,500,47.570809493952595,47.972888381257626,267.5742612518307,277.81956942932334,26319.327430409558,25959.35
cc,kron,11,hand,750,63.68502757698277,64.32085406826451,223.7431465277722,284.7572327069981,19659.749847599767,19361.45
cc,kron,11,hand,1000,78.00991978040193,79.1381101716726,198.5203737147909,292.50987837570295,16049.647464392292,15736.35
cc,kron,11,hand,2500,152.53955442316806,152.95602350817074,143.51199796626224,152.85812995957016,8207.915094124679,8141.85
cc,kron,11,hand,5000,266.67687210556545,262.19721453159707,113.04810031945203,146.21119368192967,4694.939239820357,4749.65
cc,kron,11,hand,7500,377.77654707909556,373.2656945464355,96.81378320934688,131.26721440994837,3314.212385288265,3336.35
cc,kron,11,hand,10000,487.7116409043377,481.58123706954893,86.08190873187648,140.97871246546785,2567.1556842059344,2585.95
cc,kron,11,hand,25000,1138.0456588187642,1168.734456384027,57.34159212399844,79.15107140944559,1100.1594720729586,1065.55
cc,kron,11,hand,50000,2204.898535943974,2283.7795708784156,41.30829876022135,60.59711648515787,567.8409644663975,545.3
cc,kron,11,hand,75000,3260.987218338806,3418.4600603897884,33.9431087024612,51.741360834951294,383.94253867660876,364.3
cc,kron,11,hand,100000,4311.748877939181,4635.566722501396,29.489994349929262,43.90453159682772,290.37676976201544,268.65
cc,kron,11,auto,100,12.732475021804946,13.43320772179282,729.0726838084956,569.1048811857742,98497.4020410991,92706.45
cc,kron,11,auto,250,26.879502843222003,28.32028762712173,501.65238827960025,338.5864423561128,46656.95338621989,43973.6
cc,kron,11,auto,500,45.875236493903124,47.972888381257626,367.64302373893696,277.81956942932334,27337.531248861193,25959.35
cc,kron,11,auto,750,61.57223046887785,64.32085406826451,306.8195276121965,284.7572327069981,20368.203354836663,19361.45
cc,kron,11,auto,1000,75.57804260372009,79.1381101716726,272.00369380579616,292.50987837570295,16593.651647962157,15736.35
cc,kron,11,auto,2500,148.65823410561967,152.95602350817074,197.01280131098088,152.85812995957016,8436.234418807515,8141.85
cc,kron,11,auto,5000,260.6536758792104,262.19721453159707,155.62811194094184,146.21119368192967,4811.425378793215,4749.65
cc,kron,11,auto,7500,369.6751017646351,373.2656945464355,133.42994972384753,131.26721440994837,3392.480870944468,3336.35
cc,kron,11,auto,10000,477.55750161372333,481.58123706954893,118.70640111748608,140.97871246546785,2626.1040962882344,2585.95
cc,kron,11,auto,25000,1115.830601447151,1168.734456384027,79.14886330962473,79.15107140944559,1123.9302001347492,1065.55
cc,kron,11,auto,50000,2163.1627162500777,2283.7795708784156,57.03365561732838,60.59711648515787,579.7602287520144,545.3
cc,kron,11,auto,75000,3200.120546921552,3418.4600603897884,46.86859562536786,51.741360834951294,391.8963966552468,364.3
cc,kron,11,auto,100000,4231.943977859709,4635.566722501396,40.721383630519654,43.90453159682772,296.34506452876974,268.65
cc,kron,12,hand,100,11.589784737150262,11.806946079120516,731.9873666878975,929.7448659656443,175974.25296981438,172137.4
cc,kron,12,hand,250,25.44146710618551,25.831381866963905,506.9709334617971,598.6759315795446,80164.54800694711,78680.15
cc,kron,12,hand,500,45.52195572079748,46.326378964115825,372.70632700973675,389.6316884335504,44802.638175520915,43871.7
cc,kron,12,hand,750,62.91681878183379,63.544108290460805,309.47234883213986,507.29782335325166,32415.874653056166,31984.35
cc,kron,12,hand,1000,78.36221904705675,79.241009725696,270.92656700697074,280.16921108877165,26026.62017491166,25648.55
cc,kron,12,hand,2500,151.66437630906768,152.70882328632288,182.00802793337792,233.19314334959162,13447.480290591064,13309.1
cc,kron,12,hand,5000,254.56664310209027,256.9297380663431,143.07300287398652,168.16639629279462,8011.669110878209,7910.4
cc,kron,12,hand,7500,353.34757841731863,353.00032131722696,125.24376369330585,184.1942552964414,5771.947611290073,5757.55
cc,kron,12,hand,10000,451.0560430099085,447.53093759633595,113.39617458578604,141.6762060771708,4521.619303870343,4541.4
cc,kron,12,hand,25000,1031.3415905222798,1002.0544804634537,79.17448842385056,124.1204317545962,1977.5249344576052,2028.25
cc,kron,12,hand,50000,1989.6827220071941,1949.4671718382813,58.19802702001683,99.06482460330815,1025.039665190197,1042.55
cc,kron,12,hand,75000,2942.7032930094256,2871.253796708342,48.16881445114034,52.310082554342266,693.0714748054762,707.85
cc,kron,12,hand,100000,3893.0840857775656,3774.569597919955,42.00521647771107,68.1086399960039,523.8786695236828,538.45
cc,kron,12,auto,100,11.109402594936713,11.806946079120516,1024.3431402210845,929.7448659656443,183835.96181236499,172137.4
cc,kron,12,auto,250,24.319211992103483,25.831381866963905,706.7788645247139,598.6759315795446,83979.1894517025,78680.15
cc,kron,12,auto,500,43.528064259721155,46.326378964115825,517.579987163295,389.6316884335504,46919.33229594201,43871.7
cc,kron,12,auto,750,60.25951766118019,63.544108290460805,428.6801030971903,507.29782335325166,33891.86954140939,31984.35
cc,kron,12,auto,1000,75.19013717955947,79.241009725696,374.5980212015382,280.16921108877165,27161.909630830913,25648.55
cc,kron,12,auto,2500,146.67113858200133,152.70882328632288,250.65621702426756,233.19314334959162,13924.400744043824,13309.1
cc,kron,12,auto,5000,247.42832051799982,256.9297380663431,197.31352725654858,168.16639629279462,8254.138842818524,7910.4
cc,kron,12,auto,7500,344.1344687954297,353.00032131722696,173.01050576338884,184.1942552964414,5934.6211913896395,5757.55
cc,kron,12,auto,10000,439.76635939047003,447.53093759633595,156.81269733661128,141.6762060771708,4644.074444511119,4541.4
cc,kron,12,auto,25000,1007.5912108266716,1002.0544804634537,109.73195450728669,124.1204317545962,2026.920927114257,2028.25
cc,kron,12,auto,50000,1945.3739613415523,1949.4671718382813,80.72164625638572,99.06482460330815,1049.827823228689,1042.55
cc,kron,12,auto,75000,2878.0332963099995,2871.253796708342,66.82784343205005,52.310082554342266,709.6192089992389,707.85
cc,kron,12,auto,100000,3808.156984545988,3774.569597919955,58.283959804223066,68.1086399960039,536.2981934539287,538.45
cc,kron,13,hand,100,10.691366862535562,10.971969483982239,1026.712568912943,1014.7265693408842,339694.61135296384,330436.3
cc,kron,13,hand,250,23.9930780823474,24.495737866186598,712.9292781518668,1198.1547775861993,151368.64468727855,148006.85
cc,kron,13,hand,500,44.332890947412686,44.997983147803616,524.3926691549809,769.6612993969965,81921.11169806149,80571.1
cc,kron,13,hand,750,62.994921162911886,64.06436587438883,435.39443677194356,558.5333142775773,57652.2621848948,56592.1
cc,kron,13,hand,1000,80.3298066173607,81.62553724162309,380.8762877946916,500.26488772922715,45211.10984992808,44416.7
cc,kron,13,hand,2500,165.4819487717144,168.431035964572,247.54351442000987,343.08250887321077,21946.802887915666,21525.35
cc,kron,13,hand,5000,273.36747398737145,274.1717081581415,182.67335087906503,208.729338719082,13285.412701910358,13223.6
cc,kron,13,hand,7500,368.59385222359884,369.21620644530555,157.34749555359954,225.57819860130684,9853.120689049983,9819.55
cc,kron,13,hand,10000,460.13104702327286,459.93593565656437,143.06504245840452,205.8188012484974,7892.968176557932,7882.7
cc,kron,13,hand,25000,994.228505695283,989.9482572665092,105.31245938360956,127.8968642881319,3652.8823005946574,3662.35
cc,kron,13,hand,50000,1874.506903344811,1852.5047263808697,80.24129224791612,118.6174301561204,1937.4693711292848,1957.1
cc,kron,13,hand,75000,2751.61827140626,2705.119940309644,67.37240678880006,83.81864822027185,1319.877742105878,1340.25
cc,kron,13,hand,100000,3627.3718475833057,3679.814260340015,59.201117913703385,83.38614992910995,1001.2206809237433,985.25
cc,kron,13,auto,100,10.20207296926629,10.971969483982239,1448.0111649514656,1014.7265693408842,356291.0912469575,330436.3
cc,kron,13,auto,250,22.8105424899466,24.495737866186598,1001.3776036619123,1198.1547775861993,159352.094006664,148006.85
cc,kron,13,auto,500,42.10089640378913,44.997983147803616,733.7177249440323,769.6612993969965,86338.0122916772,80571.1
cc,kron,13,auto,750,59.85046425896044,64.06436587438883,607.6714822124009,558.5333142775773,60733.15815017722,56592.1
cc,kron,13,auto,1000,76.39013641753908,81.62553724162309,530.6085679312303,500.26488772922715,47583.469302018464,44416.7
cc,kron,13,auto,2500,158.37988079449008,168.431035964572,342.8757284657863,343.08250887321077,22950.564762184298,21525.35
cc,kron,13,auto,5000,263.44482169330234,274.1717081581415,252.36248329974873,208.729338719082,13797.605463783484,13223.6
cc,kron,13,auto,7500,356.47588528878947,369.21620644530555,217.45215625625377,225.57819860130684,10196.784302130984,9819.55
cc,kron,13,auto,10000,445.9175272469123,459.93593565656437,197.905735496494,205.8188012484974,8151.5246409864985,7882.7
cc,kron,13,auto,25000,967.5254937042104,989.9482572665092,146.20874139603478,127.8968642881319,3756.911559285723,3662.35
cc,kron,13,auto,50000,1826.953774531126,1852.5047263808697,111.58588172448138,118.6174301561204,1989.6002634953616,1957.1
cc,kron,13,auto,75000,2683.2621113345153,2705.119940309644,93.74385696912796,83.81864822027185,1354.659947623663,1340.25
cc,kron,13,auto,100000,3538.248471732322,3679.814260340015,82.39789596824613,83.38614992910995,1027.318386552239,985.25
cc,kron,14,hand,100,10.407955181254934,10.667417152556537,1449.3852736916851,1885.8806542581801,670212.6968959431,653354.5
cc,kron,14,hand,250,23.645639881769156,24.10825114473121,1007.8647434249177,1441.7588262805616,295003.38100721623,289096.25
cc,kron,14,hand,500,44.49876103450482,45.3591597992239,741.3795805359857,730.5708564648579,156758.15571116828,153653.75
cc,kron,14,hand,750,64.28304522246087,65.28595134375377,615.4910386436178,844.8865682196038,108512.96305364945,106755.05
cc,kron,14,hand,1000,83.22138276315553,84.81629295285127,538.3686780845479,588.0116786344691,83819.12772409791,82172.95
cc,kron,14,hand,2500,183.85527075293027,186.85268096514744,349.125118817484,485.89656685781597,37940.40650906821,37300.0
cc,kron,14,hand,5000,318.4513488152229,322.32591910872065,250.72137472628694,299.8984521116231,21904.58208813692,21622.85
cc,kron,14,hand,7500,429.43345155744123,435.2534698911805,207.78865643687928,292.9513836080906,16243.596501163398,16012.75
cc,kron,14,hand,10000,528.6798119946735,534.8336895256439,183.67824226233444,267.4122138296288,13194.26910757707,13031.35
cc,kron,14,hand,25000,1058.8832070298843,1054.2436847678111,133.45515503886296,226.21880418838086,6587.642211048973,6611.0
cc,kron,14,hand,50000,1903.7865001549978,1896.9299021542397,106.16662544746924,162.58609864832914,3664.036755504389,3674.15
cc,kron,14,hand,75000,2742.6266749930815,2693.5151011574653,91.3122301311451,120.99041936842508,2543.380684948151,2587.55
cc,kron,14,hand,100000,3579.916806781973,3575.1647900689936,81.3745139933469,131.1015978063136,1948.521177359808,1949.45
cc,kron,14,auto,100,9.901184108222633,10.667417152556537,2053.183518357966,1885.8806542581801,704904.3462796338,653354.5
cc,kron,14,auto,250,22.39238196563308,24.10825114473121,1421.7833654758033,1441.7588262805616,311685.8100184543,289096.25
cc,kron,14,auto,500,42.047513054541376,45.3591597992239,1041.930271713464,730.5708564648579,165988.12163153986,153653.75
cc,kron,14,auto,750,60.71217347657827,65.28595134375377,862.9033188672967,844.8865682196038,114958.62051279556,106755.05
cc,kron,14,auto,1000,78.60600920740511,84.81629295285127,753.425312495748,588.0116786344691,88789.49308806124,82172.95
cc,kron,14,auto,2500,174.22995904561165,186.85268096514744,485.77547658938784,485.89656685781597,40058.48218889749,37300.0
cc,kron,14,auto,5000,303.54645907715445,322.32591910872065,347.45982750108834,299.8984521116231,22992.8154405747,21622.85
cc,kron,14,auto,7500,411.1227318412164,435.2534698911805,287.45860754468833,292.9513836080906,16976.409161185835,16012.75
cc,kron,14,auto,10000,507.7083731888357,534.8336895256439,253.95640730869388,267.4122138296288,13746.843817769928,13031.35
cc,kron,14,auto,25000,1024.6831649774253,1054.2436847678111,185.00262813591837,226.21880418838086,6811.264154373743,6611.0
cc,kron,14,auto,50000,1848.128044061006,1896.9299021542397,147.62334355884872,162.58609864832914,3776.463288693317,3674.15
cc,kron,14,auto,75000,2665.4157910664703,2693.5151011574653,127.1271169821817,120.99041936842508,2618.498672737443,2587.55
cc,kron,14,auto,100000,3481.116203611124,3575.1647900689936,113.36554480839627,131.1015978063136,2004.9281043709284,1949.45
cc,kron,15,hand,100,10.165822459642056,10.497953805155111,2060.7783556257664,2523.9681846981184,1349542.3282932322,1305875.15
cc,kron,15,hand,250,23.244454729002527,23.918997940218983,1435.0369066821738,1981.7395196353687,590214.2197417637,573143.45
cc,kron,15,hand,500,44.202109645043166,45.39865092424836,1055.898310972698,1318.7520855558375,310374.50070529495,301969.7
cc,kron,15,hand,750,64.47204535518433,66.0985145812882,876.5370075749147,1033.1252840926793,212793.120423281,207402.8
cc,kron,15,hand,1000,84.21852168412802,86.32151118182999,766.6093819513993,1063.3245023831696,162900.1250183013,158813.45
cc,kron,15,hand,2500,194.7164817728847,198.45936141013243,496.7832728996014,672.7275666622927,70457.35207563435,69077.2
cc,kron,15,hand,5000,356.8629389833498,362.9585493325426,356.032274073505,541.4568651721991,38443.9128094528,37770.2
cc,kron,15,hand,7500,498.51285738824055,505.5888725592339,292.5720445643964,359.422852420523,27520.26855049897,27114.95
cc,kron,15,hand,10000,624.5407784298419,633.4640399050892,254.56120309064798,295.2129071133507,21966.872596682057,21641.35
cc,kron,15,hand,25000,1221.5517728149857,1232.9971353920735,169.24830888598328,198.62513621604404,11230.967050693203,11118.45
cc,kron,15,hand,50000,2063.8379534191204,2063.414586422029,133.83193027186346,200.3003731241762,6647.424856429561,6643.85
cc,kron,15,hand,75000,2877.157336498892,2854.2018696258665,117.79927673068549,163.15343117833336,4768.3202921031,4803.1
cc,kron,15,hand,100000,3684.1621409309932,3680.717670591078,107.02369949013323,135.26678317894215,3723.833855948075,3724.55
cc,kron,15,auto,100,9.68547383525298,10.497953805155111,2916.4998791932285,2523.9681846981184,1416897.5049265134,1305875.15
cc,kron,15,auto,250,22.07914514498524,23.918997940218983,2022.562187195472,1981.7395196353687,621551.4061384712,573143.45
cc,kron,15,auto,500,41.902107367370775,45.39865092424836,1482.6111181441483,1318.7520855558375,327509.1534390785,301969.7
cc,kron,15,auto,750,61.060823637828896,66.0985145812882,1227.8465320291073,1033.1252840926793,224748.4212233749,207402.8
cc,kron,15,auto,1000,79.72391356224095,86.32151118182999,1072.0236747976398,1063.3245023831696,172135.6001983908,158813.45
cc,kron,15,auto,2500,184.30901441161996,198.45936141013243,691.0642437671625,672.7275666622927,74458.23393397612,69077.2
cc,kron,15,auto,5000,338.51317563303087,362.9585493325426,493.57107219721166,541.4568651721991,40539.99873280532,37770.2
cc,kron,15,auto,7500,474.0468788219547,505.5888725592339,404.9095220426164,359.422852420523,28949.2966292797,27114.95
cc,kron,15,auto,10000,595.2810401872325,633.4640399050892,351.94701674095506,295.2129071133507,23053.520580606106,21641.35
cc,kron,15,auto,25000,1174.9287814557197,1232.9971353920735,233.87593548110092,198.62513621604404,11680.13238572467,11118.45
cc,kron,15,auto,50000,1995.958391952615,2063.414586422029,185.60618477592953,200.3003731241762,6875.556006844241,6643.85
cc,kron,15,auto,75000,2788.501591934876,2854.2018696258665,163.75625325344646,163.15343117833336,4921.397122702979,4803.1
cc,kron,15,auto,100000,3574.659287416286,3680.717670591078,148.98170151776665,135.26678317894215,3839.0578255976957,3724.55
cc,kron,16,hand,100,10.052232784626787,10.366103624769787,2917.9655423860977,5168.121762813111,2702150.685640877,2619500.15
cc,kron,16,hand,250,23.05311903463957,23.74137595098475,2033.8248094985302,2246.680462956757,1178263.4562545067,1143742.05
cc,kron,16,hand,500,44.05413885416055,45.145959106461476,1496.7059917624604,1987.1201186112164,616574.2519930267,601471.55
cc,kron,16,hand,750,64.55096577300445,66.05269034352543,1242.4070501596584,1659.9491304824426,420793.82370078395,411096.2
cc,kron,16,hand,1000,84.68870979561234,86.76252163350821,1086.5390060838606,1371.2838500355845,320735.1697381538,312969.35
cc,kron,16,hand,2500,200.42681688385483,204.3008188130634,704.0564404010994,888.8560300213217,135524.01885892064,132911.9
cc,kron,16,hand,5000,379.7416569251056,388.42187400539706,504.6373645745946,576.4034109070337,71529.28106741294,69908.55
cc,kron,16,hand,7500,545.9248444542367,554.673995861497,414.69665767951693,609.9657367426473,49755.28772345136,48954.9
cc,kron,16,hand,10000,700.9874842052403,708.4899260565769,360.56540888682264,385.9854646840583,38749.11938263379,38326.6
cc,kron,16,hand,25000,1460.2450973819434,1483.1529961820595,230.83293622722948,328.9938569255313,18601.430513206702,18308.3
cc,kron,16,hand,50000,2405.5151338916985,2418.5914564628756,169.74989239403882,222.34032709481977,11291.821584700076,11227.2
cc,kron,16,hand,75000,3233.1507385686264,3219.3595428354633,146.7560410726284,171.4306365790398,8401.293322694371,8434.6
cc,kron,16,hand,100000,4027.911775657798,3996.49861283842,133.98700284309317,155.32731992727312,6743.605427347039,6794.45
cc,kron,16,auto,100,9.571185849275127,10.366103624769787,4138.242030996278,5168.121762813111,2838492.5482622953,2619500.15
cc,kron,16,auto,250,21.884890368941086,23.74137595098475,2873.04261175072,2246.680462956757,1241392.5431290842,1143742.05
cc,kron,16,auto,500,41.732483035853505,45.145959106461476,2106.736903049894,1987.1201186112164,650997.4421569988,601471.55
cc,kron,16,auto,750,61.08065903491202,66.05269034352543,1744.8149588584129,1659.9491304824426,444784.6526291186,411096.2
cc,kron,16,auto,1000,80.07906843081673,86.76252163350821,1523.3934022574906,1371.2838500355845,339261.435523219,312969.35
cc,kron,16,auto,2500,189.25140482889017,204.3008188130634,982.0372418020692,888.8560300213217,143553.70167933192,132911.9
cc,kron,16,auto,5000,358.70413123353444,388.42187400539706,701.4429147695058,576.4034109070337,75738.57490231527,69908.55
cc,kron,16,auto,7500,516.2556509214742,554.673995861497,575.4166166297931,609.9657367426473,52624.585634479314,48954.9
cc,kron,16,auto,10000,663.7549525476379,708.4899260565769,499.75256886592757,385.9854646840583,40930.37589689568,38326.6
cc,kron,16,auto,25000,1393.0464977645115,1483.1529961820595,319.0821003027711,328.9938569255313,19502.39260125082,18308.3
cc,kron,16,auto,50000,2312.2730783407674,2418.5914564628756,234.6903235019966,222.34032709481977,11749.364712015722,11227.2
cc,kron,16,auto,75000,3119.7165651393484,3219.3595428354633,203.2790824090689,171.4306365790398,8708.399992095909,8434.6
cc,kron,16,auto,100000,3895.0924680660783,3996.49861283842,185.92386369930648,155.32731992727312,6974.863866245983,6794.45
cc,kron,17,hand,100,9.992250161282556,10.286453491980845,4135.2575110321295,6136.51590674062,5424333.341975094,5268199.0
cc,kron,17,hand,250,22.948254093740303,23.57419239179585,2883.694495411257,3232.618464064656,2361891.9108092715,2298746.15
cc,kron,17,hand,500,43.937858697015685,45.04412452959277,2121.8332429847414,2419.6674472462423,1233589.831606482,1203066.65
cc,kron,17,hand,750,64.50434009748157,66.01430955487157,1761.4339611117587,2574.3558923595306,840273.6254535706,820899.05
cc,kron,17,hand,1000,84.79158692583167,86.66435736921764,1540.6107837307948,1809.023796067048,639229.6414809594,625298.4
cc,kron,17,hand,2500,202.98859006233053,207.71593889923486,998.8050299138717,942.9700712446612,267016.464790251,260890.35
cc,kron,17,hand,5000,391.5156830217313,398.80635722443975,716.195567448873,1021.0269134037201,138439.65404622757,135883.2
cc,kron,17,hand,7500,572.2153846243245,582.1877531375628,588.6979419438554,821.64716463814,94721.84280187721,93081.8
cc,kron,17,hand,10000,746.2026176698672,758.7986325375139,511.9449546285017,694.0828461851085,72636.16399584993,71416.95
cc,kron,17,hand,25000,1674.240708384418,1698.0295230008053,327.0886654130295,379.6297226453556,32373.657766034892,31914.1
cc,kron,17,hand,50000,2897.0934839212723,2931.2283434753213,232.88468837191877,353.5338143583114,18708.852859604125,18487.5
cc,kron,17,hand,75000,3883.7806995971705,3879.3540027632416,192.5479054422178,150.43722243758984,13955.80747306942,13969.1
cc,kron,17,hand,100000,4756.907447474732,4761.937249836336,170.34678927042657,245.10265840642109,11394.229614447187,11380.05
cc,kron,17,auto,100,9.500880119090219,10.286453491980845,5875.883232799529,6136.51590674062,5705406.976168819,5268199.0
cc,kron,17,auto,250,21.75690678762538,23.57419239179585,4083.0203860043443,3232.618464064656,2491456.5402298733,2298746.15
cc,kron,17,auto,500,41.569807975022,45.04412452959277,2994.301986808843,2419.6674472462423,1303984.55878776,1203066.65
cc,kron,17,auto,750,60.95737828544733,66.01430955487157,2480.3345976189808,2574.3558923595306,889250.6409538605,820899.05
cc,kron,17,auto,1000,80.06740072406919,86.66435736921764,2165.946714393914,1809.023796067048,677009.4597926157,625298.4
cc,kron,17,auto,2500,191.29833576166817,207.71593889923486,1397.1605437836533,942.9700712446612,283360.4772115467,260890.35
cc,kron,17,auto,5000,368.7301852690982,398.80635722443975,998.3725823912599,1021.0269134037201,147008.27292357775,135883.2
cc,kron,17,auto,7500,539.0110429089945,582.1877531375628,819.1805204279408,821.64716463814,100566.37693108093,93081.8
cc,kron,17,auto,10000,703.2330125272655,758.7986325375139,711.5711807213702,694.0828461851085,77081.68806864611,71416.95
cc,kron,17,auto,25000,1584.3584469247758,1698.0295230008053,453.3459730315336,379.6297226453556,34213.462121791345,31914.1
cc,kron,17,auto,50000,2759.3500202305527,2931.2283434753213,322.34694623343705,353.5338143583114,19644.6218543423,18487.5
cc,kron,17,auto,75000,3716.7367123849504,3879.3540027632416,266.4767975586958,150.43722243758984,14584.40344471371,13969.1
cc,kron,17,auto,100000,4567.506740869914,4761.937249836336,235.876708787574,245.10265840642109,11867.82872724934,11380.05
cc,kron,18,hand,100,9.944006563153241,10.26108703206018,5864.077298249033,7382.227248245269,10913401.456644693,10575525.25
cc,kron,18,hand,250,22.869296260115767,23.525427201151597,4093.1713398476268,4934.472728191266,4745355.2779613,4612727.5
cc,kron,18,hand,500,43.87078118014288,45.016576354993994,3011.098504944888,3850.940594260884,2473695.08342198,2410587.25
cc,kron,18,hand,750,64.49222355127598,66.11429960359038,2498.7024981911004,3541.3687106452367,1682729.0134432625,1641345.15
cc,kron,18,hand,1000,84.87036403935414,86.94180621690677,2184.8802794541434,2179.681369157562,1278690.5881643114,1248149.65
cc,kron,18,hand,2500,204.3308046316196,208.88178498626593,1415.9186576903835,2261.9761039270193,531113.9253175894,519511.0
cc,kron,18,hand,5000,397.5887943630981,407.2111076421046,1015.4660402408579,1017.2734249220516,272952.7020122513,266486.8
cc,kron,18,hand,7500,586.025236180286,597.9542857205831,834.8561535059416,1094.4901432558454,185184.74804695055,181479.4
cc,kron,18,hand,10000,770.5035481706394,787.9502119701698,726.1343765072165,1000.4000397209506,140846.76958186695,137719.85
cc,kron,18,hand,25000,1808.3666458296404,1839.9374854819484,464.2314991419768,489.9903436212848,60011.57782990016,58978.3
cc,kron,18,hand,50000,3322.210420912751,3380.5674757515953,330.08748242487076,318.46894833347733,32665.882638880274,32100.05
cc,kron,18,hand,75000,4621.997580646066,4691.352786177946,270.2170576079208,282.32013836479234,23479.660864736226,23131.15
cc,kron,18,hand,100000,5759.063950622968,5845.339247815736,234.62181445828372,321.26123162835626,18843.84973698058,18564.6
cc,kron,18,auto,100,9.443083349040796,10.26108703206018,8341.634476165762,7382.227248245269,11493198.11121071,10575525.25
cc,kron,18,auto,250,21.64682817283929,23.525427201151597,5803.516146805093,4934.472728191266,5013724.26688254,4612727.5
cc,kron,18,auto,500,41.43186647790667,45.016576354993994,4256.026171866811,3850.940594260884,2619510.945013175,2410587.25
cc,kron,18,auto,750,60.830883862417416,66.11429960359038,3524.5432064027887,3541.3687106452367,1784146.8152372814,1641345.15
cc,kron,18,auto,1000,79.98421458804955,86.94180621690677,3077.192912848379,2179.681369157562,1356908.0883044219,1248149.65
cc,kron,18,auto,2500,192.1032482421337,208.88178498626593,1984.41276477132,2261.9761039270193,564963.0014293375,519511.0
cc,kron,18,auto,5000,373.30136414831856,407.2111076421046,1418.2544769978663,1017.2734249220516,290733.54167567356,266486.8
cc,kron,18,auto,7500,549.9877240894799,597.9542857205831,1163.8903001112121,1094.4901432558454,197333.90939020948,181479.4
cc,kron,18,auto,10000,723.0545830521496,787.9502119701698,1011.1344907259218,1000.4000397209506,150101.0162373499,137719.85
cc,kron,18,auto,25000,1699.5324902062878,1839.9374854819484,644.4948068555559,489.9903436212848,63859.460373145055,58978.3
cc,kron,18,auto,50000,3134.0810544794645,3380.5674757515953,457.5277266498456,318.46894833347733,34629.362107939094,32100.05
cc,kron,18,auto,75000,4376.077774711037,4691.352786177946,374.27469604396816,282.32013836479234,24801.028066364186,23131.15
cc,kron,18,auto,100000,5470.146429634711,5845.339247815736,324.84803082738273,321.26123162835626,19840.64395849245,18564.6
bc,uniform,10,hand,100,15.557042523069883,15.658771168958024,395.5030227510933,437.4839876769023,58399.51326569327,58047.85
bc,uniform,10,hand,250,33.02150497767985,33.17262055739147,286.51134722789556,401.58990276151104,27513.092205066678,27400.85
bc,uniform,10,hand,500,59.96598334153669,60.44407500997473,217.00900599446587,338.7506457558419,15150.651428935478,15038.0
bc,uniform,10,hand,750,85.08963603747846,86.25649444621057,182.03300049547857,233.41656347668032,10677.254640045785,10537.85
bc,uniform,10,hand,1000,108.90442859337925,109.8671018040069,159.92853907943143,222.3595653795656,8342.394546627344,8273.25
bc,uniform,10,hand,2500,235.94370848523832,238.65621676972154,103.96793139825277,158.5620499495719,3850.5951993113445,3808.65
bc,uniform,10,hand,5000,421.51245073329164,419.5610330263796,74.22961752484156,92.1169022721158,2155.3899763113627,2166.45
bc,uniform,10,hand,7500,596.3052573160805,599.6951903410965,60.807013440905315,103.20755786278448,1523.5882965214196,1515.7
bc,uniform,10,hand,10000,766.9017718806479,784.4636230258047,52.7472711496135,70.92553545055098,1184.6676386899346,1158.7
bc,uniform,10,hand,25000,1758.8818792238537,1781.9211919231523,33.46001315609495,56.46601213398898,516.5348065339558,510.1
bc,uniform,10,hand,50000,3357.577247792532,3351.615044247788,23.683474054647483,57.58892437375711,270.589071866713,271.2
bc,uniform,10,hand,75000,4923.192139664847,4856.8421052631575,19.343933777115637,24.26666546173122,184.5395599902024,187.15
bc,uniform,10,hand,100000,6472.920330119972,6763.080357142857,16.75513706349272,21.23899095630734,140.35762296863228,134.4
bc,uniform,10,auto,100,15.669705310721115,15.658771168958024,505.0623244655818,437.4839876769023,58574.59939422019,58047.85
bc,uniform,10,auto,250,32.553731207279306,33.17262055739147,369.2459173750367,401.58990276151104,28194.823670342746,27400.85
bc,uniform,10,auto,500,58.32391182305864,60.44407500997473,284.1918238255388,338.7506457558419,15737.0567664513,15038.0
bc,uniform,10,auto,750,82.34063790012978,86.25649444621057,240.64455141681415,233.41656347668032,11146.946812753891,10537.85
bc,uniform,10,auto,1000,105.14221420189634,109.8671018040069,212.67684962298128,222.3595653795656,8729.573731807712,8273.25
bc,uniform,10,auto,2500,227.32803576475706,238.65621676972154,140.1151661155344,158.5620499495719,4037.5429634679,3808.65
bc,uniform,10,auto,5000,406.4864922201342,419.5610330263796,100.57922436536508,92.1169022721158,2258.000520971582,2166.45
bc,uniform,10,auto,7500,575.1497412897941,599.6951903410965,82.55140553312803,103.20755786278448,1595.8395619594116,1515.7
bc,uniform,10,auto,10000,739.4514250248536,784.4636230258047,71.68342049514442,70.92553545055098,1241.25355654041,1158.7
bc,uniform,10,auto,25000,1689.8538329414043,1781.9211919231523,45.64067139047072,56.46601213398898,543.1515396827817,510.1
bc,uniform,10,auto,50000,3215.1629772927013,3351.615044247788,32.49647074816285,57.58892437375711,285.4743966894762,271.2
bc,uniform,10,auto,75000,4707.749174278023,4856.8421052631575,26.657666544018397,24.26666546173122,194.96508357239196,187.15
bc,uniform,10,auto,100000,6185.180236342911,6763.080357142857,23.1599752857464,21.23899095630734,148.39449718989368,134.4
bc,uniform,11,hand,100,13.03621789073743,13.143198005015002,535.5830177125756,733.6510338530742,102696.94189080804,101674.95
bc,uniform,11,hand,250,27.924989188133488,28.03945945208727,383.8422768183605,596.9951489708582,47941.995686425485,47659.05
bc,uniform,11,hand,500,51.062556542405105,51.22349865648586,290.63169625789544,293.259917048627,26218.423084421538,26088.3
bc,uniform,11,hand,750,73.1235413939503,73.29426379888605,244.68336086252492,276.4937374374065,18308.46380905363,18232.45
bc,uniform,11,hand,1000,94.46305850258744,94.43122235255876,215.65640012563813,246.17439261415316,14172.521326570251,14151.4
bc,uniform,11,hand,2500,213.55538368122893,211.76189080191108,141.44712110677068,234.31411103810836,6269.004733682346,6310.55
bc,uniform,11,hand,5000,396.0274352094677,390.31296093464766,101.40118865670254,133.88757066638922,3380.5226410459763,3423.75
bc,uniform,11,hand,7500,571.1499082438185,548.2958252128424,83.19028154120183,164.2417585851963,2344.0075746794337,2437.25
bc,uniform,11,hand,10000,743.199089310925,712.6924615343592,72.22005968495579,141.72080596054087,1801.3742622347072,1875.05
bc,uniform,11,hand,25000,1751.7970663101478,1712.6997757129125,45.87915172800657,74.38298829281074,764.232191586482,780.25
bc,uniform,11,hand,50000,3392.676819766056,3214.6596102958865,32.49012438437438,47.00291144397894,394.6086769600679,415.7
bc,uniform,11,hand,75000,5009.32679676134,4887.834674469642,26.541391912550626,44.50476024214182,267.2574111288826,273.4
bc,uniform,11,hand,100000,6614.1869181327165,6070.106745400863,22.991297502848717,42.07796648078297,202.4103231087596,220.15
bc,uniform,11,auto,100,13.315864850148976,13.143198005015002,700.6696498691815,733.6510338530742,101800.57596377663,101674.95
bc,uniform,11,auto,250,27.869255978715938,28.03945945208727,500.254438093273,596.9951489708582,48640.07536606763,47659.05
bc,uniform,11,auto,500,49.93648317878272,51.22349865648586,383.0890674401797,293.259917048627,27145.73844433107,26088.3
bc,uniform,11,auto,750,70.80307200575173,73.29426379888605,325.8165062863165,276.4937374374065,19145.53525432984,18232.45
bc,uniform,11,auto,1000,90.95014895152691,94.43122235255876,289.3339664421391,246.17439261415316,14904.458396472106,14151.4
bc,uniform,11,auto,2500,203.5386547906685,211.76189080191108,193.66193369232207,234.31411103810836,6659.976762620923,6310.55
bc,uniform,11,auto,5000,376.6254290093323,390.31296093464766,140.1715286393772,133.88757066638922,3599.233102147717,3423.75
bc,uniform,11,auto,7500,542.8583736430364,548.2958252128424,115.41513889488189,164.2417585851963,2497.0835433632674,2437.25
bc,uniform,11,auto,10000,706.0383520377575,712.6924615343592,100.38609962106614,141.72080596054087,1919.9561996718294,1875.05
bc,uniform,11,auto,25000,1658.0375121073182,1712.6997757129125,64.01353555632278,74.38298829281074,817.5705925242262,780.25
bc,uniform,11,auto,50000,3194.7051365860034,3214.6596102958865,45.474915677839164,47.00291144397894,424.31543859148934,415.7
bc,uniform,11,auto,75000,4702.43276491848,4887.834674469642,37.26592568780049,44.50476024214182,288.2683876553998,273.4
bc,uniform,11,auto,100000,6196.793239439908,6070.106745400863,32.37108482963142,42.07796648078297,218.75228990591518,220.15
bc,uniform,12,hand,100,11.616224104479008,11.930423864171429,742.6148878070775,899.5232596975162,189296.25422370379,184132.1
bc,uniform,12,hand,250,25.443139946866353,26.142159193210667,527.3983257500987,737.4678779802048,86424.38456075062,84031.85
bc,uniform,12,hand,500,46.87211510971633,48.078290101462855,394.3103811291909,644.802164682275,46912.91839623325,45691.6
bc,uniform,12,hand,750,67.33903819358414,68.86017939342265,330.9685756070729,481.352095117165,32654.278560968203,31901.95
bc,uniform,12,hand,1000,87.27612791256023,88.80321616328214,291.82054246768735,432.68080796234455,25194.83579065291,24737.55
bc,uniform,12,hand,2500,201.34193796328432,204.05874375313505,192.98409381268314,308.69545544197126,10921.260287074198,10765.4
bc,uniform,12,hand,5000,381.94874186282846,384.501776556456,139.22365988951523,188.20400465564234,5757.075414037313,5713.3
bc,uniform,12,hand,7500,558.032958647076,555.1685009919256,114.52456579842982,178.56783319688793,3940.462076885422,3956.95
bc,uniform,12,hand,10000,732.144442046363,731.8920539730135,99.56636961790616,144.7576922781108,3003.3796405733397,3001.5
bc,uniform,12,hand,25000,1761.2609862211546,1665.35819877189,63.4296584364801,92.23648096633254,1248.4848800965071,1319.1
bc,uniform,12,hand,50000,3450.2216763560914,3311.137237169342,44.9637626809605,68.4793284214487,637.323603370124,663.45
bc,uniform,12,hand,75000,5123.280353457047,4542.07381370826,36.74369336504024,67.81575271122097,429.1991769915953,483.65
bc,uniform,12,hand,100000,6788.507519908081,6093.686546463246,31.834431471385912,46.539739668599914,323.9162223437808,360.5
bc,uniform,12,auto,100,11.78016888558731,11.930423864171429,982.4028770710825,899.5232596975162,189372.72740888668,184132.1
bc,uniform,12,auto,250,25.1244415586346,26.142159193210667,693.741526912854,737.4678779802048,88791.7331812015,84031.85
bc,uniform,12,auto,500,45.31793080617356,48.078290101462855,523.0744920237679,644.802164682275,49226.49096099223,45691.6
bc,uniform,12,auto,750,64.44411198475075,68.86017939342265,443.0543510863523,481.352095117165,34616.70341161428,31901.95
bc,uniform,12,auto,1000,83.03497077307436,88.80321616328214,393.45723816492824,432.68080796234455,26866.30332294121,24737.55
bc,uniform,12,auto,2500,189.42267462648388,204.05874375313505,265.51323383532963,308.69545544197126,11777.062675310106,10765.4
bc,uniform,12,auto,5000,358.2542450900296,384.501776556456,193.42280302947532,188.20400465564234,6226.981931896888,5713.3
bc,uniform,12,auto,7500,522.9908581413033,555.1685009919256,159.69509791986425,178.56783319688793,4265.548195487268,3956.95
bc,uniform,12,auto,10000,685.836594858231,731.8920539730135,139.1052339814476,144.7576922781108,3252.732105469103,3001.5
bc,uniform,12,auto,25000,1645.599808000818,1665.35819877189,88.94084884330167,92.23648096633254,1355.6410862195878,1319.1
bc,uniform,12,auto,50000,3209.334581614029,3311.137237169342,63.141992901023194,68.4793284214487,695.1106699754082,663.45
bc,uniform,12,auto,75000,4747.743839903439,4542.07381370826,51.662801469697165,67.81575271122097,469.87427848389257,483.65
bc,uniform,12,auto,100000,6272.574557791495,6093.686546463246,44.82541818887485,46.539739668599914,355.6502502516972,360.5
bc,uniform,13,hand,100,10.728196008258726,11.205736838543173,1038.8694867723539,1396.8610025791136,365321.78459303704,349439.85
bc,uniform,13,hand,250,23.879960032695507,25.054080157449736,739.5611118953831,784.1578301793433,164122.70815507643,156291.15
bc,uniform,13,hand,500,44.60587645997719,46.849927554698894,549.7127022389853,693.2090973375775,87863.84266471105,83580.3
bc,uniform,13,hand,750,64.36887110493116,67.4156063388108,458.3879918506895,466.1502440201021,60887.25254808343,58083.45
bc,uniform,13,hand,1000,83.56192058192825,87.75229116220386,402.5639903748702,520.0982169390298,46902.26940581569,44622.55
bc,uniform,13,hand,2500,193.73855181363257,201.92507219471946,266.0577809014814,283.52387813671805,20229.549950239656,19392.0
bc,uniform,13,hand,5000,370.73803522536747,382.9996527726835,193.27528863922018,252.56146203501243,10571.463779858761,10223.85
bc,uniform,13,hand,7500,544.974237893746,555.210203184596,159.6218093422975,191.2832289674413,7191.612811549289,7052.7
bc,uniform,13,hand,10000,718.036304889884,728.210034962434,139.10601789149192,196.5000602651574,5458.280708803461,5377.2
bc,uniform,13,hand,25000,1747.2903579017989,1721.6923516609143,89.06968466462695,120.16404357552655,2243.040885263812,2274.35
bc,uniform,13,hand,50000,3447.5975825081023,3279.6440386950876,63.261376898016366,87.69413051234267,1136.8042868709035,1193.95
bc,uniform,13,hand,75000,5138.753425232074,4802.220995830267,51.73096309616642,75.47979862188292,762.6837458199261,815.4
bc,uniform,13,hand,100000,6825.36651654644,6247.676106900678,44.83457818264436,51.003482853212056,574.2173261611258,626.75
bc,uniform,13,auto,100,11.010945477844519,11.205736838543173,1379.983045694817,1396.8610025791136,361617.51224840624,349439.85
bc,uniform,13,auto,250,24.163970568714756,25.054080157449736,975.2284795439657,784.1578301793433,164780.48174566854,156291.15
bc,uniform,13,auto,500,44.64951540682012,46.849927554698894,726.3256737702732,693.2090973375775,89177.9154806408,83580.3
bc,uniform,13,auto,750,64.10537166230206,67.4156063388108,607.8540800185018,466.1502440201021,62112.590691717196,58083.45
bc,uniform,13,auto,1000,82.98224878661473,87.75229116220386,535.5638844965589,520.0982169390298,47983.16229582876,44622.55
bc,uniform,13,auto,2500,191.3368277214849,201.92507219471946,357.77290991560153,283.52387813671805,20810.16372340467,19392.0
bc,uniform,13,auto,5000,365.4664022404793,382.9996527726835,261.41388803277636,252.56146203501243,10894.98429073367,10223.85
bc,uniform,13,auto,7500,536.8454664754202,555.210203184596,216.38477989354237,191.2832289674413,7416.940180835599,7052.7
bc,uniform,13,auto,10000,706.9909530651778,728.210034962434,188.79894938457178,196.5000602651574,5631.968406297124,5377.2
bc,uniform,13,auto,25000,1716.7848836697112,1721.6923516609143,121.16183447292056,120.16404357552655,2319.306716336987,2274.35
bc,uniform,13,auto,50000,3376.4611028167205,3279.6440386950876,86.12273293436465,87.69413051234267,1179.267460797729,1193.95
bc,uniform,13,auto,75000,5016.9910708708085,4802.220995830267,70.44875392421663,75.47979862188292,793.6531388942365,815.4
bc,uniform,13,auto,100000,6644.370519285741,6247.676106900678,61.07812690050135,51.003482853212056,599.2668078403619,626.75
bc,uniform,14,hand,100,10.299045173763691,10.850690271299605,1462.5202770423596,2303.454542980809,727319.8228398067,689344.9
bc,uniform,14,hand,250,23.016841652349118,24.455509558987124,1047.6323456413895,1455.3069589391926,325444.29093886854,305856.15
bc,uniform,14,hand,500,43.52486221299767,46.366420201238775,780.9773604612449,993.3071078605614,172101.62951335098,161320.8
bc,uniform,14,hand,750,63.35824135294592,67.63678945643206,650.2142798875431,832.5734913033548,118227.70883858639,110588.75
bc,uniform,14,hand,1000,82.65637719413799,87.77925709038313,569.1746889447978,781.9043470238131,90624.58294787466,85212.25
bc,uniform,14,hand,2500,192.57445503342083,205.05176414793047,371.5418191690807,670.2040125372673,38897.68095099104,36477.95
bc,uniform,14,hand,5000,368.2706229709708,389.5429819833191,270.0851348930074,429.3400412873599,20340.204306199666,19201.65
bc,uniform,14,hand,7500,541.4210023239757,567.6371308016877,223.84422133983657,402.2893172044744,13835.258844869646,13177.2
bc,uniform,14,hand,10000,713.6396949995998,739.5668316219837,195.62932474490566,217.7188614511362,10496.472889172981,10113.85
bc,uniform,14,hand,25000,1740.7644757317337,1787.2401228151919,126.20877903388936,166.87066375205873,4303.109246328251,4185.15
bc,uniform,14,hand,50000,3443.8857271436555,3395.5412306784397,89.93955158047201,70.88558238085996,2175.0720856274547,2202.85
bc,uniform,14,hand,75000,5142.050517839386,4974.308705193855,73.63643954177986,96.55328498868008,1456.7534265199045,1503.7
bc,uniform,14,hand,100000,6837.776536923029,6602.699386503068,63.86007145644781,111.48201412642415,1095.487644375661,1132.85
bc,uniform,14,auto,100,10.408020522565385,10.850690271299605,1934.0520468512548,2303.454542980809,718504.6085360459,689344.9
bc,uniform,14,auto,250,22.871429101687077,24.455509558987124,1378.5514833087964,1455.3069589391926,326967.35643201915,305856.15
bc,uniform,14,auto,500,42.74304268354828,46.366420201238775,1032.0638449007265,993.3071078605614,174957.37883160394,161320.8
bc,uniform,14,auto,750,61.890858378416475,67.63678945643206,862.7397339993162,832.5734913033548,120829.0029761308,110588.75
bc,uniform,14,auto,1000,80.50717622614796,87.77925709038313,757.5236055911382,781.9043470238131,92888.74683909386,85212.25
bc,uniform,14,auto,2500,186.58820138727702,205.05176414793047,499.14651434224555,670.2040125372673,40078.69016154681,36477.95
bc,uniform,14,auto,5000,356.30171873979384,389.5429819833191,364.93981806730335,429.3400412873599,20988.42166030159,19201.65
bc,uniform,14,auto,7500,523.5812591948903,567.6371308016877,303.2187973355491,402.2893172044744,14282.80821720052,13177.2
bc,uniform,14,auto,10000,689.9332393561084,739.5668316219837,265.3685803920514,217.7188614511362,10839.035264020817,10113.85
bc,uniform,14,auto,25000,1681.0444982341494,1787.2401228151919,171.67458887210302,166.87066375205873,4448.5501240784815,4185.15
bc,uniform,14,auto,50000,3320.0956653748226,3395.5412306784397,122.46181887948178,70.88558238085996,2252.408202929514,2202.85
bc,uniform,14,auto,75000,4948.803863241863,4974.308705193855,100.29773787854563,96.55328498868008,1511.1147901307504,1503.7
bc,uniform,14,auto,100000,6569.601896823222,6602.699386503068,86.99691677583057,111.48201412642415,1138.3050036589152,1132.85
bc,uniform,15,hand,100,9.93457021335066,10.324117660714109,2126.18293950204,2695.1839557370345,1492849.2519254081,1436634.15
bc,uniform,15,hand,250,22.58527904780928,23.616012544272124,1510.0700186942504,1940.7521439407174,656658.5110507868,628047.6
bc,uniform,15,hand,500,43.30501757699944,45.41671623409422,1118.9477599181635,1741.6500728664678,342473.37932217016,326575.35
bc,uniform,15,hand,750,63.65985926718673,66.76341493167229,929.0816796892643,1542.292111726809,232969.6590901116,222157.3
bc,uniform,15,hand,1000,83.68132298327242,87.74434840327197,811.6006194750605,1113.6964104893405,177229.69932210082,169036.3
bc,uniform,15,hand,2500,198.41884588857312,207.74579679066485,522.7680348849004,792.6950216624475,74744.99533945267,71394.85
bc,uniform,15,hand,5000,379.4687948287146,397.69992277660987,375.96559896657766,598.0712332155751,39083.09698534063,37294.4
bc,uniform,15,hand,7500,556.2393593269043,580.8319708643764,311.17249973858793,308.6600710712095,26662.650642247772,25535.75
bc,uniform,15,hand,10000,731.4502791492422,759.0728571721019,272.25205772617915,378.7168641054892,20275.904096244052,19539.6
bc,uniform,15,hand,25000,1774.0474489537175,1822.5023807329585,177.04095073911674,195.13797412950768,8359.875447495931,8138.25
bc,uniform,15,hand,50000,3503.6499711696356,3468.819869965854,126.82457169869251,141.7542721903313,4232.961578136743,4275.8
bc,uniform,15,hand,75000,5230.042471245216,5115.093200903557,104.05593318028153,152.2796164263207,2835.69699342612,2899.65
bc,uniform,15,hand,100000,6955.003779425593,6775.997076156974,90.34376841502987,124.30010373878889,2132.395061390727,2188.9
bc,uniform,15,auto,100,9.918665668554823,10.324117660714109,2829.4784200094064,2695.1839557370345,1495500.2221949315,1436634.15
bc,uniform,15,auto,250,21.811857747232214,23.616012544272124,1998.9168267052155,1940.7521439407174,680059.758462492,628047.6
bc,uniform,15,auto,500,40.672064722888116,45.41671623409422,1497.9989902850275,1741.6500728664678,364706.50831880514,326575.35
bc,uniform,15,auto,750,59.001217362472296,66.76341493167229,1257.2275298488937,1542.292111726809,251407.80774187436,222157.3
bc,uniform,15,auto,1000,76.98299329618648,87.74434840327197,1107.022979272208,1113.6964104893405,192683.68344850757,169036.3
bc,uniform,15,auto,2500,180.1680721939753,207.74579679066485,728.1959224271064,792.6950216624475,82330.71781570071,71394.85
bc,uniform,15,auto,5000,343.74176714769476,397.69992277660987,528.7723597910211,598.0712332155751,43152.645761629414,37294.4
bc,uniform,15,auto,7500,503.81120098228337,580.8319708643764,439.17544666074866,308.6600710712095,29442.312283411487,25535.75
bc,uniform,15,auto,10000,662.5844393595952,759.0728571721019,384.92018006652376,378.7168641054892,22387.134122162308,19539.6
bc,uniform,15,auto,25000,1607.5801573925082,1822.5023807329585,251.07549025945752,195.13797412950768,9227.139712436277,8138.25
bc,uniform,15,auto,50000,3173.8365116975747,3468.819869965854,180.03195352800003,141.7542721903313,4673.639192356232,4275.8
bc,uniform,15,auto,75000,4734.814889647945,5115.093200903557,147.7565219095174,152.2796164263207,3132.8292777891265,2899.65
bc,uniform,15,auto,100000,6291.990096182354,6775.997076156974,128.30505458442096,124.30010373878889,2357.500009448692,2188.9
bc,uniform,16,hand,100,9.903895290375107,10.17770850252381,3001.580411528645,4887.936412068082,2940044.7861659634,2861050.5
bc,uniform,16,hand,250,22.657084232664953,23.374577213371033,2123.9554268215716,3093.553084110642,1285156.3516377541,1245752.5
bc,uniform,16,hand,500,43.691971083851165,45.139817623525154,1570.9297360752792,2095.885508122496,666435.8459662887,645083.2
bc,uniform,16,hand,750,64.52924981928038,66.64910655010429,1303.4792164613127,1797.6573139564475,451235.614744447,436899.15
bc,uniform,16,hand,1000,85.18647857013622,88.00747969966352,1138.2364658598162,1453.6082473768968,341813.58591114276,330868.9
bc,uniform,16,hand,2500,205.72391941371373,212.38599791326064,731.0655710438101,1233.0861273116302,141538.69804825404,137103.85
bc,uniform,16,hand,5000,396.73608206276384,410.86573498899077,520.823160679817,695.1181857103629,73393.61612840273,70872.15
bc,uniform,16,hand,7500,580.900145262589,597.7449904700126,428.2515658978979,732.0640808160517,50125.47500403632,48714.65
bc,uniform,16,hand,10000,761.7400131108257,783.6181767295666,373.5751341937133,528.2416113863051,38225.50372834965,37159.6
bc,uniform,16,hand,25000,1825.8985055503342,1861.312938258663,243.53522662666845,378.6737381968811,15947.160054454784,15644.3
bc,uniform,16,hand,50000,3582.8368835182496,3558.7499923616074,175.6615107568456,224.85838233266534,8127.05033967608,8182.35
bc,uniform,16,hand,75000,5335.575298531421,5257.169835165828,144.63273021857864,232.90226095487938,5457.311364196372,5538.9
bc,uniform,16,hand,100000,7086.897197009634,6947.803202023335,125.82955942104384,140.0758816912423,4108.694524803814,4191.1
bc,uniform,16,auto,100,9.869737652687071,10.17770850252381,4008.225705964215,4887.936412068082,2959091.288839849,2861050.5
bc,uniform,16,auto,250,21.80478982366601,23.374577213371033,2824.413592560564,3093.553084110642,1339405.4676694288,1245752.5
bc,uniform,16,auto,500,40.78175852332342,45.139817623525154,2112.201120559182,2095.885508122496,716140.1511045223,645083.2
bc,uniform,16,auto,750,59.31123328951322,66.64910655010429,1772.0185763213624,1797.6573139564475,492410.1741172995,436899.15
bc,uniform,16,auto,1000,77.59562813202396,88.00747969966352,1560.5755704005398,1453.6082473768968,376380.15715923806,330868.9
bc,uniform,16,auto,2500,184.123304237312,212.38599791326064,1026.1492019225968,1233.0861273116302,158619.00171832016,137103.85
bc,uniform,16,auto,5000,353.64603616549323,410.86573498899077,739.2466219124981,695.1181857103629,82583.8599178697,70872.15
bc,uniform,16,auto,7500,517.7587536691644,597.7449904700126,610.3551771494266,732.0640808160517,56407.45714916984,48714.65
bc,uniform,16,auto,10000,679.2370406681777,783.6181767295666,533.5201969590653,528.2416113863051,42997.44119147425,37159.6
bc,uniform,16,auto,25000,1631.2580784528443,1861.312938258663,348.94159402212887,378.6737381968811,17903.638361687495,15644.3
bc,uniform,16,auto,50000,3203.5648317483715,3558.7499923616074,251.88571206445772,224.85838233266534,9116.548671581546,8182.35
bc,uniform,16,auto,75000,4771.147701222092,5257.169835165828,207.4334544207676,232.90226095487938,6121.264010275814,5538.9
bc,uniform,16,auto,100000,6336.246232373515,6947.803202023335,180.48103194698723,140.0758816912423,4609.267638934671,4191.1
bc,uniform,17,hand,100,10.008475437777044,10.293858717514635,4225.552075574675,6697.619980065183,5764273.696815376,5604579.35
bc,uniform,17,hand,250,23.01986743604694,23.736051388386926,2979.1051771251905,3620.542897281098,2506165.2449336606,2430595.85
bc,uniform,17,hand,500,44.56736680405719,46.00450526042321,2198.8776079657637,2819.474573577994,1294480.5997815654,1254067.35
bc,uniform,17,hand,750,66.00611391760063,68.05918236137245,1823.0009758140188,2500.6455587560636,874034.0596815142,847685.0
bc,uniform,17,hand,1000,87.34781204982532,90.09727277816911,1591.1853945695975,2143.4421032535092,660481.2456927059,640338.45
bc,uniform,17,hand,2500,213.53063511510896,219.9184979470105,1021.0156263697309,1298.5157711382449,270179.46010463976,262336.95
bc,uniform,17,hand,5000,417.41014829498175,431.70124015595576,725.5965790934371,1209.6705282191908,138213.1985694574,133640.45
bc,uniform,17,hand,7500,614.6301666966273,631.588634135581,593.8293943412001,605.2736201612927,93863.91172641014,91345.45
bc,uniform,17,hand,10000,807.009690263786,829.9144519646414,515.5323561235871,698.8039029204431,71488.10281614267,69516.5
bc,uniform,17,hand,25000,1917.158998790136,1964.5133642859696,332.57819563239354,437.845860284668,30092.231133468056,29367.45
bc,uniform,17,hand,50000,3723.269347332415,3772.925562004414,240.76010064332314,317.96886226236194,15494.874619408041,15291.25
bc,uniform,17,hand,75000,5518.166342563232,5519.622284090583,199.06198096832168,282.3777052478693,10454.848246637446,10452.3
bc,uniform,17,hand,100000,7309.734474044847,7249.927491611898,173.69306236724753,275.7046665508126,7892.433290983453,7957.7
bc,uniform,17,auto,100,9.909451161902627,10.293858717514635,5676.203994406247,6697.619980065183,5852299.361861553,5604579.35
bc,uniform,17,auto,250,22.024468454328883,23.736051388386926,3985.026553239742,3620.542897281098,2633120.2876227647,2430595.85
bc,uniform,17,auto,500,41.39056448146012,46.00450526042321,2968.905510364724,2819.474573577994,1401118.2364323044,1254067.35
bc,uniform,17,auto,750,60.359668297728945,68.05918236137245,2485.4946133180297,2500.6455587560636,960791.8059646293,847685.0
bc,uniform,17,auto,1000,79.1329122471305,90.09727277816911,2186.365846806482,2143.4421032535092,732856.5708549909,640338.45
bc,uniform,17,auto,2500,189.685372051534,219.9184979470105,1435.1829219712936,1298.5157711382449,305732.98343451245,262336.95
bc,uniform,17,auto,5000,368.58777000453375,431.70124015595576,1031.6607357074272,1209.6705282191908,157338.57558672564,133640.45
bc,uniform,17,auto,7500,542.3084200743277,631.588634135581,848.0330127913193,605.2736201612927,106937.44106582848,91345.45
bc,uniform,17,auto,10000,712.2826892679659,829.9144519646414,737.9070683333641,698.8039029204431,81418.62154589519,69516.5
bc,uniform,17,auto,25000,1697.6945848079092,1964.5133642859696,477.8582976564214,437.845860284668,34159.89850598644,29367.45
bc,uniform,17,auto,50000,3304.8298790672857,3772.925562004414,346.1756330869637,317.96886226236194,17547.97579098632,15291.25
bc,uniform,17,auto,75000,4902.353069136805,5519.622284090583,286.2380651006884,282.3777052478693,11829.640561040263,10452.3
bc,uniform,17,auto,100000,6496.514670569697,7249.927491611898,249.75568587443504,275.7046665508126,8926.798083581547,7957.7
bc,uniform,18,hand,100,10.010480060129693,10.464549351780455,5960.425420244576,9332.085540023374,11471857.395589594,10974214.0
bc,uniform,18,hand,250,23.043221516701735,24.193577092810223,4204.572530476083,4571.466350031815,4983626.07971137,4746722.8
bc,uniform,18,hand,500,44.67305845442659,46.96394578888247,3103.368255832133,3980.8550840239595,2570650.044665159,2445284.4
bc,uniform,18,hand,750,66.24410287012797,69.66950813287232,2572.713000199103,3832.633488937634,1733570.1554649058,1648356.75
bc,uniform,18,hand,1000,87.76490488194558,92.35723447834842,2245.4556481940376,3601.312732514192,1308482.0164241395,1243434.85
bc,uniform,18,hand,2500,215.92896387830754,227.35096996177168,1440.6720679163795,2094.754828010594,531836.0151809991,505123.0
bc,uniform,18,hand,5000,426.1492462693855,448.741001213482,1023.6915865774566,1139.664376957207,269480.23659909726,255916.45
bc,uniform,18,hand,7500,632.4165527406202,664.6185525126721,837.2193298154191,1215.5439014349877,181587.27695146372,172791.15
bc,uniform,18,hand,10000,835.0057832532691,877.7661182421625,725.7036973312897,1100.482299769183,137530.54411644564,130832.35
bc,uniform,18,hand,25000,1996.1634026888735,2084.1215590232378,461.84141820063047,622.6477820777291,57529.75911516599,55102.45
bc,uniform,18,hand,50000,3844.6343871188747,4005.203686427008,331.9856240834597,512.0881785704289,29869.888303542917,28672.75
bc,uniform,18,hand,75000,5662.192500924057,5844.374417930045,274.76824168213295,265.7814891974234,20281.684116613756,19649.7
bc,uniform,18,hand,100000,7469.526178158001,7715.862977159501,240.2947470255501,392.03668934102797,15374.308486528449,14883.65
bc,uniform,18,auto,100,10.306471608436015,10.464549351780455,7990.24656377219,9332.085540023374,11223570.500744287,10974214.0
bc,uniform,18,auto,250,23.438942835227913,24.193577092810223,5578.44679633399,4571.466350031815,4935180.375854873,4746722.8
bc,uniform,18,auto,500,44.877256433760664,46.96394578888247,4118.610148816554,3980.8550840239595,2577595.4214567277,2445284.4
bc,uniform,18,auto,750,66.09219522627019,69.66950813287232,3424.7014994591896,3832.633488937634,1750212.8702970142,1648356.75
bc,uniform,18,auto,1000,87.1908833291968,92.35723447834842,2997.544585104977,3601.312732514192,1326691.5793760037,1243434.85
bc,uniform,18,auto,2500,212.47321640572233,227.35096996177168,1941.0362020785524,2094.754828010594,544423.4933136994,505123.0
bc,uniform,18,auto,5000,417.77706137207497,448.741001213482,1386.1678358068466,1139.664376957207,276883.1068208881,255916.45
bc,uniform,18,auto,7500,619.2762906276749,664.6185525126721,1135.9314772037712,1215.5439014349877,186791.27953365818,172791.15
bc,uniform,18,auto,10000,817.2721975164835,877.7661182421625,985.6860190910304,1100.482299769183,141538.41408372138,130832.35
bc,uniform,18,auto,25000,1953.5346936097394,2084.1215590232378,628.8221781558753,622.6477820777291,59213.389498323195,55102.45
bc,uniform,18,auto,50000,3764.4807938936306,4005.203686427008,452.88896314324273,512.0881785704289,30728.11817736943,28672.75
bc,uniform,18,auto,75000,5545.546870963241,5844.374417930045,375.28781001778754,265.7814891974234,20859.153011019192,19649.7
bc,uniform,18,auto,100000,7316.4238389221055,7715.862977159501,328.46499042969003,392.03668934102797,15810.37584179143,14883.65
bc,kron,10,hand,100,14.654174265942801,14.96617862965837,401.5161772341249,532.0408843609479,59245.0789410015,57929.35
bc,kron,10,hand,250,29.338311486163953,30.12201943555588,278.78335986259236,367.40055582572637,29592.286236732274,28782.3
bc,kron,10,hand,500,48.458906965245944,49.69796503296073,210.60632957848526,276.7913901916219,17915.957366178856,17445.0
bc,kron,10,hand,750,65.08346082791061,66.51943069781716,181.46100053990156,250.66931456234906,13339.605794728379,13033.5
bc,kron,10,hand,1000,80.65822985399555,82.45418319115143,164.17424851417093,169.28645918430064,10763.783345760678,10514.7
bc,kron,10,hand,2500,165.52171909988957,168.96920678230364,118.13761363993837,171.2631093714549,5245.158858439824,5131.0
bc,kron,10,hand,5000,294.5472887372143,304.61535758832105,88.99046638876042,136.75536167685868,2947.532516503805,2846.15
bc,kron,10,hand,7500,418.3839971713188,433.45799065070116,74.42095830538166,104.0001391699474,2075.0977978860665,2000.15
bc,kron,10,hand,10000,540.10283396797,554.3888480352975,65.2654715062458,97.92063112541709,1607.448908983989,1563.85
bc,kron,10,hand,25000,1253.7001604967031,1321.6173780487804,42.26758124885487,53.132406604434394,692.5002792190813,656.0
bc,kron,10,hand,50000,2413.2820539985114,2663.945306498694,30.134739703417907,47.3525134107556,359.7539333467026,325.45
bc,kron,10,hand,75000,3554.5251086672165,3987.036100252932,24.673481849144974,34.634140442784584,244.24858023481636,217.45
bc,kron,10,hand,100000,4686.839101273074,5148.343230403801,21.39777590916429,37.76018510213328,185.23949562619939,168.4
bc,kron,10,auto,100,14.584464702235701,14.96617862965837,525.806680048095,532.0408843609479,60056.418187683346,57929.35
bc,kron,10,auto,250,28.80404485527272,30.12201943555588,367.4179251850694,367.40055582572637,30408.601139247214,28782.3
bc,kron,10,auto,500,47.31018676704829,49.69796503296073,280.1402345586827,276.7913901916219,18513.786798470956,17445.0
bc,kron,10,auto,750,63.46404624639859,66.51943069781716,243.25944266931486,250.66931456234906,13801.368853796937,13033.5
bc,kron,10,auto,1000,78.63314676440227,82.45418319115143,221.3360495269729,169.28645918430064,11138.950267694174,10514.7
bc,kron,10,auto,2500,161.52654812406522,168.96920678230364,161.40845645075007,171.2631093714549,5422.580506878785,5131.0
bc,kron,10,auto,5000,287.7181385031516,304.61535758832105,122.17873877082053,136.75536167685868,3044.266571992227,2846.15
bc,kron,10,auto,7500,408.72155716666225,433.45799065070116,102.3365691921848,104.0001391699474,2143.001013386276,2000.15
bc,kron,10,auto,10000,527.5103274273638,554.3888480352975,89.82262048630827,97.92063112541709,1660.4238166722544,1563.85
bc,kron,10,auto,25000,1222.4074912892595,1321.6173780487804,58.34316254222734,53.132406604434394,716.5292404067172,656.0
bc,kron,10,auto,50000,2350.412390529752,2663.945306498694,41.720739522641985,47.3525134107556,372.65405625417065,325.45
bc,kron,10,auto,75000,3460.657731798545,3987.036100252932,34.21701043288513,34.634140442784584,253.0994912189028,217.45
bc,kron,10,auto,100000,4562.377811091854,5148.343230403801,29.70497265399388,37.76018510213328,191.98118776387756,168.4
bc,kron,11,hand,100,12.00261267714244,12.458584515599602,549.2814872868161,782.7212718929304,105363.70248865325,101387.2
bc,kron,11,hand,250,25.20036717394835,26.27826470471978,383.7654705624441,468.1859617041527,50183.384332127265,48067.9
bc,kron,11,hand,500,43.16987471567026,44.806454530781934,284.8366119045691,361.4100273854293,29294.49574570856,28191.05
bc,kron,11,hand,750,58.22020104512597,60.29226311795058,238.95847287057967,339.2004685945116,21721.665135109422,20950.3
bc,kron,11,hand,1000,71.7426194481057,73.74843090432456,212.11909313543958,283.96017141030273,17627.453819354036,17127.7
bc,kron,11,hand,2500,142.69885198068482,145.25289927151672,151.9471665046414,180.25808252555473,8862.297724526548,8696.15
bc,kron,11,hand,5000,251.62588055245973,259.0527071369975,118.6314164545272,116.88635956616844,5025.872968330529,4876.0
bc,kron,11,hand,7500,357.6847675109786,363.8393294351471,101.2205189838949,145.74314103207314,3535.6264120533388,3471.7
bc,kron,11,hand,10000,462.6440881422565,477.2062184778708,89.824100746768,127.55286829595939,2733.5045310513406,2646.95
bc,kron,11,hand,25000,1083.7606689337483,1116.8849197577258,59.614992471741445,94.13454816322616,1166.8994340283473,1130.95
bc,kron,11,hand,50000,2103.3748573779626,2201.744814362907,42.8920040773498,71.255729224873,601.2431434962839,573.7
bc,kron,11,hand,75000,3113.2067213711475,3240.0692574066948,35.22954527327124,43.90932642808839,406.21771195585416,389.85
bc,kron,11,hand,100000,4118.196912054865,4342.182880715022,30.60117275953305,54.37288410886249,307.0857800653233,290.9
bc,kron,11,auto,100,12.045191262264579,12.458584515599602,736.1890104762289,782.7212718929304,106152.13020374939,101387.2
bc,kron,11,auto,250,24.823388382055764,26.27826470471978,512.1082721368937,468.1859617041527,51508.7904810473,48067.9
bc,kron,11,auto,500,41.682819825634084,44.806454530781934,379.5634630298658,361.4100273854293,30675.053092608843,28191.05
bc,kron,11,auto,750,55.63507860867751,60.29226311795058,319.85709668630153,339.2004685945116,22982.311577098135,20950.3
bc,kron,11,auto,1000,68.1769003714157,73.74843090432456,285.79057180714864,283.96017141030273,18754.48581902761,17127.7
bc,kron,11,auto,2500,134.53047880730648,145.25289927151672,210.57869428810184,180.25808252555473,9504.334798602758,8696.15
bc,kron,11,auto,5000,237.0868868572284,259.0527071369975,166.72796053409687,116.88635956616844,5393.055382143295,4876.0
bc,kron,11,auto,7500,337.0665105502006,363.8393294351471,142.9072781600029,145.74314103207314,3793.384009327571,3471.7
bc,kron,11,auto,10000,435.9731828309686,477.2062184778708,127.09119616469066,127.55286829595939,2932.8012858458533,2646.95
bc,kron,11,auto,25000,1019.7566391055517,1116.8849197577258,84.67097826984343,94.13454816322616,1253.850832805049,1130.95
bc,kron,11,auto,50000,1974.8625436862083,2201.744814362907,61.06648394583712,71.255729224873,647.4489656451442,573.7
bc,kron,11,auto,75000,2919.573962649592,3240.0692574066948,50.24562164596694,43.90932642808839,437.94838820955556,389.85
bc,kron,11,auto,100000,3859.3922086364996,4342.182880715022,43.70202591433265,54.37288410886249,331.30157342902027,290.9
bc,kron,12,hand,100,10.518361980750882,10.997832804783835,765.5405294274719,1061.0390934808863,196499.00954002218,187431.2
bc,kron,12,hand,250,22.923946951324076,24.06422849457972,535.2002540301531,627.0828535872736,90161.0754722844,85659.8
bc,kron,12,hand,500,41.102288079305126,42.982667951139966,396.1457104321471,395.6346533702132,50285.466035688296,47957.4
bc,kron,12,hand,750,57.08405971331038,59.52623592041941,329.9623375689356,400.15963590862924,36207.09041335131,34629.05
bc,kron,12,hand,1000,71.45208174603945,74.21835928991015,289.35063232829555,450.30276072414847,28926.34701039397,27773.95
bc,kron,12,hand,2500,141.07451976663498,145.08130896703653,194.17708542525233,241.09296634504432,14650.751351980123,14208.15
bc,kron,12,hand,5000,239.77056879862593,247.6868913227634,151.15803370631028,202.8105870277145,8620.105968622194,8322.35
bc,kron,12,hand,7500,334.5025174176704,338.154154055628,131.49759947960595,208.1232618071876,6178.870422730609,6095.85
bc,kron,12,hand,10000,428.16307901560805,428.62367961407307,118.61627238915574,165.53663928982135,4827.244133130008,4809.2
bc,kron,12,hand,25000,984.196544920812,989.2676488937948,82.20278040964476,134.43648470951862,2100.0355283377585,2083.7
bc,kron,12,hand,50000,1902.5980081390032,1921.4550708426548,60.265162563552835,71.34394084108924,1086.329167989947,1072.8
bc,kron,12,hand,75000,2816.106981094547,2841.0681551926127,49.83559408341394,56.968573977699585,733.9379239057333,725.55
bc,kron,12,hand,100000,3727.2000797820856,3745.1617005813955,43.43945179133534,57.450573722571576,554.5309258852061,550.4
bc,kron,12,auto,100,10.570063372417907,10.997832804783835,1035.331587399648,1061.0390934808863,197613.83045740076,187431.2
bc,kron,12,auto,250,22.901580245241117,24.06422849457972,724.5965423727757,627.0828535872736,91207.27429431507,85659.8
bc,kron,12,auto,500,40.93997543332654,42.982667951139966,534.9347116166178,395.6346533702132,51020.81007846983,47957.4
bc,kron,12,auto,750,56.776413724578774,59.52623592041941,444.5894993233494,400.15963590862924,36789.76134938101,34629.05
bc,kron,12,auto,1000,71.00923890515223,74.21835928991015,389.3182379543114,450.30276072414847,29415.759743474977,27773.95
bc,kron,12,auto,2500,140.1009305911591,145.08130896703653,261.4594330567714,241.09296634504432,14909.18513094291,14208.15
bc,kron,12,auto,5000,238.25684585166445,247.6868913227634,205.08114482468122,202.8105870277145,8766.970383304022,8322.35
bc,kron,12,auto,7500,332.4733985780224,338.154154055628,179.24107572345082,208.1232618071876,6282.579960185271,6095.85
bc,kron,12,auto,10000,425.5759534983836,428.62367961407307,162.12242720359464,165.53663928982135,4908.150223315913,4809.2
bc,kron,12,auto,25000,977.0516803969699,989.2676488937948,112.9484338763197,134.43648470951862,2137.8507944966755,2083.7
bc,kron,12,auto,50000,1884.0724645726143,1921.4550708426548,82.9817729515239,71.34394084108924,1108.6573104154984,1072.8
bc,kron,12,auto,75000,2783.594209437646,2841.0681551926127,68.70910312608154,56.968573977699585,750.3933957467747,725.55
bc,kron,12,auto,100000,3679.4454158156336,3745.1617005813955,59.95488005282067,57.450573722571576,567.6917239273532,550.4
bc,kron,13,hand,100,9.5383923499697,10.148561946368162,1076.9167883375221,1329.9836514626295,386653.3872673721,362182.25
bc,kron,13,hand,250,21.10688881466602,22.524037614527387,758.1400134141245,636.0291680666605,174732.13336104507,163186.95
bc,kron,13,hand,500,38.89417088010383,41.34828591468411,562.8128931051222,763.9831408307921,94822.73635732864,88894.35
bc,kron,13,hand,750,55.37679534935587,59.03738153385797,469.1886521433945,511.00286073975144,66599.22604647206,62259.35
bc,kron,13,hand,1000,70.83208630859369,75.4735333433263,411.369245885025,497.4529758257507,52067.52904514577,48700.9
bc,kron,13,hand,2500,148.66064906869133,156.9932920878243,268.45614280289095,248.40571122343624,24808.526898714423,23412.65
bc,kron,13,hand,5000,250.2594132760985,260.3007641264243,197.50779454843916,259.6155254460556,14736.915039164316,14120.7
bc,kron,13,hand,7500,340.703879073484,351.15685188015897,169.04676795685313,169.1559853165741,10824.801059589709,10467.2
bc,kron,13,hand,10000,427.69898316982756,439.6448755748793,152.81744134182625,163.67827075024232,8623.007901182102,8360.45
bc,kron,13,hand,25000,934.7385286598831,960.2458331156278,110.71698353152806,151.5980141516929,3945.5436981809917,3827.8
bc,kron,13,hand,50000,1769.8281580605255,1795.3982171205275,83.80803645221484,106.33505883217497,2083.8473466500513,2047.25
bc,kron,13,hand,75000,2601.859963823646,2614.803300846553,70.2089675621692,102.78290867546738,1417.467412727732,1405.7
bc,kron,13,hand,100000,3432.61824985766,3513.817695138856,61.623937592149574,107.6810470544229,1074.4135941577267,1046.05
bc,kron,13,auto,100,9.739759933164757,10.148561946368162,1467.4496420378994,1329.9836514626295,382969.88188588416,362182.25
bc,kron,13,auto,250,21.48734429249163,22.524037614527387,1026.371461925246,636.0291680666605,173592.16943828503,163186.95
bc,kron,13,auto,500,39.32697071624266,41.34828591468411,756.7901651032356,763.9831408307921,94846.7335080149,88894.35
bc,kron,13,auto,750,55.6773972828623,59.03738153385797,628.9131682401053,511.00286073975144,66993.69750081855,62259.35
bc,kron,13,auto,1000,70.91774672900243,75.4735333433263,550.6914368002972,497.4529758257507,52596.63318766364,48700.9
bc,kron,13,auto,2500,147.38409821229263,156.9932920878243,360.1407313454577,248.40571122343624,25308.25751519148,23412.65
bc,kron,13,auto,5000,247.63196667884898,260.3007641264243,266.7355611740995,259.6155254460556,15062.815844120854,14120.7
bc,kron,13,auto,7500,337.17455808500273,351.15685188015897,229.56619807286629,169.1559853165741,11062.622080342791,10467.2
bc,kron,13,auto,10000,423.37646098628363,439.6448755748793,208.37072537147668,163.67827075024232,8810.208065208939,8360.45
bc,kron,13,auto,25000,925.5561868822882,960.2458331156278,152.4258953098417,151.5980141516929,4030.0467589822915,3827.8
bc,kron,13,auto,50000,1750.5321029554784,1795.3982171205275,115.79670267296208,106.33505883217497,2130.8005176845595,2047.25
bc,kron,13,auto,75000,2570.029722506064,2614.803300846553,97.1319363964653,102.78290867546738,1451.3585887885283,1405.7
bc,kron,13,auto,100000,3386.4368509318783,3513.817695138856,85.32292504638906,107.6810470544229,1101.4629462747976,1046.05
bc,kron,14,hand,100,9.35123218375403,9.88247584801716,1529.3802711232886,1339.1240056961012,769107.1689670872,725370.05
bc,kron,14,hand,250,20.89914834468202,22.25361718772434,1074.7900608265863,1268.3172803696302,344133.6265279475,322125.25
bc,kron,14,hand,500,39.06550975309224,41.72129048479317,797.8867854769039,1206.9858674444067,184103.56748593767,171817.6
bc,kron,14,hand,750,56.376207851053266,60.27287563701671,665.3848186384091,683.686608723154,127573.3147962453,118933.3
bc,kron,14,hand,1000,73.03342336051357,78.1558646728438,583.5613203050808,706.3463050314477,98476.82581848509,91719.95
bc,kron,14,hand,2500,163.02694351708496,173.58287526939003,380.58874742951787,524.2681114006256,44116.01883738471,41297.0
bc,kron,14,hand,5000,287.07898415814367,303.6591843910043,273.80442725130246,429.75377283179046,25052.68622254512,23606.9
bc,kron,14,hand,7500,391.8263090604478,410.1742901937448,226.73770662611832,325.3961795783877,18355.32618635732,17476.6
bc,kron,14,hand,10000,486.5279375505076,505.9964706712783,199.94141185383702,254.67812502926293,14782.500974991483,14167.0
bc,kron,14,hand,25000,995.395773562608,1026.0213406997632,142.6508062057726,183.65192334241516,7225.366936670651,6986.65
bc,kron,14,hand,50000,1805.6552290883792,1814.660152393489,112.00886256587634,130.51198775349488,3983.096881031961,3950.3
bc,kron,14,hand,75000,2609.5143075595097,2612.552435446544,95.85615141024199,103.53452259232701,2756.106640368347,2743.85
bc,kron,14,hand,100000,3411.7008304400943,3449.4391646416284,85.20478617760028,138.00048626916615,2108.068693195829,2078.15
bc,kron,14,auto,100,9.350565812141035,9.88247584801716,2085.7341280433748,1339.1240056961012,767310.4339723518,725370.05
bc,kron,14,auto,250,20.85622719824948,22.25361718772434,1465.0512769282236,1268.3172803696302,344011.72575465485,322125.25
bc,kron,14,auto,500,38.930871857329095,41.72129048479317,1082.4592273634553,1206.9858674444067,184295.55694243344,171817.6
bc,kron,14,auto,750,56.10123133629091,60.27287563701671,899.6178727315669,683.686608723154,127890.00419959998,118933.3
bc,kron,14,auto,1000,72.58738142489678,78.1558646728438,787.1869763009169,706.3463050314477,98843.44317647601,91719.95
bc,kron,14,auto,2500,161.46123535007686,173.58287526939003,510.917392049161,524.2681114006256,44436.58996938028,41297.0
bc,kron,14,auto,5000,284.04466418026215,303.6591843910043,367.0219487450523,429.75377283179046,25259.360994887997,23606.9
bc,kron,14,auto,7500,387.72076787549844,410.1742901937448,303.96954947503605,325.3961795783877,18505.03585483685,17476.6
bc,kron,14,auto,10000,481.5351667027385,505.9964706712783,268.346072718939,254.67812502926293,14899.818761586143,14167.0
bc,kron,14,auto,25000,985.7564274837445,1026.0213406997632,193.36113856685867,183.65192334241516,7278.457954887937,6986.65
bc,kron,14,auto,50000,1787.6090912059492,1814.660152393489,152.9769538899396,130.51198775349488,4013.6217400644064,3950.3
bc,kron,14,auto,75000,2581.713139932279,2612.552435446544,131.30273927068384,103.53452259232701,2779.0797514355822,2743.85
bc,kron,14,auto,100000,3372.8058830577024,3449.4391646416284,116.8915322788211,138.00048626916615,2127.2456702122713,2078.15
bc,kron,15,hand,100,9.036240364248808,9.635542094250944,2176.853337825278,2172.458529675052,1562660.480687073,1465071.8
bc,kron,15,hand,250,20.273549156309777,21.801444121097127,1536.1778216337389,1612.2413452281917,696502.4033202494,647514.95
bc,kron,15,hand,500,38.22681997355819,41.23795714854723,1141.7830992489762,1823.1698675080888,369389.2330298019,342324.45
bc,kron,15,hand,750,55.62199122545923,60.01459046267539,952.2745997116186,1352.0942148347015,253866.77823101237,235222.15
bc,kron,15,hand,1000,72.61379256894384,78.37528835343595,835.1049101071939,834.8990169002791,194461.3442107994,180117.5
bc,kron,15,hand,2500,168.6123105806736,181.80234246567403,544.2634369813724,745.1146485432183,83745.81703181688,77648.95
bc,kron,15,hand,5000,312.2330062633946,335.4384868538298,390.8778034890703,417.04089159596714,45224.48116612339,42084.5
bc,kron,15,hand,7500,440.2709662576484,466.4862748208143,321.4021346044435,349.4048925635823,32072.466261464888,30261.9
bc,kron,15,hand,10000,556.0910565010803,589.5174202277597,279.6776734476257,261.8659962652655,25392.560348025563,23946.3
bc,kron,15,hand,25000,1119.9947919869412,1159.3637640334093,184.7175744555619,186.80896518551847,12607.715511024997,12176.3
bc,kron,15,hand,50000,1924.836881802165,1981.6474469205123,143.74867414061407,204.08225250979976,7335.985633224317,7123.75
bc,kron,15,hand,75000,2701.3457331242153,2726.849013415235,125.3535691160169,154.61445258244274,5227.237497982148,5176.95
bc,kron,15,hand,100000,3471.1842976838016,3508.533757502703,113.27784334579188,194.5319551614782,4067.941803211986,4023.55
bc,kron,15,auto,100,9.187175962279758,9.635542094250944,2964.2043726049756,2172.458529675052,1536460.2538534831,1465071.8
bc,kron,15,auto,250,20.635473673787036,21.801444121097127,2082.997971735212,1612.2413452281917,684051.6934259667,647514.95
bc,kron,15,auto,500,38.829453883859905,41.23795714854723,1538.2158899369067,1823.1698675080888,363531.5282419774,342324.45
bc,kron,15,auto,750,56.33704715914656,60.01459046267539,1278.0924863240707,1352.0942148347015,250558.58308166984,235222.15
bc,kron,15,auto,1000,73.35716357955033,78.37528835343595,1118.361756832093,834.8990169002791,192424.70704164464,180117.5
bc,kron,15,auto,2500,168.8893857813842,181.80234246567403,726.6828099645633,745.1146485432183,83579.73857204281,77648.95
bc,kron,15,auto,5000,311.34846630376114,335.4384868538298,522.1125168186983,417.04089159596714,45337.402424938344,42084.5
bc,kron,15,auto,7500,438.33460342972813,466.4862748208143,429.4976610568143,349.4048925635823,32203.094623954203,30261.9
bc,kron,15,auto,10000,553.2549230597635,589.5174202277597,373.85904760780744,261.8659962652655,25513.97217241964,23946.3
bc,kron,15,auto,25000,1113.4280642768433,1159.3637640334093,247.96115416571547,186.80896518551847,12677.721322184341,12176.3
bc,kron,15,auto,50000,1913.2415688578237,1981.6474469205123,194.7318195106653,204.08225250979976,7377.913453776699,7123.75
bc,kron,15,auto,75000,2684.3587241027303,2726.849013415235,170.72532125630036,154.61445258244274,5258.511310152587,5176.95
bc,kron,15,auto,100000,3448.207778458635,3508.533757502703,154.75821640435288,194.5319551614782,4093.642732141499,4023.55
bc,kron,16,hand,100,8.93716892313985,9.511569609756801,3084.313093802943,4417.538865584262,3122023.0870827367,2933264.45
bc,kron,16,hand,250,20.153779907126967,21.469190981307342,2176.1063626704567,2040.2083968632874,1384457.2998107413,1299534.25
bc,kron,16,hand,500,38.21004029643421,40.652947267566894,1615.4272449823454,1996.61545924728,730228.1676422313,686295.85
bc,kron,16,hand,750,55.83597053891351,59.465233928452115,1346.2885641383255,1207.5043107692516,499714.56467753754,469180.85
bc,kron,16,hand,1000,73.17155277297486,77.78721727849631,1180.0961774354332,1906.2548540058956,381323.7064651483,358670.1
bc,kron,16,hand,2500,173.26864792294097,183.44886468616048,768.4522061365468,839.9397284141422,161033.44745674968,152085.7
bc,kron,16,hand,5000,329.9556724707584,347.87575949895825,551.8621576017697,654.8584338779285,84563.01872995905,80200.9
bc,kron,16,hand,7500,476.85912867194855,501.16937939309895,453.7973309960382,523.6776931623009,58512.13919068322,55669.7
bc,kron,16,hand,10000,615.3714825561846,646.3678001677316,394.67596206694606,474.57810626636405,45341.7951629786,43164.2
bc,kron,16,hand,25000,1312.8504599134315,1366.743446110285,252.62427665188687,340.9430381503014,21253.028096620248,20413.45
bc,kron,16,hand,50000,2211.3026029726934,2261.971567208649,184.7076112345598,260.9610325820999,12617.92378559667,12334.35
bc,kron,16,hand,75000,3005.0885536404508,3068.8117956981555,158.35484664165276,172.20748654182447,9284.93360949368,9091.45
bc,kron,16,hand,100000,3767.463043376614,3803.77774445111,143.55170193803716,224.0306839886471,7406.05744235611,7334.8
bc,kron,16,auto,100,8.988599856804816,9.511569609756801,4193.499620706796,4417.538865584262,3111835.7871972136,2933264.45
bc,kron,16,auto,250,20.103309439790387,21.469190981307342,2963.805082522522,2040.2083968632874,1391365.2771935158,1299534.25
bc,kron,16,auto,500,37.901399650985354,40.652947267566894,2199.1815546770176,1996.61545924728,737995.086428788,686295.85
bc,kron,16,auto,750,55.20838259250047,59.465233928452115,1831.1034699361153,1207.5043107692516,506644.9223419303,469180.85
bc,kron,16,auto,1000,72.18958810510892,77.78721727849631,1603.8277625073572,1906.2548540058956,387466.4954518758,358670.1
bc,kron,16,auto,2500,169.95901000234645,183.44886468616048,1042.394504337538,839.9397284141422,164575.2508844033,152085.7
bc,kron,16,auto,5000,322.9120054987314,347.87575949895825,747.933322584009,654.8584338779285,86621.26596377311,80200.9
bc,kron,16,auto,7500,466.4751836100775,501.16937939309895,614.711290560122,523.6776931623009,59962.56112647083,55669.7
bc,kron,16,auto,10000,602.017666200437,646.3678001677316,534.4220192903603,474.57810626636405,46462.16927110613,43164.2
bc,kron,16,auto,25000,1287.2290884687839,1366.743446110285,341.73819735823844,340.9430381503014,21729.657107480205,20413.45
bc,kron,16,auto,50000,2174.3004822369467,2261.971567208649,250.35579486111183,260.9610325820999,12864.388772256549,12334.35
bc,kron,16,auto,75000,2959.016850948495,3068.8117956981555,215.4357572707253,172.20748654182447,9452.81764861698,9091.45
bc,kron,16,auto,100000,3712.4939230853374,3803.77774445111,195.94416761639158,224.0306839886471,7534.301009159663,7334.8
bc,kron,17,hand,100,8.983168980245429,9.363065968774533,4363.42681062014,6201.422810214918,6191082.88327907,5939513.85
bc,kron,17,hand,250,20.319284322696596,21.18467063009642,3066.953318438295,4370.629467792643,2737081.8198098904,2625108.55
bc,kron,17,hand,500,38.567760923357795,40.290957898522926,2273.318426564051,2931.683394175447,1442021.584341406,1380261.55
bc,kron,17,hand,750,56.41228281511684,59.02002998331454,1894.286367345398,2024.2506449756352,985876.4959658332,942257.4
bc,kron,17,hand,1000,74.00468967629405,77.42058801828178,1660.63490080564,2188.90669657612,751513.7750657486,718311.0
bc,kron,17,hand,2500,176.57772025248113,185.2609255674093,1082.560842164045,1527.0462122052973,314963.539180813,300182.35
bc,kron,17,hand,5000,340.8478880021342,358.56320836741145,778.3264047310203,891.2702038752294,163168.22157000646,155096.95
bc,kron,17,hand,7500,499.17737407395816,522.9159594884434,640.4668257186883,955.2961458708969,111414.39215744777,106349.9
bc,kron,17,hand,10000,652.4531971966014,681.9561766496603,557.2962734792602,919.3581442334756,85240.66392833162,81547.85
bc,kron,17,hand,25000,1483.8604535104348,1548.3621824944944,356.46196588403944,407.0296898520459,37480.3059004833,35916.7
bc,kron,17,hand,50000,2614.6332248729204,2706.6110212077338,253.7982829078115,240.42788064089734,21270.87775911823,20546.75
bc,kron,17,hand,75000,3550.4058909336823,3629.982637302385,209.50213017797,229.55302105109456,15664.559326363458,15320.2
bc,kron,17,hand,100000,4387.589294073493,4503.803106626282,184.77120404379784,243.9572007329846,12675.649424690524,12347.8
bc,kron,17,auto,100,9.065617088345185,9.363065968774533,5974.455812780823,6201.422810214918,6150890.575655183,5939513.85
bc,kron,17,auto,250,20.4780303331373,21.18467063009642,4198.457353138365,4370.629467792643,2722997.1732666204,2625108.55
bc,kron,17,auto,500,38.74613735781463,40.290957898522926,3096.832819735883,2931.683394175447,1439152.971462703,1380261.55
bc,kron,17,auto,750,56.46914278368889,59.02002998331454,2572.1023442251685,2024.2506449756352,987470.6071739364,942257.4
bc,kron,17,auto,1000,73.84540889314921,77.42058801828178,2250.573600578591,2188.90669657612,755112.870887957,718311.0
bc,kron,17,auto,2500,174.41266229328335,185.2609255674093,1464.4394407668767,1527.0462122052973,319710.8396719219,300182.35
bc,kron,17,auto,5000,334.9138296677567,358.56320836741145,1054.0478899776556,891.2702038752294,166495.4199309057,155096.95
bc,kron,17,auto,7500,489.59311638758953,522.9159594884434,867.8329120700362,955.2961458708969,113893.79638878936,106349.9
bc,kron,17,auto,10000,639.410689030541,681.9561766496603,755.3064222433578,919.3581442334756,87207.83006575225,81547.85
bc,kron,17,auto,25000,1453.8132279799515,1548.3621824944944,483.1017565311485,407.0296898520459,38355.42120405713,35916.7
bc,kron,17,auto,50000,2566.383451506021,2706.6110212077338,343.9001066002995,240.42788064089734,21727.703503729575,20546.75
bc,kron,17,auto,75000,3490.4963726382202,3629.982637302385,284.04703988324985,229.55302105109456,15975.26906153313,15320.2
bc,kron,17,auto,100000,4318.593171556714,4503.803106626282,250.85852963688131,243.9572007329846,12911.98695873006,12347.8
bc,kron,18,hand,100,8.909955543783312,9.268893920944075,6184.368046583765,8817.04873347152,12489523.114270132,12005918.5
bc,kron,18,hand,250,20.127185482858962,20.862174837064153,4355.356667907221,4553.836132721833,5528895.0263797175,5334131.55
bc,kron,18,hand,500,38.20318569395709,39.53223004055353,3231.350662418277,3160.738512553187,2912874.7692055223,2814958.45
bc,kron,18,hand,750,55.8978150426615,57.81857689923565,2693.3540478292075,4416.983660885152,1990795.0896876857,1924668.35
bc,kron,18,hand,1000,73.36268092559854,75.87170079049169,2361.562274164878,3125.192110305533,1516862.447053397,1466707.4
bc,kron,18,hand,2500,175.67011848962625,181.76859071075768,1540.5766109219785,2012.5558272740527,633466.27569886,612215.7
bc,kron,18,hand,5000,341.42817213480356,353.3795967789184,1108.4403123924285,1327.5385721425664,325928.27655494306,314906.65
bc,kron,18,hand,7500,503.52451286542316,520.1999291326509,912.516096292274,1135.8588959808958,221004.32624010707,213920.8
bc,kron,18,hand,10000,662.6999033097486,684.4521539208131,794.2714587634848,1372.8050768216724,167920.79666139281,162584.9
bc,kron,18,hand,25000,1567.2632845184107,1619.5729325015336,508.53042260813874,699.6624355245957,71003.44709816607,68710.45
bc,kron,18,hand,50000,2914.2636567415902,3000.4943680864976,361.7297380070554,493.47093712748017,38184.978717959675,37087.75
bc,kron,18,hand,75000,4096.963575487794,4175.199227103891,296.1215107172723,269.0910626535188,27161.84648967781,26653.0
bc,kron,18,hand,100000,5150.556327253772,5262.72259727362,257.05346879738266,345.0899005674956,21605.645806136636,21145.25
bc,kron,18,auto,100,9.005728379092556,9.268893920944075,8486.682668863625,8817.04873347152,12404223.401911786,12005918.5
bc,kron,18,auto,250,20.082185132823195,20.862174837064153,5948.2067692938535,4553.836132721833,5562595.204274799,5334131.55
bc,kron,18,auto,500,37.19736397621446,39.53223004055353,4386.681630422657,3160.738512553187,3003144.706238657,2814958.45
bc,kron,18,auto,750,53.34775719634245,57.81857689923565,3654.46365959718,4416.983660885152,2093978.6896769449,1924668.35
bc,kron,18,auto,1000,68.96671813496877,75.87170079049169,3212.3089948627303,3125.192110305533,1619753.262618425,1466707.4
bc,kron,18,auto,2500,158.4653697553473,181.76859071075768,2142.3601179532934,2012.5558272740527,704943.0855692143,612215.7
bc,kron,18,auto,5000,302.2659344987159,353.3795967789184,1570.3028153256778,1327.5385721425664,369572.1348701156,314906.65
bc,kron,18,auto,7500,442.9428916822461,520.1999291326509,1303.123336661849,1135.8588959808958,252197.44759181663,213920.8
bc,kron,18,auto,10000,581.3167292479184,684.4521539208131,1139.120884757469,1372.8050768216724,192165.5804671666,162584.9
bc,kron,18,auto,25000,1372.8479200665408,1619.5729325015336,734.9942538926764,699.6624355245957,81370.314277627,68710.45
bc,kron,18,auto,50000,2568.439921860593,3000.4943680864976,524.0346049324419,493.47093712748017,43492.96464379757,37087.75
bc,kron,18,auto,75000,3635.073478966408,4175.199227103891,429.27320020738176,269.0910626535188,30730.89646126333,26653.0
bc,kron,18,auto,100000,4598.032715239274,5262.72259727362,372.7322264502914,345.0899005674956,24294.96996421171,21145.25
tc,uniform,10,hand,100,12.789732586620287,13.62147209768109,438.3033382035802,611.2940092864222,70395.8198580985,65830.55
tc,uniform,10,hand,250,27.6344150738743,29.629608825021187,317.74707516079275,353.97985000636186,32580.523553478895,30263.95
tc,uniform,10,hand,500,50.83807483472849,54.737288678767314,238.96729847221656,265.93775983350554,17710.02765403562,16382.05
tc,uniform,10,hand,750,72.68400220340409,77.01634444434902,199.74982968179253,214.92199319263426,12387.095975829563,11643.1
tc,uniform,10,hand,1000,93.53461155153363,99.28573010319323,175.14569475658914,148.89360383561768,9625.781261783746,9031.6
tc,uniform,10,hand,2500,206.2913641536284,218.71751405539226,113.40890908961889,141.95598836110773,4364.4275410892815,4099.85
tc,uniform,10,hand,5000,373.22287579023634,397.24848270057146,80.85372735103843,139.69858530723246,2412.3486785065047,2257.3
tc,uniform,10,hand,7500,531.2073532821671,555.9606919213838,66.20071083064362,125.22564896176317,1694.900692993097,1612.9
tc,uniform,10,hand,10000,685.6345179880517,719.2660624047485,57.41178088284555,73.16750788790276,1313.154001993616,1246.7
tc,uniform,10,hand,25000,1585.3059664520542,1670.6269212855148,36.40248808382161,73.2291824199529,567.9305637232671,536.75
tc,uniform,10,hand,50000,3038.7542087179463,3231.9661200216256,25.76229322608938,41.33492852043504,296.2871128628827,277.45
tc,uniform,10,hand,75000,4464.404605445661,4747.003705664372,21.04078325692584,38.1794929800086,201.67162046709177,188.9
tc,uniform,10,hand,100000,5876.660921006837,6393.64705882353,18.2244352052747,32.5347991832551,153.2066803416522,140.25
tc,uniform,10,auto,100,12.677058612898817,13.62147209768109,515.9873778848898,611.2940092864222,71030.41318155346,65830.55
tc,uniform,10,auto,250,27.366405406937375,29.629608825021187,371.33586020931745,353.97985000636186,32903.726222396326,30263.95
tc,uniform,10,auto,500,50.33154413779386,54.737288678767314,279.7485761813281,265.93775983350554,17890.504386985867,16382.05
tc,uniform,10,auto,750,71.96151561774523,77.01634444434902,234.19762411941488,214.92199319263426,12513.031492890448,11643.1
tc,uniform,10,auto,1000,92.61415892305376,99.28573010319323,205.55525795608537,148.89360383561768,9722.667912463543,9031.6
tc,uniform,10,auto,2500,204.40586142800274,218.71751405539226,133.39724644156178,141.95598836110773,4405.239188887639,4099.85
tc,uniform,10,auto,5000,370.0782219138302,397.24848270057146,95.18829133917973,139.69858530723246,2433.1523928761153,2257.3
tc,uniform,10,auto,7500,526.9331873191236,555.9606919213838,77.9617058993358,125.22564896176317,1708.8631592597628,1612.9
tc,uniform,10,auto,10000,680.2771353894045,719.2660624047485,67.62210748941531,73.16750788790276,1323.6615849002983,1246.7
tc,uniform,10,auto,25000,1573.7852449996763,1670.6269212855148,42.88894431906289,73.2291824199529,572.1598382383863,536.75
tc,uniform,10,auto,50000,3017.5536379921728,3231.9661200216256,30.355801445089266,41.33492852043504,298.4061989367394,277.45
tc,uniform,10,auto,75000,4433.883393059719,4747.003705664372,24.79325023982742,38.1794929800086,203.08533882745837,188.9
tc,uniform,10,auto,100000,5836.988535313306,6393.64705882353,21.474983660269416,32.5347991832551,154.2673427835748,140.25
tc,uniform,11,hand,100,10.424989643931779,11.306131688407232,598.0118900565476,697.2088035800155,126844.41484991727,116625.3
tc,uniform,11,hand,250,22.706605073322823,24.90731873175984,430.28038806329323,540.7245139625161,58236.43415345069,52939.5
tc,uniform,11,hand,500,42.05590791259292,45.801476603083465,323.58553407463535,420.8855920305983,31442.70987917534,28789.05
tc,uniform,11,hand,750,60.64398014243432,66.2868331821004,271.298982089565,321.68315156377093,21805.160348894824,19892.05
tc,uniform,11,hand,1000,78.7128312628628,85.6104687023198,238.50746667824558,260.2160842959479,16799.696948836186,15402.1
tc,uniform,11,hand,2500,180.57920119020724,194.60583117486885,155.58150102961713,259.70008511844253,7322.8350911139405,6775.65
tc,uniform,11,hand,5000,338.38151186254356,361.2402230045341,111.30005996156213,131.52037064552715,3907.8722236400913,3650.15
tc,uniform,11,hand,7500,490.54732288240285,514.1668941314097,91.24461168470714,143.91792251506632,2695.665941933958,2564.5
tc,uniform,11,hand,10000,640.3169298159019,676.6117610837439,79.18282323448935,112.765056177598,2065.151879681152,1948.8
tc,uniform,11,hand,25000,1520.3513826804306,1584.6424708568682,50.26820542324703,85.24447813572198,869.7671645285207,832.1
tc,uniform,11,hand,50000,2955.767918888986,3078.6388045762315,35.590142033622676,73.63859114121588,447.3800878446571,428.3
tc,uniform,11,hand,75000,4372.289133371339,4431.460258780036,29.071583091630764,45.10861161801882,302.4392191056562,297.55
tc,uniform,11,hand,100000,5779.5849151121765,5453.18858560794,25.182089402833167,40.97444646554599,228.79700369889076,241.8
tc,uniform,11,auto,100,10.33231976785869,11.306131688407232,708.4378008974904,697.2088035800155,127987.59048424562,116625.3
tc,uniform,11,auto,250,22.489875687357205,24.90731873175984,500.6822648068386,540.7245139625161,58800.17878197399,52939.5
tc,uniform,11,auto,500,41.64810793547205,45.801476603083465,376.2388055245743,420.8855920305983,31751.951691295613,28789.05
tc,uniform,11,auto,750,60.056646309435095,66.2868331821004,316.14193901861387,321.68315156377093,22019.35659855884,19892.05
tc,uniform,11,auto,1000,77.95473215695479,85.6104687023198,278.4501806506449,260.2160842959479,16963.80289702521,15402.1
tc,uniform,11,auto,2500,178.91245392236002,194.60583117486885,182.5489012429577,259.70008511844253,7391.373167207466,6775.65
tc,uniform,11,auto,5000,335.40719750532935,361.2402230045341,130.88220327389428,131.52037064552715,3942.696283910133,3650.15
tc,uniform,11,auto,7500,486.35639010269523,514.1668941314097,107.38489963138093,143.91792251506632,2719.0116920675073,2564.5
tc,uniform,11,auto,10000,634.9459173893896,676.6117610837439,93.22836777677412,112.765056177598,2082.710786830665,1948.8
tc,uniform,11,auto,25000,1508.1750030682506,1584.6424708568682,59.23061549868986,85.24447813572198,876.8270979897218,832.1
tc,uniform,11,auto,50000,2932.714930760613,3078.6388045762315,41.94665476031544,73.63859114121588,450.91621327750437,428.3
tc,uniform,11,auto,75000,4338.639555538188,4431.460258780036,34.26690318347563,45.10861161801882,304.79801197427093,297.55
tc,uniform,11,auto,100000,5735.473495056952,5453.18858560794,29.683648431317522,40.97444646554599,230.56661535279972,241.8
tc,uniform,12,hand,100,9.079350922637257,9.958262769533757,831.5609998271748,912.5432996215638,238573.85067035092,217120.3
tc,uniform,12,hand,250,20.09707216804768,22.294675766123277,595.5021592955667,758.9546325114062,107781.65561075349,96980.15
tc,uniform,12,hand,500,37.44864230313158,41.584712748576024,443.97417843903156,611.4359522339292,57841.7688328273,51993.65
tc,uniform,12,hand,750,54.162329158967935,60.11290591637011,371.48768708213896,428.57487216661684,39992.66177869536,35968.0
tc,uniform,12,hand,1000,70.51602407924787,78.2657059652895,326.7437472685378,425.5216334410218,30717.779958306433,27625.65
tc,uniform,12,hand,2500,164.79925591360455,180.54024941653896,214.6127652004724,361.51690285881716,13143.844000949508,11975.95
tc,uniform,12,hand,5000,315.272871540848,345.92318830145507,154.33343074179177,220.23534660616326,6870.542652828048,6250.35
tc,uniform,12,hand,7500,462.5195324045204,501.39509536784743,126.80285113048342,195.42797165519372,4683.2524022066655,4312.25
tc,uniform,12,hand,10000,608.3425570515128,644.6551081560548,110.17269194514591,129.8798939101247,3560.651291107281,3353.95
tc,uniform,12,hand,25000,1472.0105075252097,1590.8623353689943,70.10527738777509,96.57715759133238,1471.5219083881962,1359.1
tc,uniform,12,hand,50000,2892.5109326625443,2904.737018875529,49.67614890386914,59.399871522100995,748.8634482729826,744.35
tc,uniform,12,hand,75000,4301.531747260298,4183.709365325078,40.589133766873275,72.35337259807443,503.5638090037552,516.8
tc,uniform,12,hand,100000,5704.88376487121,5633.509640437728,35.163719653588636,51.81607147553639,379.69147146153546,383.8
tc,uniform,12,auto,100,8.990846811487893,9.958262769533757,990.1817347973305,912.5432996215638,240928.6640756921,217120.3
tc,uniform,12,auto,250,19.88886445356398,22.294675766123277,693.586988195849,758.9546325114062,108912.83995918685,96980.15
tc,uniform,12,auto,500,37.060783051796065,41.584712748576024,514.262649340213,611.4359522339292,58448.64929522844,51993.65
tc,uniform,12,auto,750,53.605897366787815,60.11290591637011,430.77415327011477,428.57487216661684,40408.85084675479,35968.0
tc,uniform,12,auto,1000,69.79727585128241,78.2657059652895,379.6715811229102,425.5216334410218,31034.917692438485,27625.65
tc,uniform,12,auto,2500,163.17605563096305,180.54024941653896,251.425916951625,361.51690285881716,13274.94222620455,11975.95
tc,uniform,12,auto,5000,312.2642431897843,345.92318830145507,181.6291495125309,220.23534660616326,6936.922041005045,6250.35
tc,uniform,12,auto,7500,458.1830860692216,501.39509536784743,149.49300261250085,195.42797165519372,4727.701168073487,4312.25
tc,uniform,12,auto,10000,602.7030394178632,644.6551081560548,130.00823472905765,129.8798939101247,3594.063028607273,3353.95
tc,uniform,12,auto,25000,1458.74573932956,1590.8623353689943,82.87331345447598,96.57715759133238,1484.9419283970203,1359.1
tc,uniform,12,auto,50000,2866.8632322292383,2904.737018875529,58.75958196201659,59.399871522100995,755.5828568482493,744.35
tc,uniform,12,auto,75000,4263.698113136567,4183.709365325078,48.02094918924849,72.35337259807443,508.0455167609076,516.8
tc,uniform,12,auto,100000,5654.960654653522,5633.509640437728,41.60649120324824,51.81607147553639,383.0535424536377,383.8
tc,uniform,13,hand,100,8.335261177433116,9.189214866248072,1166.635760393008,1408.0678661873908,462332.6887025906,418924.8
tc,uniform,13,hand,250,18.733024786908437,20.916887539922907,835.6751276288609,789.5962059312665,205714.9742253106,184042.2
tc,uniform,13,hand,500,35.34236808876105,39.55122557644345,619.4322713568052,798.4846750663327,109038.0729871479,97331.75
tc,uniform,13,hand,750,51.32915766897549,57.43539322070819,515.3442547559897,750.0703195104614,75077.47810812441,67024.7
tc,uniform,13,hand,1000,66.93747719169365,74.67645646723342,451.7053647720444,604.7800709435827,57571.092800001425,51550.25
tc,uniform,13,hand,2500,157.19788242801602,175.25819191677763,296.3577393658738,299.8753907875732,24514.730425619073,21965.25
tc,uniform,13,hand,5000,303.03679648467613,330.64267462584013,214.27303530430456,215.9041880581582,12716.81774591306,11642.75
tc,uniform,13,hand,7500,446.9337684015251,490.09083559838825,176.61269636735435,204.39210897323397,8622.449194169736,7854.85
tc,uniform,13,hand,10000,590.0002008693854,639.6952399943501,153.7467711706971,181.73962722880006,6531.6311850783595,6017.85
tc,uniform,13,hand,25000,1441.947762225546,1515.5269477579623,98.2369067747553,104.74776721650015,2672.540442972159,2540.1
tc,uniform,13,hand,50000,2851.227798593229,2931.904036557502,69.71999903567189,92.9000594866956,1351.5804360150871,1313.0
tc,uniform,13,hand,75000,4254.085033052014,4367.090187180942,56.99781661120807,59.76753211181504,905.8736911133707,881.5
tc,uniform,13,hand,100000,5653.7500083285,5575.883545770568,49.39292566470228,68.8234965997117,681.6119753303857,690.4
tc,uniform,13,auto,100,8.254706990038924,9.189214866248072,1392.1425391148684,1408.0678661873908,466830.95061412995,418924.8
tc,uniform,13,auto,250,18.53505836092773,20.916887539922907,974.7519477379262,789.5962059312665,207906.15471297028,184042.2
tc,uniform,13,auto,500,34.96441518419992,39.55122557644345,716.5437172033387,798.4846750663327,110213.5611563827,97331.75
tc,uniform,13,auto,750,50.7837982462513,57.43539322070819,595.1271338459125,750.0703195104614,75881.53789748152,67024.7
tc,uniform,13,auto,1000,66.23203818154938,74.67645646723342,521.8460287760411,604.7800709435827,58182.60794931234,51550.25
tc,uniform,13,auto,2500,155.5954192204143,175.25819191677763,345.09967368562405,299.8753907875732,24766.492037545686,21965.25
tc,uniform,13,auto,5000,300.0241422561495,330.64267462584013,251.3119468371894,215.9041880581582,12844.142082109356,11642.75
tc,uniform,13,auto,7500,442.5464133315639,490.09083559838825,207.81151670112123,204.39210897323397,8707.680358746511,7854.85
tc,uniform,13,auto,10000,584.2531904314646,639.6952399943501,181.23165642151469,181.73962722880006,6595.689633042769,6017.85
tc,uniform,13,auto,25000,1428.159823423329,1515.5269477579623,116.21187268222026,104.74776721650015,2698.2643314835223,2540.1
tc,uniform,13,auto,50000,2824.2335961495537,2931.904036557502,82.58323444245073,92.9000594866956,1364.4596241807874,1313.0
tc,uniform,13,auto,75000,4214.002991641711,4367.090187180942,67.5435482558159,59.76753211181504,914.463686628682,881.5
tc,uniform,13,auto,100000,5600.638771592341,5575.883545770568,58.54460768044663,68.8234965997117,688.0559286821053,690.4
tc,uniform,14,hand,100,7.946967188967136,8.790409525697148,1643.0386382256104,1861.4260831840327,909602.8131633031,821894.7
tc,uniform,14,hand,250,18.01985969718332,20.196000517144384,1177.5785289267483,1086.3962577933366,401145.3936198444,357733.75
tc,uniform,14,hand,500,34.41653822590856,38.756406391317455,872.1857026361018,930.3504942253062,210032.27180354064,186415.4
tc,uniform,14,hand,750,50.376146114964655,56.70051530291116,723.8045983291335,712.459239831341,143492.193601004,127420.2
tc,uniform,14,hand,1000,65.97948650909343,74.61931172667369,632.3547829653604,955.8611438466311,109558.04741227737,96822.0
tc,uniform,14,hand,2500,155.6015439739864,174.37097321125808,410.305436741754,466.67316129565876,46455.73254986117,41433.45
tc,uniform,14,hand,5000,299.7424182366251,332.94428033567283,296.7693294884189,348.2168259787814,24115.985163950092,21699.7
tc,uniform,14,hand,7500,442.0700014169312,490.4830634184094,245.3216561578689,390.39055680447166,16351.67210629941,14729.95
tc,uniform,14,hand,10000,583.7277367619147,645.8260107804665,214.0681003334634,272.11856935805343,12383.485066684949,11186.9
tc,uniform,14,hand,25000,1429.2250197148362,1552.483185422352,137.65192720307448,239.1663371841976,5057.694632748065,4653.7
tc,uniform,14,hand,50000,2832.1537120617418,2984.5875160077667,97.97148956568822,126.0109017840165,2552.3274674024433,2420.7
tc,uniform,14,hand,75000,4231.575791021715,4309.705917442137,80.17746625833989,110.08867239400101,1708.2486686255547,1676.4
tc,uniform,14,hand,100000,5629.273639821902,5799.7840571566185,69.51726066635281,92.61868630374533,1284.1059386535117,1245.7
tc,uniform,14,auto,100,7.875501004158249,8.790409525697148,1963.324401852244,1861.4260831840327,917882.5204116144,821894.7
tc,uniform,14,auto,250,17.84049021339149,20.196000517144384,1375.13278965399,1086.3962577933366,405189.80278775515,357733.75
tc,uniform,14,auto,500,34.06561617547896,38.756406391317455,1009.6862678892227,930.3504942253062,212201.78945139362,186415.4
tc,uniform,14,auto,750,49.86253759783151,56.70051530291116,835.455547940756,712.459239831341,144974.2644368615,127420.2
tc,uniform,14,auto,1000,65.31028246353485,74.61931172667369,729.0019821120987,955.8611438466311,110683.7153129306,96822.0
tc,uniform,14,auto,2500,154.07490294326558,174.37097321125808,474.2435246054607,466.67316129565876,46917.340677234126,41433.45
tc,uniform,14,auto,5000,296.8809406771972,332.94428033567283,345.653195088843,348.2168259787814,24349.103363495917,21699.7
tc,uniform,14,auto,7500,437.9047436815851,490.4830634184094,287.0795473460178,390.39055680447166,16507.664772997436,14729.95
tc,uniform,14,auto,10000,578.2699393757974,645.8260107804665,251.24240013913655,272.11856935805343,12500.70982248178,11186.9
tc,uniform,14,auto,25000,1416.0870013447764,1552.483185422352,162.60016872686202,239.1663371841976,5104.7603038063435,4653.7
tc,uniform,14,auto,50000,2806.323766765055,2984.5875160077667,116.01943172452815,126.0109017840165,2575.8912057156685,2420.7
tc,uniform,14,auto,75000,4193.11612702288,4309.705917442137,95.0312591605339,110.08867239400101,1723.9648252559664,1676.4
tc,uniform,14,auto,100000,5578.214909975135,5799.7840571566185,82.43317283282424,92.61868630374533,1295.8956992270482,1245.7
tc,uniform,15,hand,100,7.9402958060925535,8.788547957140628,2328.5135270964943,3285.171178749225,1810019.1809193476,1634862.9
tc,uniform,15,hand,250,18.12030386780624,20.3487380884772,1665.7758021534437,1543.462563268221,793148.2725703844,706091.5
tc,uniform,15,hand,500,34.88310830677977,39.35704632962706,1232.6169975377336,1740.661286166234,412007.08333688433,365069.85
tc,uniform,15,hand,750,51.40681818120599,57.91446090904052,1022.360101579993,1299.6156466230152,279575.51584967226,248091.25
tc,uniform,15,hand,1000,67.7060219888581,76.43522003478083,892.4823503442988,990.621490197998,212271.92632238957,187977.1
tc,uniform,15,hand,2500,161.80991736556973,181.91185016655336,573.8102052972511,783.1077831307767,88820.8086697849,78983.7
tc,uniform,15,hand,5000,311.5550430703625,349.8162061879766,411.65455135117764,533.2586614392667,46130.17195794562,41073.2
tc,uniform,15,hand,7500,458.2543393956117,511.04190786139196,339.9911427684986,385.21598521239656,31362.68765104596,28115.25
tc,uniform,15,hand,10000,603.826867260519,670.7845544776329,296.9932867831285,417.1742788660015,23801.669800492975,21419.8
tc,uniform,15,hand,25000,1470.9361328360214,1609.4080682830117,192.31172985101253,208.172113760149,9770.708183971956,8927.55
tc,uniform,15,hand,50000,2910.2337955827184,3152.1024515987497,137.49811950360072,203.60484819995412,4938.464989656695,4558.25
tc,uniform,15,hand,75000,4347.20572467849,4632.993470374849,112.7329715825911,149.1508861593027,3306.0518920493246,3101.25
tc,uniform,15,hand,100000,5783.144253665226,6127.501119474594,97.8412102653584,143.703010626632,2485.168462137577,2344.85
tc,uniform,15,auto,100,7.870817134685336,8.788547957140628,2788.628838913777,3285.171178749225,1826024.4730962815,1634862.9
tc,uniform,15,auto,250,17.944312904033065,20.3487380884772,1949.8896254418314,1543.462563268221,800939.2607041942,706091.5
tc,uniform,15,auto,500,34.53436514515121,39.35704632962706,1430.531586716549,1740.661286166234,416173.9951145132,365069.85
tc,uniform,15,auto,750,50.89024159413553,57.91446090904052,1182.9814255349572,1299.6156466230152,282417.69465007226,248091.25
tc,uniform,15,auto,1000,67.02614705734085,76.43522003478083,1031.1411495707935,990.621490197998,214428.3289759364,187977.1
tc,uniform,15,auto,2500,160.22325142913093,181.91185016655336,661.7607290299301,783.1077831307767,89701.74168234286,78983.7
tc,uniform,15,auto,5000,308.59212989413203,349.8162061879766,476.57812653566873,533.2586614392667,46573.78889128393,41073.2
tc,uniform,15,auto,7500,453.97015942166087,511.04190786139196,395.37696726202387,385.21598521239656,31659.13973180681,28115.25
tc,uniform,15,auto,10000,598.240927872023,670.7845544776329,346.6040602629224,417.1742788660015,24024.275240285013,21419.8
tc,uniform,15,auto,25000,1457.6458362514609,1609.4080682830117,226.63978363578838,208.172113760149,9859.942898174331,8927.55
tc,uniform,15,auto,50000,2884.201152098124,3152.1024515987497,162.77319372539833,203.60484819995412,4983.114544817993,4558.25
tc,uniform,15,auto,75000,4308.470281956773,4632.993470374849,133.67795502711903,149.1508861593027,3335.8254254160765,3101.25
tc,uniform,15,auto,100000,5731.723733850423,6127.501119474594,116.11970629121427,143.703010626632,2507.501299534204,2344.85
tc,uniform,16,hand,100,7.8423523534761115,8.680689310833374,3288.8301873563446,3918.5081381754285,3604261.379389841,3255712.65
tc,uniform,16,hand,250,17.93642987516084,20.159297354884124,2353.3322408545064,2471.6196751160974,1575892.633480246,1401925.35
tc,uniform,16,hand,500,34.65553145841663,39.1579643056562,1741.525920848056,2864.3606983978702,815624.13045425,721739.0
tc,uniform,16,hand,750,51.25329109448497,57.938613647042615,1444.4980497158865,1983.854610547222,551494.1013074276,487789.2
tc,uniform,16,hand,1000,67.73535650497348,76.72051097003765,1260.9929411164333,1439.6071567582087,417298.8697435371,368373.85
tc,uniform,16,hand,2500,164.39739678843145,185.98925596611082,809.2721356872198,844.8409317735501,171936.34609419818,151954.1
tc,uniform,16,hand,5000,318.9366510351247,361.0097655376794,576.1146782611385,762.3297048832424,88625.39823962732,78285.5
tc,uniform,16,hand,7500,468.8535306167759,524.6545690815427,473.2069368480511,598.1116336569529,60287.24508913744,53867.5
tc,uniform,16,hand,10000,616.4923024051491,692.4288566843478,412.29398420411826,455.17821842253807,45849.53875486522,40815.5
tc,uniform,16,hand,25000,1487.77883410758,1643.942064392287,267.40380330085566,317.839333791875,18998.71611505739,17191.5
tc,uniform,16,hand,50000,2928.1514125219414,3232.010383847856,192.24636793890895,300.7225115407368,9653.150991552138,8744.35
tc,uniform,16,hand,75000,4365.534088754214,4732.944249995813,158.0737626858862,236.22872502368514,6474.783414019146,5971.3
tc,uniform,16,hand,100000,5801.90900756641,6108.09064286409,137.4224384440606,202.36872938173758,4871.825406833983,4626.95
tc,uniform,16,auto,100,7.770616646848865,8.680689310833374,3940.194006670027,3918.5081381754285,3637535.8605115777,3255712.65
tc,uniform,16,auto,250,17.75386438943465,20.159297354884124,2755.424450316063,2471.6196751160974,1592098.2661116894,1401925.35
tc,uniform,16,auto,500,34.291133381081686,39.1579643056562,2021.5952014016723,2864.3606983978702,824291.7023791107,721739.0
tc,uniform,16,auto,750,50.709762907081696,57.938613647042615,1671.7839078596935,1983.854610547222,557405.420392009,487789.2
tc,uniform,16,auto,1000,67.0151939358166,76.72051097003765,1457.184389739988,1439.6071567582087,421783.40539120825,368373.85
tc,uniform,16,auto,2500,162.66478391146316,185.98925596611082,932.6157193882758,844.8409317735501,173767.76971336233,151954.1
tc,uniform,16,auto,5000,315.65335512695214,361.0097655376794,663.917519723986,762.3297048832424,89547.27156260626,78285.5
tc,uniform,16,auto,7500,464.1133603043828,524.6545690815427,546.3426653258842,598.1116336569529,60903.00156983877,53867.5
tc,uniform,16,auto,10000,610.3401847367292,692.4288566843478,477.17872671924016,455.17821842253807,46311.70848334933,40815.5
tc,uniform,16,auto,25000,1473.4317840148067,1643.942064392287,312.9142932669916,317.839333791875,19183.715878710085,17191.5
tc,uniform,16,auto,50000,2900.3620957393136,3232.010383847856,226.58008212387242,300.7225115407368,9745.644087930988,8744.35
tc,uniform,16,auto,75000,4324.355895823248,4732.944249995813,186.85536950384835,236.22872502368514,6536.440892504262,5971.3
tc,uniform,16,auto,100000,5747.359831294623,6108.09064286409,162.70331016982811,202.36872938173758,4918.066301902996,4626.95
tc,uniform,17,hand,100,7.794613329075774,8.631728764536316,4647.722723186176,5650.422362182523,7191267.782599209,6493388.35
tc,uniform,17,hand,250,17.847153595784466,20.062298568665266,3326.050363794649,3808.8265080495676,3140733.417817441,2793756.0
tc,uniform,17,hand,500,34.546828046247875,39.041073596025036,2461.4599303769687,3958.110876814573,1622526.7233264532,1435646.15
tc,uniform,17,hand,750,51.18506252042378,57.89268427009151,2041.6717940148437,2456.4602067544783,1095107.6144301814,968156.3
tc,uniform,17,hand,1000,67.76467965139301,76.73350407076946,1782.3163321253764,2010.1879749757002,827173.565927847,730439.3
tc,uniform,17,hand,2500,166.08744432652236,188.1342328330835,1143.779621898239,1663.1350635091817,337491.80703269993,297921.15
tc,uniform,17,hand,5000,325.9383189472687,369.21210743869705,812.8142065642726,955.4128068949786,171974.72175792078,151807.5
tc,uniform,17,hand,7500,481.57714080994725,542.3416638767022,665.1101905508433,737.395444863379,116394.95931415514,103346.6
tc,uniform,17,hand,10000,634.1202607968819,713.9757512142864,577.221627549633,614.0551063904659,88395.14391286045,78502.9
tc,uniform,17,hand,25000,1520.6484949695207,1699.2165297875113,371.01219255720525,493.15953434541757,36861.34691654989,32985.3
tc,uniform,17,hand,50000,2968.841180695483,3311.737314173619,267.3933247135734,380.03938854032646,18880.48174340869,16924.4
tc,uniform,17,hand,75000,4409.414573456997,4847.977701565994,220.56980767215273,228.31886175167134,12712.152776157562,11561.35
tc,uniform,17,hand,100000,5847.702986957272,6441.39644195187,192.19619530134327,303.5792448352437,9585.499098743907,8701.4
tc,uniform,17,auto,100,7.7237197607511785,8.631728764536316,5569.101218087347,5650.422362182523,7257283.594886599,6493388.35
tc,uniform,17,auto,250,17.666287688143832,20.062298568665266,3894.665753930834,3808.8265080495676,3172892.1039149226,2793756.0
tc,uniform,17,auto,500,34.1845321879827,39.041073596025036,2857.4635449051075,3958.110876814573,1639724.7855539192,1435646.15
tc,uniform,17,auto,750,50.64278221673656,57.89268427009151,2363.024511889634,2456.4602067544783,1106835.4118324162,968156.3
tc,uniform,17,auto,1000,67.04370248577581,76.73350407076946,2059.697121028044,2010.1879749757002,836069.9459146576,730439.3
tc,uniform,17,auto,2500,164.31907567459632,188.1342328330835,1318.096656584036,1663.1350635091817,341124.2698456025,297921.15
tc,uniform,17,auto,5000,322.50927799391496,369.21210743869705,935.8396097192887,955.4128068949786,173803.44857011703,151807.5
tc,uniform,17,auto,7500,476.5752559136666,542.3416638767022,765.7482621913067,737.395444863379,117616.73317205379,103346.6
tc,uniform,17,auto,10000,627.6093189644812,713.9757512142864,664.8936347146124,614.0551063904659,89312.28873988922,78502.9
tc,uniform,17,auto,25000,1505.661194806857,1699.2165297875113,430.3710485894225,493.15953434541757,37228.31198979752,32985.3
tc,uniform,17,auto,50000,2940.2964569713117,3311.737314173619,312.88099859705227,380.03938854032646,19063.800379142478,16924.4
tc,uniform,17,auto,75000,4367.45412684748,4847.977701565994,259.26438105027853,228.31886175167134,12834.301880043184,11561.35
tc,uniform,17,auto,100000,5792.368308177088,6441.39644195187,226.51705192770973,303.5792448352437,9677.082279466003,8701.4
tc,uniform,18,hand,100,7.769497105565982,8.608573296846515,6570.815279606351,8811.957177906705,14367402.959868826,12966582.4
tc,uniform,18,hand,250,17.799455543771817,20.01219820736067,4702.625955061289,4941.843344552964,6271399.450207363,5577786.8
tc,uniform,18,hand,500,34.48650721188391,38.98202557053374,3480.288752765144,3835.0812466518946,3236845.5009191125,2863467.8
tc,uniform,18,hand,750,51.14236559896975,57.89554527984433,2886.7689325644096,3451.003529104933,2182681.508839898,1928020.1
tc,uniform,18,hand,1000,67.76865653007138,76.80234725686012,2520.070326785644,2973.6531188174226,1647184.7226551974,1453390.15
tc,uniform,18,hand,2500,166.94134793627177,189.28159280109904,1617.2357647711592,1232.2281177649372,668662.9591239054,589723.35
tc,uniform,18,hand,5000,330.14366904256104,375.3294150697969,1149.1940974508782,1237.9697417865082,338117.9352459741,297402.15
tc,uniform,18,hand,7500,490.89567109731536,556.0502291350604,939.8659205357641,1316.7948917132492,227395.55934904932,200744.05
tc,uniform,18,hand,10000,649.3540796992438,735.0671890063692,814.667664519202,1270.8323670977052,171905.4352640744,151855.2
tc,uniform,18,hand,25000,1565.7531589592677,1764.536342734022,517.9548192701592,490.90254955326367,71293.16333961482,63259.55
tc,uniform,18,hand,50000,3037.166225685521,3403.2209381559755,371.12228242573195,531.7767116493832,36753.83150489415,32799.45
tc,uniform,18,hand,75000,4488.173061500456,4980.502763010242,306.3471034068807,350.68118299284794,24871.477588228827,22412.15
tc,uniform,18,hand,100000,5932.3188004519325,6618.389690318219,267.4080649634422,392.5560100834423,18816.840339513958,16865.7
tc,uniform,18,auto,100,7.698524902179938,8.608573296846515,7874.206031539659,8811.957177906705,14499871.87540202,12966582.4
tc,uniform,18,auto,250,17.618066899595583,20.01219820736067,5506.961645093654,4941.843344552964,6335974.618972717,5577786.8
tc,uniform,18,auto,500,34.12242462682479,38.98202557053374,4040.45561540563,3835.0812466518946,3271386.073293477,2863467.8
tc,uniform,18,auto,750,50.596405044271165,57.89554527984433,3341.339348732815,3451.003529104933,2206236.2852366352,1928020.1
tc,uniform,18,auto,1000,67.0414944470814,76.80234725686012,2912.440709638175,2973.6531188174226,1665052.7502681676,1453390.15
tc,uniform,18,auto,2500,165.1397815668976,189.28159280109904,1863.8173473065708,1232.2281177649372,675958.4132426685,589723.35
tc,uniform,18,auto,5000,326.59635015780214,375.3294150697969,1323.1621040578536,1237.9697417865082,341790.79055006476,297402.15
tc,uniform,18,auto,7500,485.6547957906411,556.0502291350604,1081.8076374565824,1316.7948917132492,229849.7321116171,200744.05
tc,uniform,18,auto,10000,642.4680940482176,735.0671890063692,937.5819769847166,1270.8323670977052,173748.12188389117,151855.2
tc,uniform,18,auto,25000,1549.7135018232523,1764.536342734022,597.0767696543572,490.90254955326367,72031.13645191194,63259.55
tc,uniform,18,auto,50000,3007.011726899039,3403.2209381559755,430.4813062727707,531.7767116493832,37122.44409047125,32799.45
tc,uniform,18,auto,75000,4444.305335275978,4980.502763010242,357.1676689413219,350.68118299284794,25117.001711195262,22412.15
tc,uniform,18,auto,100000,5874.868934133471,6618.389690318219,312.8999782469937,392.5560100834423,19000.870651366415,16865.7
tc,kron,10,hand,100,11.338431756468637,12.119994294881423,471.00961258192086,566.9075762414905,85112.62685427473,79227.1
tc,kron,10,hand,250,22.94834881457876,24.884341683122642,339.56558104864865,336.000563909302,42052.860491117135,38587.8
tc,kron,10,hand,500,39.15542526455367,42.49801391916264,259.2924087210203,315.75804777842467,24646.48780292016,22594.75
tc,kron,10,hand,750,53.74540689940641,57.496856400368856,222.2252902406906,251.09117656215736,17955.8359844073,16700.6
tc,kron,10,hand,1000,67.5913298210237,72.4099524547453,199.51839598390066,251.87705334150627,14277.625751059055,13261.05
tc,kron,10,hand,2500,144.24214329054655,152.83747433428303,139.71535090393564,216.69457040291832,6690.442121738923,6282.7
tc,kron,10,hand,5000,262.43876749191685,283.63915637738523,103.83226921661263,143.571511614834,3677.2147667958293,3385.4
tc,kron,10,hand,7500,376.5066182222924,403.968026924695,86.40018884956191,125.21770515470459,2563.152052299927,2377.0
tc,kron,10,hand,10000,488.85384107637526,536.3525666089482,75.57501994158022,142.84150215130794,1974.0945659261006,1790.3
tc,kron,10,hand,25000,1149.411998951083,1225.3327378293882,48.709016596041586,82.64016800818506,839.5977352608484,783.65
tc,kron,10,hand,50000,2226.80267325826,2507.1331592689294,34.66982332074442,59.099381063639434,433.3763933330119,383.0
tc,kron,10,hand,75000,3289.7724433566873,3641.380356465681,28.37089549197296,46.80317128256655,293.3466456471077,263.7
tc,kron,10,hand,100000,4345.68894672145,4861.93417721519,24.597445506230745,27.69856541981532,222.0692099762545,197.5
tc,kron,10,auto,100,11.276227922254346,12.119994294881423,597.2303755874426,566.9075762414905,86677.27523244079,79227.1
tc,kron,10,auto,250,22.87568555862106,24.884341683122642,416.0167947763857,336.000563909302,42726.26971971243,38587.8
tc,kron,10,auto,500,39.08342906124294,42.49801391916264,313.0546491792128,315.75804777842467,25007.854599181137,22594.75
tc,kron,10,auto,750,53.69200424532173,57.496856400368856,268.4467698320664,251.09117656215736,18203.69205692551,16700.6
tc,kron,10,auto,1000,67.56599780207743,72.4099524547453,241.91499529087267,251.87705334150627,14465.748201692692,13261.05
tc,kron,10,auto,2500,144.4622453907595,152.83747433428303,172.17024368054123,216.69457040291832,6765.731133122015,6282.7
tc,kron,10,auto,5000,263.15450716221363,283.63915637738523,129.03001446764193,143.571511614834,3714.140113885603,3385.4
tc,kron,10,auto,7500,377.74023752881874,403.968026924695,107.6941036206735,125.21770515470459,2587.473120669085,2377.0
tc,kron,10,auto,10000,490.61073345235513,536.3525666089482,94.34618895668157,142.84150215130794,1992.1959397895885,1790.3
tc,kron,10,auto,25000,1154.3367856210368,1225.3327378293882,60.97587566788348,82.64016800818506,846.7136483700756,783.65
tc,kron,10,auto,50000,2237.0600408221953,2507.1331592689294,43.44059595686241,59.099381063639434,436.9094674999197,383.0
tc,kron,10,auto,75000,3305.39543485134,3641.380356465681,35.55886274307965,46.80317128256655,295.69615208382237,263.7
tc,kron,10,auto,100000,4366.692161019643,4861.93417721519,30.834002547036082,27.69856541981532,223.82908507403192,197.5
tc,kron,11,hand,100,9.013549974596321,9.722642260378588,656.2687002875167,941.1617834525514,163401.07009468658,150879.15
tc,kron,11,hand,250,18.649227347903466,20.498938332451814,479.25705900762165,519.4398273241344,78975.05262418005,71561.95
tc,kron,11,hand,500,32.63486184583939,35.99619657569121,364.4995896927321,459.33474492436886,45130.379842216,40752.75
tc,kron,11,hand,750,45.08487956236427,49.58228624638977,308.0982772113819,281.0363293616192,32667.797396767368,29586.05
tc,kron,11,hand,1000,56.65634974888456,61.917663669152056,273.5626897445734,395.97544780346965,25995.739537208196,23691.85
tc,kron,11,hand,2500,119.40819619153919,128.1000388593684,190.50678371000538,175.7667338743089,12334.360271538317,11451.55
tc,kron,11,hand,5000,217.0872824193277,233.19619750103328,144.65784752911637,218.37085789763114,6784.477168754892,6290.6
tc,kron,11,hand,7500,312.4889548366685,330.83241243995394,121.95558413095193,106.90275955278248,4713.20246173433,4434.1
tc,kron,11,hand,10000,407.00908679245765,438.05718551698396,107.52606267176232,142.87457694370298,3618.650686174968,3348.75
tc,kron,11,hand,25000,967.4422128124561,1010.2920110192838,70.48543082096997,123.77441279665962,1522.3893393273804,1452.0
tc,kron,11,hand,50000,1890.1031658515108,1997.4727668845317,50.49480117413165,68.20047846722115,779.229270555426,734.4
tc,kron,11,hand,75000,2805.758339918172,3083.110550651534,41.413759563201644,65.79361671165373,524.9289257192149,475.8
tc,kron,11,hand,100000,3717.943074443107,4091.3233858597127,35.94660314276872,55.45550610980606,396.1393925918517,358.55
tc,kron,11,auto,100,8.985875009075043,9.722642260378588,838.9987015947366,941.1617834525514,166646.5101827757,150879.15
tc,kron,11,auto,250,18.633520499052203,20.498938332451814,586.6180118703786,519.4398273241344,80364.02521343956,71561.95
tc,kron,11,auto,500,32.63834988184164,35.99619657569121,434.1569890906969,459.33474492436886,45880.527557984446,40752.75
tc,kron,11,auto,750,45.121879526335114,49.58228624638977,363.18351510136495,281.0363293616192,33187.108491945415,29586.05
tc,kron,11,auto,1000,56.737292002273044,61.917663669152056,321.37451427107305,395.97544780346965,26392.95352941733,23691.85
tc,kron,11,auto,2500,119.82728985131101,128.1000388593684,226.5936276737081,175.7667338743089,12496.858712728288,11451.55
tc,kron,11,auto,5000,218.13076120447013,233.19619750103328,175.01509484267953,218.37085789763114,6864.986409676026,6290.6
tc,kron,11,auto,7500,314.1709331415529,330.83241243995394,148.68767369057664,106.90275955278248,4766.401195129901,4434.1
tc,kron,11,auto,10000,409.333633857562,438.05718551698396,131.6462608595024,142.87457694370298,3658.29872588006,3348.75
tc,kron,11,auto,25000,973.644345181923,1010.2920110192838,86.99352208155095,123.77441279665962,1537.9997004154288,1452.0
tc,kron,11,auto,50000,1902.7974635669034,1997.4727668845317,62.495175545296334,68.20047846722115,786.980611375154,734.4
tc,kron,11,auto,75000,2824.9604718524197,3083.110550651534,51.30414012427907,65.79361671165373,530.0834210324497,475.8
tc,kron,11,auto,100000,3743.659913518896,4091.3233858597127,44.55230486737705,55.45550610980606,400.00019921505503,358.55
tc,kron,12,hand,100,7.646463359347774,8.282637525790406,925.1219027135932,1043.2502487797178,327876.5088354289,301880.65
tc,kron,12,hand,250,15.871543289628018,17.502624132216365,683.2826855272543,711.370572982372,157961.68434605535,142856.75
tc,kron,12,hand,500,28.320194349872303,31.54477247581187,524.3622500292474,784.6877287041939,88526.78340508205,79264.1
tc,kron,12,hand,750,39.83448154324371,44.56237279315052,444.0141787584173,550.9613989726449,62937.827080272364,56109.4
tc,kron,12,hand,1000,50.65677498427936,56.74336484017747,392.88812036290875,585.8350315665039,49491.814510083146,44064.5
tc,kron,12,hand,2500,107.62482808614006,118.34408922777648,264.5445352026674,274.0342804141573,23294.770879395608,21127.95
tc,kron,12,hand,5000,192.5640269058917,209.87862407037454,199.55886906544012,248.92937066354256,13019.543429190027,11913.4
tc,kron,12,hand,7500,274.6083296374456,295.39639315017513,169.7353916239399,176.04648758062092,9129.71472682927,8464.45
tc,kron,12,hand,10000,355.75834408157283,385.1460258780037,150.95341333214165,188.2313805707721,7047.18737567014,6492.0
tc,kron,12,hand,25000,837.6563314982762,883.5690937682209,101.50047635983256,134.545736696329,2992.988433235681,2829.85
tc,kron,12,hand,50000,1634.7294622622867,1703.1899458465311,73.58260643038537,115.55744754973831,1533.6456392799257,1468.05
tc,kron,12,hand,75000,2428.564675103582,2605.6356815339723,60.614914733592535,68.49771413781092,1032.3363989036209,959.6
tc,kron,12,hand,100000,3220.8312381790483,3466.4744211839734,52.73296684585561,66.31511695565428,778.4002096981657,721.3
tc,kron,12,auto,100,7.648237270611727,8.282637525790406,1189.043440241119,1043.2502487797178,334235.53960905207,301880.65
tc,kron,12,auto,250,15.911569728760002,17.502624132216365,834.6464688077618,711.370572982372,160657.48098884703,142856.75
tc,kron,12,auto,500,28.406646662985693,31.54477247581187,618.4638098831413,784.6877287041939,89989.94994125405,79264.1
tc,kron,12,auto,750,39.96727211595919,44.56237279315052,515.216950146778,550.9613989726449,63960.14978916266,56109.4
tc,kron,12,auto,1000,50.84110284452585,56.74336484017747,451.6787501784157,585.8350315665039,50280.43390439979,44064.5
tc,kron,12,auto,2500,108.19652013169733,118.34408922777648,300.8829227175123,274.0342804141573,23626.57050420307,21127.95
tc,kron,12,auto,5000,193.85961461049706,209.87862407037454,230.74987611053092,248.92937066354256,13186.411808035005,11913.4
tc,kron,12,auto,7500,276.6398079842833,295.39639315017513,198.95657298461472,176.04648758062092,9240.581570047234,8464.45
tc,kron,12,auto,10000,358.5277830445333,385.1460258780037,178.52155553419243,188.2313805707721,7130.026826633545,6492.0
tc,kron,12,auto,25000,844.8614052832626,883.5690937682209,122.4030005670025,134.545736696329,3025.7184139496835,2829.85
tc,kron,12,auto,50000,1649.3342469988047,1703.1899458465311,89.39462477805556,115.55744754973831,1549.9057973558386,1468.05
tc,kron,12,auto,75000,2450.571588835088,2605.6356815339723,73.82809759090912,68.49771413781092,1043.149574918622,959.6
tc,kron,12,auto,100000,3250.241031803761,3466.4744211839734,64.31070196860063,66.31511695565428,786.4994276385456,721.3
tc,kron,13,hand,100,6.848952695823482,7.416645610156469,1309.9881746444612,1714.8023332458104,673144.6275008403,620948.1
tc,kron,13,hand,250,14.06536759122152,15.562930345073578,977.3855835613293,808.9903047366442,327779.25506037805,295918.05
tc,kron,13,hand,500,25.139842008184853,28.277078221744116,757.7802443773573,967.5838383367817,183387.61674397052,162865.2
tc,kron,13,hand,750,35.66055050407403,40.29808679658197,645.6869437118694,594.1513430272237,129283.91867293992,114282.15
tc,kron,13,hand,1000,45.804513456684795,51.75535579227965,573.5829453788444,592.8517965154352,100652.43276867802,88983.1
tc,kron,13,hand,2500,101.19727421065967,114.14756503807106,384.43366305454225,414.5886229936728,45557.904075595565,40345.6
tc,kron,13,hand,5000,181.767088550847,202.8691120694592,281.9409346573465,411.5911231204813,25363.974017283617,22701.1
tc,kron,13,hand,7500,256.5777213919167,283.9138274885256,237.09818449675996,181.2702184730388,17968.573756872636,16220.95
tc,kron,13,hand,10000,329.2287608035698,359.2262211197953,210.56495126610594,243.63575055268151,14003.441558229091,12820.2
tc,kron,13,hand,25000,754.0236044120564,821.3942123333482,144.37487297108575,215.33007099261442,6114.312183629641,5606.75
tc,kron,13,hand,50000,1453.885348285441,1558.1256555130765,106.5363056469594,123.2212814838667,3171.044894728403,2955.7
tc,kron,13,hand,75000,2151.452404488302,2306.192944239966,88.43598244556458,107.13320532967604,2142.8945867373204,1996.95
tc,kron,13,hand,100000,2848.1361026853065,3068.904807916569,77.25963621104371,102.55333657226987,1618.7202946004631,1500.65
tc,kron,13,auto,100,6.860792981225284,7.416645610156469,1692.4168783500606,1714.8023332458104,686319.6024259046,620948.1
tc,kron,13,auto,250,14.126084982533193,15.562930345073578,1192.416016140226,808.9903047366442,333333.4548831644,295918.05
tc,kron,13,auto,500,25.262267599434825,28.277078221744116,885.8430588812192,967.5838383367817,186392.48011553477,162865.2
tc,kron,13,auto,750,35.83719404166516,40.29808679658197,739.0517620389352,594.1513430272237,131391.3334209853,114282.15
tc,kron,13,auto,1000,46.03460677077623,51.75535579227965,648.2947167296751,592.8517965154352,102286.02005111852,88983.1
tc,kron,13,auto,2500,101.788080996578,114.14756503807106,422.9927848720926,414.5886229936728,46259.80434152477,40345.6
tc,kron,13,auto,5000,183.06316767853065,202.8691120694592,309.31687640296445,411.5911231204813,25721.704540094674,22701.1
tc,kron,13,auto,7500,258.612607566775,283.9138274885256,262.54457277379845,181.2702184730388,18207.529615450654,16220.95
tc,kron,13,auto,10000,332.00794414129,359.2262211197953,235.6254857246023,243.63575055268151,14182.482058914624,12820.2
tc,kron,13,auto,25000,761.2656913308765,821.3942123333482,167.32732330490524,215.33007099261442,6185.3525842850395,5606.75
tc,kron,13,auto,50000,1468.5477007468346,1558.1256555130765,125.59080354163008,123.2212814838667,3206.3627955743973,2955.7
tc,kron,13,auto,75000,2173.5290381781783,2306.192944239966,104.90182257605356,107.13320532967604,2166.383162355971,1996.95
tc,kron,13,auto,100000,2877.6249647764944,3068.904807916569,91.93735179420104,102.55333657226987,1636.3135463577337,1500.65
tc,kron,14,hand,100,6.540140158297711,7.030148402045311,1885.0325977506805,2151.2489126576456,1406796.718190784,1298951.1
tc,kron,14,hand,250,13.283998931062342,14.53437933492437,1407.2542484822122,1185.072570507136,692611.2956608906,628290.95
tc,kron,14,hand,500,23.580502591306256,26.163305294320814,1097.829699108994,1621.790676187413,390180.3057663878,349031.55
tc,kron,14,hand,750,33.43379712352291,37.332645699138375,940.3294060928569,951.2998641747756,275190.03232593363,244606.8
tc,kron,14,hand,1000,43.04203281529959,48.3304392007219,838.6834805873726,764.4454818604398,213759.59984702535,188945.5
tc,kron,14,hand,2500,97.64646829810762,110.05579428366202,568.3252390101311,469.52814780260735,94224.0704816078,82974.45
tc,kron,14,hand,5000,180.7310304437068,203.776114074041,414.6819968113416,486.2143776695944,50907.95802255301,44813.0
tc,kron,14,hand,7500,257.12221888122644,286.89661997540026,343.67254240172184,278.0210660325842,35783.16860843157,31829.65
tc,kron,14,hand,10000,329.45321745027275,364.95743677462673,301.3545476923433,308.0694385156832,27927.02339472435,25021.6
tc,kron,14,hand,25000,733.842270748102,796.606504178516,203.23720798305828,163.03160817202877,12537.636598422634,11463.4
tc,kron,14,hand,50000,1383.8633333180467,1488.2849832132729,152.09584798775742,162.67164214421248,6648.523369096618,6135.8
tc,kron,14,hand,75000,2028.7466118734242,2154.8744026901068,127.55862315968224,152.1062215413259,4535.138916488312,4237.75
tc,kron,14,hand,100000,2672.1788405945526,2852.1782178217823,112.16630637589158,114.61105852770969,3443.125726253358,3201.7
tc,kron,14,auto,100,6.473434380069578,7.030148402045311,2420.7692079207395,2151.2489126576456,1421306.862942524,1298951.1
tc,kron,14,auto,250,13.127711189146961,14.53437933492437,1711.8009838212547,1185.072570507136,700863.7361558866,628290.95
tc,kron,14,auto,500,23.27804917157839,26.163305294320814,1275.7124947866296,1621.790676187413,395253.7707685025,349031.55
tc,kron,14,auto,750,32.98622766082919,37.332645699138375,1066.634028542406,951.2998641747756,278926.61160908546,244606.8
tc,kron,14,auto,1000,42.451115689305404,48.3304392007219,937.2071026653866,764.4454818604398,216737.21789881936,188945.5
tc,kron,14,auto,2500,96.25424147627518,110.05579428366202,614.0339270376066,469.52814780260735,95587.85742931422,82974.45
tc,kron,14,auto,5000,178.22251481427145,203.776114074041,442.22822803719976,486.2143776695944,51624.996543165216,44813.0
tc,kron,14,auto,7500,253.68715017626462,286.89661997540026,365.64389710907346,278.0210660325842,36268.043946286605,31829.65
tc,kron,14,auto,10000,325.1983767331405,364.95743677462673,321.3579158338989,308.0694385156832,28292.689538088154,25021.6
tc,kron,14,auto,25000,725.3559683102537,796.606504178516,223.86052616314132,163.03160817202877,12684.443381136665,11463.4
tc,kron,14,auto,50000,1368.7994369209214,1488.2849832132729,172.63664907854266,162.67164214421248,6721.756645296255,6135.8
tc,kron,14,auto,75000,2007.18980985006,2154.8744026901068,146.68621968188071,152.1062215413259,4583.889707913714,4237.75
tc,kron,14,auto,100000,2644.1511114071523,2852.1782178217823,129.90011214920253,114.61105852770969,3479.6561631852305,3201.7
tc,kron,15,hand,100,6.239506008364361,6.709192251162529,2684.9566174648985,3129.936614037828,2932455.1794120977,2706504.05
tc,kron,15,hand,250,12.42490158060638,13.589145809526764,2014.4495485812135,1622.4554644767709,1472613.0096483238,1336247.05
tc,kron,15,hand,500,21.708022265247525,24.13450281321782,1584.9613280105375,2067.7244770901857,842871.4273290959,752385.75
tc,kron,15,hand,750,30.560428316336193,34.2944192040903,1366.9543445956347,1675.3731273329931,598717.7771791964,529487.2
tc,kron,15,hand,1000,39.21102816441726,44.2413737822233,1225.5344316551702,1210.157162477141,466630.755880178,410440.6
tc,kron,15,hand,2500,89.23049611890931,101.87657915812831,843.4164539442322,859.9155940831441,205054.0174831948,178239.75
tc,kron,15,hand,5000,168.6159788355364,193.50381445924617,620.3374140503839,695.101590454684,108513.27280819252,93840.3
tc,kron,15,hand,7500,244.2598911323857,278.5357529349596,514.3681836189371,505.73026667540745,74908.21201293421,65192.55
tc,kron,15,hand,10000,316.7232640285638,359.0412230584965,449.2808816180241,528.7614400902517,57769.90132796449,50574.85
tc,kron,15,hand,25000,710.6806309327055,793.6596239411872,292.68531399693103,255.17432637729328,25745.842668017678,22879.4
tc,kron,15,hand,50000,1312.8148575677908,1445.6275998232618,216.3573006537581,284.3730824111171,13937.28263031648,12560.95
tc,kron,15,hand,75000,1898.9533236279144,2067.3842405474024,182.29137549966893,191.69468597636947,9635.345684139706,8783.3
tc,kron,15,hand,100000,2480.370047343535,2696.3332095923975,161.25039674500061,193.76912469279162,7376.75079200261,6734.5
tc,kron,15,auto,100,6.189968465088857,6.709192251162529,3450.945950100151,3129.936614037828,2955937.629471965,2706504.05
tc,kron,15,auto,250,12.316581979334433,13.589145809526764,2445.6860313834995,1622.4554644767709,1485571.300698615,1336247.05
tc,kron,15,auto,500,21.502230707094448,24.13450281321782,1825.871565342987,2067.7244770901857,850942.4422259597,752385.75
tc,kron,15,auto,750,30.25456711939808,34.2944192040903,1528.8768273594355,1675.3731273329931,604773.508706708,529487.2
tc,kron,15,auto,1000,38.80297127213072,44.2413737822233,1344.9643011519656,1210.157162477141,471540.19682875316,410440.6
tc,kron,15,auto,2500,88.19560557899966,101.87657915812831,884.8094921768197,859.9155940831441,207461.13812679268,178239.75
tc,kron,15,auto,5000,166.5689199082624,193.50381445924617,638.4763126463718,695.101590454684,109847.38762356214,93840.3
tc,kron,15,auto,7500,241.27514637175,278.5357529349596,525.8730518832085,505.73026667540745,75835.2486211291,65192.55
tc,kron,15,auto,10000,312.87380370164226,359.0412230584965,457.89349674381225,528.7614400902517,58480.96099681526,50574.85
tc,kron,15,auto,25000,702.5762709496511,793.6596239411872,300.1985799366301,255.17432637729328,26042.95286897358,22879.4
tc,kron,15,auto,50000,1298.7635320400575,1445.6275998232618,228.83164788676896,284.3730824111171,14088.1386486579,12560.95
tc,kron,15,auto,75000,1879.2460735242942,2067.3842405474024,196.9908956784758,191.69468597636947,9736.436845062502,8783.3
tc,kron,15,auto,100000,2455.083565356254,2696.3332095923975,176.6493752653986,193.76912469279162,7452.764936148273,6734.5
tc,kron,16,hand,100,6.01797381452684,6.461794805029189,3809.6047191385837,4626.515515852205,6070679.739917309,5612241.35
tc,kron,16,hand,250,11.743519462331555,12.805670587766693,2871.0414641212315,3412.702870777143,3110923.588825703,2831960.4
tc,kron,16,hand,500,20.12055124228215,22.301535918451684,2273.5832906466158,2136.0736238050854,1815715.249114479,1626128.0
tc,kron,16,hand,750,28.017331004509902,31.377645928478735,1973.668241326988,1683.9081883648366,1303949.7482940217,1155763.95
tc,kron,16,hand,1000,35.70586356179036,40.279955904934596,1779.224309162539,1653.4957705291893,1023170.6522929741,900327.5
tc,kron,16,hand,2500,80.25903874221758,92.15250215927921,1246.6221291657907,1489.371640729919,455190.99510450417,393534.1
tc,kron,16,hand,5000,152.193018386312,175.64483518442145,926.9025172388433,983.5239153702735,240045.12229640302,206468.65
tc,kron,16,hand,7500,222.38895977138517,256.67920153391105,772.1604629709736,793.1783432561201,164276.1032236354,141285.9
tc,kron,16,hand,10000,291.1093572453772,335.94770854330943,676.0544649252637,735.380359871142,125496.45280006235,107948.8
tc,kron,16,hand,25000,677.2390404414085,773.3736243699639,437.2480596172214,359.5213594416013,53944.3084784207,46892.15
tc,kron,16,hand,50000,1256.592060874731,1416.8261118414755,314.73719604201233,264.7007197810985,29073.23136019952,25596.05
tc,kron,16,hand,75000,1801.449424243196,2007.1647705731452,262.0325229492326,204.9891588917767,20279.887528093594,18067.85
tc,kron,16,hand,100000,2332.659011590658,2589.9332612025837,231.0969302131841,175.30733163879873,15661.608288940917,14002.35
tc,kron,16,auto,100,5.972279729144385,6.461794805029189,4912.990418572071,4626.515515852205,6117141.588817524,5612241.35
tc,kron,16,auto,250,11.648861063013147,12.805670587766693,3488.3857076320587,3412.702870777143,3136210.5285296547,2831960.4
tc,kron,16,auto,500,19.94917230203416,22.301535918451684,2607.5898262432493,2136.0736238050854,1831318.1197736098,1626128.0
tc,kron,16,auto,750,27.768489699510237,31.377645928478735,2186.1879520932584,1683.9081883648366,1315638.01656254,1155763.95
tc,kron,16,auto,1000,35.37817159569708,40.279955904934596,1925.4804250852444,1653.4957705291893,1032650.3339037562,900327.5
tc,kron,16,auto,2500,79.43947757809019,92.15250215927921,1272.5156115027237,1489.371640729919,459888.22969396063,393534.1
tc,kron,16,auto,5000,150.53736648165227,175.64483518442145,921.3312976101264,983.5239153702735,242685.79665669723,206468.65
tc,kron,16,auto,7500,219.91211960162792,256.67920153391105,760.0433512929773,793.1783432561201,166126.72724623466,141285.9
tc,kron,16,auto,10000,287.83644356209663,335.94770854330943,662.1183705465636,735.380359871142,126923.74967911052,107948.8
tc,kron,16,auto,25000,669.7396905367125,773.3736243699639,424.73535729413976,359.5213594416013,54548.477904787345,46892.15
tc,kron,16,auto,50000,1243.403424075315,1416.8261118414755,308.18186003801134,264.7007197810985,29381.67935187228,25596.05
tc,kron,16,auto,75000,1783.244213284744,2007.1647705731452,260.88475163895265,204.9891588917767,20486.97561390456,18067.85
tc,kron,16,auto,100000,2309.679249483341,2589.9332612025837,233.82702308411697,175.30733163879873,15817.469338815426,14002.35
tc,kron,17,hand,100,5.847751803784732,6.246155941158905,5406.561301207223,6910.105415450202,12536269.351198277,11652624.7
tc,kron,17,hand,250,11.1902836179736,12.120066372515494,4085.682063456095,5030.718339414855,6551129.016377529,6005256.8
tc,kron,17,hand,500,18.796065292100586,20.681506661261214,3253.033056535648,3252.2635012524092,3900230.7436126275,3519284.75
tc,kron,17,hand,750,25.842132988954134,28.730641958183842,2838.364075657962,3353.343296347396,2836801.1163217793,2533327.0
tc,kron,17,hand,1000,32.64885923996021,36.58900128778168,2571.3379998471887,2986.578558185011,2245376.8192144134,1989234.7
tc,kron,17,hand,2500,71.83113642218694,82.17840060825293,1836.2996883260948,2435.1087860709645,1020574.0207189253,885684.2
tc,kron,17,hand,5000,135.28284438393314,156.49222431521318,1383.1430990886065,1849.7980003517293,541894.2220282552,465097.3
tc,kron,17,hand,7500,197.7989967907847,229.03141514885806,1159.1133611194568,1457.6772249387984,370623.6780803348,317790.95
tc,kron,17,hand,10000,259.64799711524705,301.00121708786395,1018.3399321403618,1668.4519171974976,282339.9083593244,241806.7
tc,kron,17,hand,25000,619.212151486134,716.9788799684776,662.9416035668132,762.2138116938352,118390.7511105143,101515.0
tc,kron,17,hand,50000,1180.6433502455607,1358.6602887783388,474.09496838859224,623.9813171966982,62092.41063014797,53570.5
tc,kron,17,hand,75000,1706.366579050041,1943.2674578488566,389.55951745276116,509.11765779010625,42962.041457711355,37454.5
tc,kron,17,hand,100000,2209.4208289371986,2513.2895368391246,339.7169090338479,476.84931968517094,33180.184938541075,28959.7
tc,kron,17,auto,100,5.802488493231339,6.246155941158905,6998.059309045626,6910.105415450202,12634076.016991114,11652624.7
tc,kron,17,auto,250,11.101749575098442,12.120066372515494,4975.760054302335,5030.718339414855,6603380.864907586,6005256.8
tc,kron,17,auto,500,18.644564328065336,20.681506661261214,3723.077123353162,3252.2635012524092,3931927.795215364,3519284.75
tc,kron,17,auto,750,25.629198936054383,28.730641958183842,3124.6717313633244,3353.343296347396,2860373.4706695015,2533327.0
tc,kron,17,auto,1000,32.374180143940116,36.58900128778168,2755.168084228933,2986.578558185011,2264430.4932282018,1989234.7
tc,kron,17,auto,2500,71.17381290900984,82.17840060825293,1830.5037097144918,2435.1087860709645,1030000.7504855881,885684.2
tc,kron,17,auto,5000,133.96317968649498,156.49222431521318,1330.996897508542,1849.7980003517293,547233.059731497,465097.3
tc,kron,17,auto,7500,195.81025671164076,229.03141514885806,1100.389479195644,1457.6772249387984,374388.3591305399,317790.95
tc,kron,17,auto,10000,256.9934188019799,301.00121708786395,959.9023584129119,1668.4519171974976,285256.6460765578,241806.7
tc,kron,17,auto,25000,612.7434990931555,716.9788799684776,616.786142950222,762.2138116938352,119640.73192077356,101515.0
tc,kron,17,auto,50000,1168.5618629271025,1358.6602887783388,439.48311875529674,623.9813171966982,62734.445678015545,53570.5
tc,kron,17,auto,75000,1689.3779793148103,1943.2674578488566,361.8415757283208,509.11765779010625,43394.12589060394,37454.5
tc,kron,17,auto,100000,2187.9523880373144,2513.2895368391246,317.39891071428997,476.84931968517094,33505.79341306522,28959.7
tc,kron,18,hand,100,5.708230076214633,6.015549598186445,7671.719517398241,11870.46341089789,25813475.23555225,23797193.7
tc,kron,18,hand,250,10.727299689201782,11.368010594637935,5805.086434264577,6448.2755720135865,13735913.042452274,12592634.2
tc,kron,18,hand,500,17.67756763342199,18.968824099247122,4643.400560459359,5034.677284384263,8335380.679444607,7546761.9
tc,kron,18,hand,750,23.99294380224254,25.99048831114576,4069.2680573509,8044.916903662856,6141357.931135935,5507907.25
tc,kron,18,hand,1000,30.025598318916842,32.767335713480485,3701.0463497641445,5689.817909397892,4907454.4375812635,4368777.5
tc,kron,18,hand,2500,64.29648904275932,71.7590864447834,2691.760692998182,5490.428704381338,2291715.4249776965,1994913.9
tc,kron,18,hand,5000,119.50697184972077,135.12469115636446,2057.3989033279145,3450.8513743559947,1232976.2308469475,1059415.55
tc,kron,18,hand,7500,174.02246963983438,197.38582212701462,1736.5260679450942,3451.14204438563,846725.4603164889,725245.6
tc,kron,18,hand,10000,228.17032678621214,259.58747458130557,1532.13372131991,3315.5206561040704,645786.2325334803,551464.2
tc,kron,18,hand,25000,548.0053616890302,625.1696862146287,1006.7263363017781,1705.7602557217774,268882.87234462396,228982.95
tc,kron,18,hand,50000,1065.1260189064344,1215.548474803088,722.3152618174415,1421.8530681362313,138339.73923807117,117768.4
tc,kron,18,hand,75000,1564.0594284462318,1770.067048369417,592.8422619614114,993.0304747006558,94209.49935232366,80874.45
tc,kron,18,hand,100000,2046.6107439986406,2318.604608599458,514.9070426520295,1123.0603348838713,71996.71756990388,61741.1
tc,kron,18,auto,100,5.6662372932408696,6.015549598186445,9956.329325237679,11870.46341089789,26005829.45705041,23797193.7
tc,kron,18,auto,250,10.648529940870601,11.368010594637935,7089.7901392846925,6448.2755720135865,13838079.202428719,12592634.2
tc,kron,18,auto,500,17.548054358540348,18.968824099247122,5308.997701570631,5034.677284384263,8397238.673898092,7546761.9
tc,kron,18,auto,750,23.81572801365954,25.99048831114576,4458.772983712195,8044.916903662856,6187306.162830094,5507907.25
tc,kron,18,auto,1000,29.801091314533434,32.767335713480485,3934.4535057553803,5689.817909397892,4944624.314457189,4368777.5
tc,kron,18,auto,2500,63.78058426838687,71.7590864447834,2626.4765722344837,5490.428704381338,2310345.7329762694,1994913.9
tc,kron,18,auto,5000,118.48125677542686,135.12469115636446,1919.094208870954,3450.8513743559947,1243700.5204165138,1059415.55
tc,kron,18,auto,7500,172.4735533786406,197.38582212701462,1590.8092969802096,3451.14204438563,854364.0333524299,725245.6
tc,kron,18,auto,10000,226.09342853066642,259.58747458130557,1390.0396830590691,3315.5206561040704,651744.7307904144,551464.2
tc,kron,18,auto,25000,542.7806609804054,625.1696862146287,896.7524123941639,1705.7602557217774,271482.0392551174,228982.95
tc,kron,18,auto,50000,1054.9014893269314,1215.548474803088,639.472364191377,1421.8530681362313,139686.21923666008,117768.4
tc,kron,18,auto,75000,1549.1713234737147,1770.067048369417,523.8446082412036,993.0304747006558,95118.7247520085,80874.45
tc,kron,18,auto,100000,2027.3638560544564,2318.604608599458,454.7187451174696,1123.0603348838713,72683.15466468636,61741.1
sssp,uniform,10,hand,100,14.592655249298867,15.673537003215046,500.7901663035149,463.47299927032475,85532.59772658192,79501.2
sssp,uniform,10,hand,250,32.137377612501766,33.98944636371448,353.02864657756726,492.73322289791554,38837.882986302895,36660.35
sssp,uniform,10,hand,500,59.704945490343675,61.137660502519466,263.3053708739294,199.92290619399407,20905.26506556885,20381.3
sssp,uniform,10,hand,750,85.86725394020391,86.68429016156803,219.5526802833436,339.9060048090695,14535.782314293605,14374.75
sssp,uniform,10,hand,1000,110.9971541977493,111.32985780720212,192.28730294156378,187.94077314549477,11244.862268966917,11192.55
sssp,uniform,10,hand,2500,248.73594848972098,238.44939433951433,124.26856780693878,152.4536512828527,5017.9626981121855,5225.7
sssp,uniform,10,hand,5000,455.50019040390066,436.25908096280085,88.54333948433612,146.62371280899532,2740.1694609484525,2856.25
sssp,uniform,10,hand,7500,652.2213366786059,619.7632488622517,72.48279314525118,79.9588545506539,1913.6873343596574,2010.55
sssp,uniform,10,hand,10000,844.8646310438154,789.0732356014311,62.853863556704944,114.24225183907727,1477.334551996702,1579.15
sssp,uniform,10,hand,25000,1969.7170913049606,1793.0282754154973,39.84634579395605,63.7911683377467,633.6685185455042,694.95
sssp,uniform,10,hand,50000,3791.8359072467065,3393.423202614379,28.19795930233951,38.66944938565163,329.16712160871634,367.2
sssp,uniform,10,hand,75000,5582.203663962043,4956.5035799522675,23.029632066281454,45.67897132218096,223.59408332928587,251.4
sssp,uniform,10,hand,100000,7357.216387366091,6610.424403183024,19.94688794905723,44.85238948044199,169.6494496674462,188.5
sssp,uniform,10,auto,100,14.895942508397074,15.673537003215046,623.2943117162497,463.47299927032475,82802.59611002624,79501.2
sssp,uniform,10,auto,250,33.009651192562885,33.98944636371448,444.3229046680948,492.73322289791554,37365.517860390646,36660.35
sssp,uniform,10,auto,500,61.463152754542186,61.137660502519466,332.2064767078468,199.92290619399407,20067.67723300401,20381.3
sssp,uniform,10,auto,750,88.41219319721361,86.68429016156803,277.1846246185708,339.9060048090695,13950.82133580469,14374.75
sssp,uniform,10,auto,1000,114.25313634745034,111.32985780720212,242.83345755578904,187.94077314549477,10795.526062847543,11192.55
sssp,uniform,10,auto,2500,255.3611588845507,238.44939433951433,157.00935233792774,152.4536512828527,4830.110877428337,5225.7
sssp,uniform,10,auto,5000,466.35431306948726,436.25908096280085,111.88761128702407,146.62371280899532,2644.8189212248,2856.25
sssp,uniform,10,auto,7500,666.7877244103803,619.7632488622517,91.59691548302897,79.9588545506539,1849.7981682126067,2010.55
sssp,uniform,10,auto,10000,862.9581562577197,789.0732356014311,79.43056753697591,114.24225183907727,1429.2960814575304,1579.15
sssp,uniform,10,auto,25000,2007.6381693333512,1793.0282754154973,50.3571904574694,63.7911683377467,614.3650434831789,694.95
sssp,uniform,10,auto,50000,3860.4704096937357,3393.423202614379,35.636608415288265,38.66944938565163,319.50062565013303,367.2
sssp,uniform,10,auto,75000,5680.141733838456,4956.5035799522675,29.10499804029043,45.67897132218096,217.14646728849613,251.4
sssp,uniform,10,auto,100000,7483.793251544136,6610.424403183024,25.209060817609583,44.85238948044199,164.81250480115563,188.5
sssp,uniform,11,hand,100,12.966697435869325,14.394280734596391,684.1141278595815,1005.0894958842396,155480.12292042898,139423.5
sssp,uniform,11,hand,250,28.594237261033992,31.263962961203198,478.3673661085933,451.5574539419415,70505.94470475032,64192.15
sssp,uniform,11,hand,500,53.237909570436265,57.510094135515025,357.8203684712889,432.302830018615,37868.94954118412,34896.5
sssp,uniform,11,hand,750,77.0298537424861,81.86286986955137,299.6664273496445,340.2754921035552,26172.498236083324,24515.4
sssp,uniform,11,hand,1000,100.25444735151294,105.13169612455079,263.32400415769723,316.86347715995106,20109.469100480255,19089.4
sssp,uniform,11,hand,2500,232.43430654171132,237.27983731282401,171.64075251245526,257.7127072413858,8673.692542194423,8457.95
sssp,uniform,11,hand,5000,439.4075978768902,440.8252427184466,122.75800614095368,155.27307015638434,4588.140307409566,4552.6
sssp,uniform,11,hand,7500,639.9632263378076,620.4287878319474,100.62935520145378,122.3481228212952,3150.2805602407934,3234.7
sssp,uniform,11,hand,10000,837.7471089347267,803.0173655569783,87.32321290622437,115.8954156488558,2406.5301923447832,2499.2
sssp,uniform,11,hand,25000,2002.801919641004,1894.0175537938846,55.431658636264444,86.8406889836665,1006.6216191575986,1059.6
sssp,uniform,11,hand,50000,3908.174082746611,3553.609561752988,39.244847416397555,64.9103632955316,515.8582162706816,564.75
sssp,uniform,11,hand,75000,5791.578271429823,5100.129606099111,32.056620094260225,50.48032446304932,348.102644342446,393.5
sssp,uniform,11,hand,100000,7664.218537414134,7121.721078779276,27.76763351076352,47.801783714792386,263.04882896530546,281.8
sssp,uniform,11,auto,100,13.26560410141947,14.394280734596391,854.8348523801338,1005.0894958842396,149501.72612107132,139423.5
sssp,uniform,11,auto,250,29.476728507838313,31.263962961203198,601.7768397960267,451.5574539419415,67281.23545574614,64192.15
sssp,uniform,11,auto,500,55.04019342262087,57.510094135515025,450.91717246020494,432.302830018615,36032.408098077096,34896.5
sssp,uniform,11,auto,750,79.6820586784017,81.86286986955137,378.06337603099087,340.2754921035552,24889.300604108772,24515.4
sssp,uniform,11,auto,1000,103.70612383699314,105.13169612455079,332.4769576902896,316.86347715995106,19123.564142829655,19089.4
sssp,uniform,11,auto,2500,240.06088378747555,237.27983731282401,217.14196138895085,257.7127072413858,8261.36553323996,8457.95
sssp,uniform,11,auto,5000,452.9137483692369,440.8252427184466,155.43171492845326,155.27307015638434,4378.826472682277,4552.6
sssp,uniform,11,auto,7500,658.8749616684912,620.4287878319474,127.4521826188036,122.3481228212952,3010.0259177838116,3234.7
sssp,uniform,11,auto,10000,861.8730890299812,803.0173655569783,110.61671838349532,115.8954156488558,2301.0704666890756,2499.2
sssp,uniform,11,auto,25000,2056.7746478476593,1894.0175537938846,70.2385915438174,86.8406889836665,964.2430750866915,1059.6
sssp,uniform,11,auto,50000,4009.4723502593583,3553.609561752988,49.73291291467155,64.9103632955316,494.6363356446855,564.75
sssp,uniform,11,auto,75000,5938.750605490351,5100.129606099111,40.62501592962994,50.48032446304932,333.94746520715745,393.5
sssp,uniform,11,auto,100000,7856.565797778909,7121.721078779276,35.19022029833123,47.801783714792386,252.42972085356217,281.8
sssp,uniform,12,hand,100,12.137813717013447,13.585757425373629,953.2935750125162,1075.7024865052977,292584.1336832439,259638.45
sssp,uniform,12,hand,250,27.094088902055947,30.368828641903033,660.2357789834806,666.9384489867421,131074.04068979388,116151.5
sssp,uniform,12,hand,500,50.48848682195769,56.20099181454263,490.11098599878164,497.04567988740934,70339.43646844417,62763.75
sssp,uniform,12,hand,750,73.0718562238645,80.69714079164703,410.32903917711246,450.6720595545717,48600.54054629512,43711.4
sssp,uniform,12,hand,1000,95.22667377777928,104.6680039287018,361.1463679784899,451.2899756312597,37293.455397679354,33700.7
sssp,uniform,12,hand,2500,223.73193180773168,238.69648186118272,237.5461511542184,318.2645539732464,15873.155353849439,14777.7
sssp,uniform,12,hand,5000,430.2684503805247,444.3949606299213,170.88630293076773,192.07687605693056,8253.758108595262,7937.5
sssp,uniform,12,hand,7500,633.0713400970287,641.6985783025133,140.41454785633627,202.73354953056773,5609.686438587906,5496.95
sssp,uniform,12,hand,10000,834.2119147067506,833.6803668076859,122.00318457934158,147.68098619731148,4257.109792599125,4231.1
sssp,uniform,12,hand,25000,2027.828918261969,1972.4794497567523,77.63652909766446,97.7203852029377,1751.2974981364716,1788.3
sssp,uniform,12,hand,50000,3994.9631003171967,3698.6316451714374,55.01323011970647,91.89587929596705,888.952318713282,953.7
sssp,uniform,12,hand,75000,5948.616872352224,5349.385805277525,44.950033482633195,47.30461199280123,597.001250443062,659.4
sssp,uniform,12,hand,100000,7895.596013957218,6974.562530894711,38.94175326814679,40.88221206292406,449.7864005355906,505.75
sssp,uniform,12,auto,100,12.433590618803112,13.585757425373629,1194.1688901445254,1075.7024865052977,280072.49216768803,259638.45
sssp,uniform,12,auto,250,28.00606697381364,30.368828641903033,829.6630950256797,666.9384489867421,124341.15488108403,116151.5
sssp,uniform,12,auto,500,52.37370865841648,56.20099181454263,615.2979966727173,497.04567988740934,66489.59564640961,62763.75
sssp,uniform,12,auto,750,75.86018181519758,80.69714079164703,515.4847382854715,450.6720595545717,45904.2758384655,43711.4
sssp,uniform,12,auto,1000,98.87589103714869,104.6680039287018,454.1420209392165,451.2899756312597,35218.9666730046,33700.7
sssp,uniform,12,auto,2500,232.10627820701995,238.69648186118272,299.84096229184684,318.2645539732464,15003.069878596903,14777.7
sssp,uniform,12,auto,5000,445.7862902441954,444.3949606299213,216.15144974726917,192.07687605693056,7811.605667131252,7937.5
sssp,uniform,12,auto,7500,655.3933339647778,641.6985783025133,177.75317891269782,202.73354953056773,5313.3081017698005,5496.95
sssp,uniform,12,auto,10000,863.1924967774424,833.6803668076859,154.51267284308068,147.68098619731148,4034.2180037494227,4231.1
sssp,uniform,12,auto,25000,2095.6288561395186,1972.4794497567523,98.40454548391666,97.7203852029377,1661.7001149792986,1788.3
sssp,uniform,12,auto,50000,4125.565895570959,3698.6316451714374,69.7493666637303,91.89587929596705,844.0797697449066,953.7
sssp,uniform,12,auto,75000,6140.878721411319,5349.385805277525,56.996096004710914,47.30461199280123,567.0697744052919,659.4
sssp,uniform,12,auto,100000,8148.956277506732,6974.562530894711,49.38006858158264,40.88221206292406,427.3316229236692,505.75
sssp,uniform,13,hand,100,11.712249743238214,13.10846222520087,1339.7189819904545,1297.731700232933,565595.8382398234,499853.75
sssp,uniform,13,hand,250,26.595458992043046,29.785662154861203,924.9665509997701,945.8275838761768,249080.1047345298,219982.15
sssp,uniform,13,hand,500,49.99236984177935,56.211603553892395,680.5293245858454,982.7192282533939,132508.2153969998,116565.15
sssp,uniform,13,hand,750,72.43237478540544,81.46614629634004,566.5269319250893,686.3290525841481,91456.33745720758,80429.9
sssp,uniform,13,hand,1000,94.35361483839128,105.73611937022892,497.3212170150642,577.84158045719,70208.22384544816,61968.55
sssp,uniform,13,hand,2500,221.58473393948736,241.81715852621127,327.8936612465211,412.923756821242,29895.560011864505,27096.15
sssp,uniform,13,hand,5000,428.08770643360253,455.5944624840946,237.49500799424817,251.5750175865726,15474.398380623516,14381.9
sssp,uniform,13,hand,7500,632.2868526959719,660.3125047238501,195.84852299543678,195.0232037476567,10476.889853008288,9923.05
sssp,uniform,13,hand,10000,835.5015594142511,868.6154784314766,170.5279399067622,192.08232884008774,7928.650325733888,7543.4
sssp,uniform,13,hand,25000,2047.1450769059938,2050.9629861491508,108.99265738614558,122.56206805662096,3235.9209837794856,3194.75
sssp,uniform,13,hand,50000,4053.976210327392,3914.75070948469,77.35954934809057,82.3080702061021,1634.0499715626104,1673.75
sssp,uniform,13,hand,75000,6053.211552631696,5550.92680447306,63.24480092101428,93.5900354569978,1094.3611756507912,1180.4
sssp,uniform,13,hand,100000,8048.665924117042,7260.986258865249,54.807013590674416,57.0903254777716,823.0431941958985,902.4
sssp,uniform,13,auto,100,11.998532045257168,13.10846222520087,1681.3577177403197,1297.731700232933,540088.6280720085,499853.75
sssp,uniform,13,auto,250,27.528936987745094,29.785662154861203,1163.1371560661473,945.8275838761768,235398.50863423315,219982.15
sssp,uniform,13,auto,500,51.98625976064688,56.211603553892395,852.7929186343008,982.7192282533939,124653.52847150736,116565.15
sssp,uniform,13,auto,750,75.40843974727196,81.46614629634004,709.199041820476,686.3290525841481,85935.61586633159,80429.9
sssp,uniform,13,auto,1000,98.26020151911035,105.73611937022892,622.643103581071,577.84158045719,65950.10605530505,61968.55
sssp,uniform,13,auto,2500,230.6227883553118,241.81715852621127,412.15512502970626,412.923756821242,28099.00425458852,27096.15
sssp,uniform,13,auto,5000,445.0980458950508,455.5944624840946,299.61081864411193,251.5750175865726,14559.198295669332,14381.9
sssp,uniform,13,auto,7500,657.03586053623,660.3125047238501,247.47470961533338,195.0232037476567,9862.887401476379,9923.05
sssp,uniform,13,auto,10000,867.8916123206085,868.6154784314766,215.6749929909063,192.08232884008774,7466.682036335998,7543.4
sssp,uniform,13,auto,25000,2124.6320513915934,2050.9629861491508,138.09647541240312,122.56206805662096,3050.067284335902,3194.75
sssp,uniform,13,auto,50000,4205.390478664569,3914.75070948469,98.08020938655939,82.3080702061021,1540.9438776441036,1673.75
sssp,uniform,13,auto,75000,6277.808245121355,5550.92680447306,80.20266839229073,93.5900354569978,1032.2505017952656,1180.4
sssp,uniform,13,auto,100000,8346.076147307176,7260.986258865249,69.51025279475694,57.0903254777716,776.4451937443447,902.4
sssp,uniform,14,hand,100,11.489168216895298,12.98579704712811,1888.8400285724688,2342.325034750942,1111120.9680460815,978613.4
sssp,uniform,14,hand,250,26.424033541707963,29.85091192376928,1303.8381951966367,1879.884046676115,483115.3310130044,425718.15
sssp,uniform,14,hand,500,50.33680716771933,57.0125774171768,956.0198600280808,1421.8086517197914,253608.76919876706,222899.5
sssp,uniform,14,hand,750,73.38156868510653,83.43868707623912,792.1442160927559,1052.8480309692297,173965.42401514406,152304.35
sssp,uniform,14,hand,1000,95.82256457168177,108.971019693643,692.4143777004788,778.0184191433473,133223.89948821763,116618.85
sssp,uniform,14,hand,2500,224.59607237515692,253.296492478187,452.2388733343488,495.6232519714314,56839.17610935495,50170.75
sssp,uniform,14,hand,5000,432.245787521912,481.7159037711067,328.52818337865324,508.04872072624966,29533.7885983535,26380.85
sssp,uniform,14,hand,7500,637.6133317969434,695.321327055708,271.9685488440954,350.47238422629454,20021.31240766847,18276.55
sssp,uniform,14,hand,10000,842.1541258689467,909.8252384088892,237.4762637117277,363.7214665965674,15158.574088833184,13967.6
sssp,uniform,14,hand,25000,2063.9872075757626,2198.2295603739803,152.85264644778843,198.00305021573996,6185.045946188298,5781.05
sssp,uniform,14,hand,50000,4092.90938927573,4118.843891292722,108.81642140374203,104.95977926404899,3119.0174267356515,3085.35
sssp,uniform,14,hand,75000,6117.660957504668,6045.850281881111,89.0587592535186,103.57579223371698,2086.721673508373,2101.95
sssp,uniform,14,hand,100000,8140.36313530203,7990.4898138833,77.22016524384996,115.56196788326436,1568.216982340718,1590.4
sssp,uniform,14,auto,100,11.768453843875195,12.98579704712811,2372.245897312183,2342.325034750942,1060213.2511820637,978613.4
sssp,uniform,14,auto,250,27.35864076145195,29.85091192376928,1640.6599290853735,1879.884046676115,456055.9429831412,425718.15
sssp,uniform,14,auto,500,52.40611588374308,57.0125774171768,1198.072803636772,1421.8086517197914,238084.24838963294,222899.5
sssp,uniform,14,auto,750,76.532460698957,83.43868707623912,990.5370351621003,1052.8480309692297,163029.78627957555,152304.35
sssp,uniform,14,auto,1000,100.00078778295189,108.971019693643,864.9454560748735,778.0184191433473,124769.7241973934,116618.85
sssp,uniform,14,auto,2500,234.33765242573165,253.296492478187,565.6177459701107,495.6232519714314,53243.98611168693,50170.75
sssp,uniform,14,auto,5000,450.523927016411,481.7159037711067,412.64484221419593,508.04872072624966,27694.579495100777,26380.85
sssp,uniform,14,auto,7500,664.190732096129,695.321327055708,342.47538378375,350.47238422629454,18785.37309881517,18276.55
sssp,uniform,14,auto,10000,876.9463310457235,909.8252384088892,299.5116534071835,363.7214665965674,14227.86123789647,13967.6
sssp,uniform,14,auto,25000,2147.517703641407,2198.2295603739803,193.44277464751926,198.00305021573996,5809.996671992232,5781.05
sssp,uniform,14,auto,50000,4256.898762925505,4118.843891292722,137.8957546547715,104.95977926404899,2931.023593952291,3085.35
sssp,uniform,14,auto,75000,6361.673354364549,6045.850281881111,112.91071002986506,103.57579223371698,1961.2875443598248,2101.95
sssp,uniform,14,auto,100000,8464.184362107859,7990.4898138833,97.9246693502874,115.56196788326436,1474.101954472761,1590.4
sssp,uniform,15,hand,100,11.359587005243506,12.772430481798224,2702.021326239431,2455.041770466876,2240432.482224332,1979370.1
sssp,uniform,15,hand,250,26.51607257870079,29.77191389669669,1861.5124630626065,1803.2500563675133,959809.8525210768,849168.35
sssp,uniform,15,hand,500,51.253320242110064,57.68439784156107,1359.082969634696,1597.9459339710907,496560.76115612837,438270.45
sssp,uniform,15,hand,750,75.42808610451321,85.28572546633049,1122.4272406822154,1294.4887387447027,337412.61412807024,296431.4
sssp,uniform,15,hand,1000,99.11851681200157,112.25459012306266,978.0578479201868,1061.9064521688772,256767.23713968412,225214.55
sssp,uniform,15,hand,2500,234.64192888449622,267.4866501965307,629.5467185782347,725.543389830213,108464.79072258678,94514.5
sssp,uniform,15,hand,5000,449.75696305527015,510.7434572108814,454.09375183344343,588.9543164304896,56586.9787502843,49499.15
sssp,uniform,15,hand,7500,660.7180323592979,741.0272403650416,376.09384657276325,487.67183476294105,38519.287297672956,34116.65
sssp,uniform,15,hand,10000,870.2023991634013,966.9842089460327,329.0150783300618,409.33765177160865,29246.5152195266,26144.55
sssp,uniform,15,hand,25000,2119.0289693522045,2294.9783722693,213.55486430343123,244.87149691215524,12010.401027684515,11015.95
sssp,uniform,15,hand,50000,4193.126310074432,4425.118717345073,152.77459984979964,236.68394982605633,6069.549502969589,5713.15
sssp,uniform,15,hand,75000,6264.432021672809,6527.929921503821,125.27706128647591,166.28118227552804,4062.680802210203,3872.8
sssp,uniform,15,hand,100000,8334.509053453758,8595.8882730951,108.73559274449396,136.40493122742257,3053.61570165366,2941.1
sssp,uniform,15,auto,100,11.806841722266604,12.772430481798224,3364.516438468626,2455.041770466876,2105860.254255007,1979370.1
sssp,uniform,15,auto,250,27.690373298634082,29.77191389669669,2323.9967367986806,1803.2500563675133,897913.4532804384,849168.35
sssp,uniform,15,auto,500,53.650020036225676,57.68439784156107,1695.2655149224825,1597.9459339710907,463439.8774578752,438270.45
sssp,uniform,15,auto,750,79.01908362808817,85.28572546633049,1399.082732673267,1294.4887387447027,314652.5822575214,296431.4
sssp,uniform,15,auto,1000,103.86650881832118,112.25459012306266,1218.564893056082,1061.9064521688772,239379.9405994404,225214.55
sssp,uniform,15,auto,2500,245.7010745422805,267.4866501965307,784.3824242254932,725.543389830213,101194.34258689995,94514.5
sssp,uniform,15,auto,5000,470.22620889450525,510.7434572108814,567.6024985293585,588.9543164304896,52875.73989049829,49499.15
sssp,uniform,15,auto,7500,690.1690151714815,741.0272403650416,471.4933031530952,487.67183476294105,36025.31867505425,34116.65
sssp,uniform,15,auto,10000,908.4866552825416,966.9842089460327,413.37477014914964,409.33765177160865,27368.10559255639,26144.55
sssp,uniform,15,auto,25000,2209.5159297526175,2294.9783722693,269.83968078087963,244.87149691215524,11252.94385815302,11015.95
sssp,uniform,15,auto,50000,4369.888996623983,4425.118717345073,193.52910292434805,236.68394982605633,5689.746062293494,5713.15
sssp,uniform,15,auto,75000,6527.179064948932,6527.929921503821,158.84328197956845,166.28118227552804,3809.234964108573,3872.8
sssp,uniform,15,auto,100000,8683.11004225465,8595.8882730951,137.93585314848863,136.40493122742257,2863.4393195764364,2941.1
sssp,uniform,16,hand,100,11.3078893305147,12.7202946107934,3818.3408690655783,6365.826504200243,4459742.241650109,3931329.15
sssp,uniform,16,hand,250,26.497752030484058,29.770232841951735,2630.7049757624927,2735.6112277649668,1903190.567002967,1679787.5
sssp,uniform,16,hand,500,51.520656547692745,57.888095962825794,1920.3949824891274,2150.701850559485,978835.9677543627,863867.85
sssp,uniform,16,hand,750,76.23037774227879,85.65443100818055,1585.654862079652,2123.7706654612452,661550.8568211043,583830.45
sssp,uniform,16,hand,1000,100.65186152883996,113.33053449819265,1381.1872538091786,1946.1167001303365,501036.6519326729,441255.0
sssp,uniform,16,hand,2500,242.14513659362592,275.26202992795567,884.0616209072032,1213.4126505547545,208264.64830402244,181672.95
sssp,uniform,16,hand,5000,465.8064025509328,532.7156022332276,631.3891276103197,716.5671746525041,108264.4451321958,93873.1
sssp,uniform,16,hand,7500,682.2883670795113,776.2483458742903,520.4519435537647,635.8150074386502,73913.42743694181,64422.25
sssp,uniform,16,hand,10000,895.5210961363716,1015.4850939484335,454.62250799792037,493.2964199086977,56313.88465193829,49245.1
sssp,uniform,16,hand,25000,2155.1964560098195,2387.5762415283875,296.5002419598138,378.7575915515024,23399.385040085275,20944.95
sssp,uniform,16,hand,50000,4239.278310453982,4602.024120112824,213.51802936734788,229.07720486655518,11895.956815772359,10866.45
sssp,uniform,16,hand,75000,6319.589403916406,6731.956410532551,175.64257545882532,171.4904938289124,7979.991814016918,7428.4
sssp,uniform,16,hand,100000,8398.652372888084,8862.207591975615,152.7256990446067,223.88921132419136,6004.567098645051,5642.8
sssp,uniform,16,auto,100,11.74780247154053,12.7202946107934,4755.416253654561,6365.826504200243,4191666.5547019187,3931329.15
sssp,uniform,16,auto,250,27.65322614116454,29.770232841951735,3285.0272249321397,2735.6112277649668,1780727.8781804822,1679787.5
sssp,uniform,16,auto,500,53.896300037499586,57.888095962825794,2396.3546874114422,2150.701850559485,913659.577316794,863867.85
sssp,uniform,16,auto,750,79.82723740606782,85.65443100818055,1977.4958011582262,2123.7706654612452,616868.0304030905,583830.45
sssp,uniform,16,auto,1000,105.45938026147643,113.33053449819265,1721.7676073896214,1946.1167001303365,466936.8489470353,441255.0
sssp,uniform,16,auto,2500,253.85392169963853,275.26202992795567,1100.797112860697,1213.4126505547545,193981.13049230506,181672.95
sssp,uniform,16,auto,5000,487.87897438938455,532.7156022332276,786.5757023827199,716.5671746525041,100932.5535555861,93873.1
sssp,uniform,16,auto,7500,713.9895954041169,776.2483458742903,649.4039064955456,635.8150074386502,68968.61106684558,64422.25
sssp,uniform,16,auto,10000,936.5167779787872,1015.4850939484335,568.2538448058173,493.2964199086977,52580.87401005042,49245.1
sssp,uniform,16,auto,25000,2249.9740445011203,2387.5762415283875,373.1432386081641,378.7575915515024,21885.972787796956,20944.95
sssp,uniform,16,auto,50000,4422.180318585439,4602.024120112824,269.81160525593793,229.07720486655518,11135.428038572772,10866.45
sssp,uniform,16,auto,75000,6590.245725452992,6731.956410532551,222.31729076919967,171.4904938289124,7472.084162357419,7428.4
sssp,uniform,16,auto,100000,8756.938712360154,8862.207591975615,193.4819714385401,223.88921132419136,5623.297402058571,5642.8
sssp,uniform,17,hand,100,11.28159720535333,12.707373279684266,5397.877522673626,5623.568834074934,8898182.22401754,7833351.3
sssp,uniform,17,hand,250,26.48959122524956,29.762937635377302,3719.127304789099,3851.9095589070803,3789628.418860406,3344472.25
sssp,uniform,17,hand,500,51.66851511662584,58.016102314942366,2714.8239405212657,2540.974949647624,1942879.6721680698,1715753.3
sssp,uniform,17,hand,750,76.67753294905864,86.15427191949762,2241.4290443593327,2445.6524993073767,1309193.238883847,1155384.6
sssp,uniform,17,hand,1000,101.5297893964858,114.12406981631474,1952.2266119976905,1825.980301963287,988731.5664487685,872220.2
sssp,uniform,17,hand,2500,247.67730956537045,279.59454272615113,1248.0952214087806,1352.9942184884517,405308.4551320426,356020.25
sssp,uniform,17,hand,5000,481.9469256087335,547.745923875661,886.9268834388879,1014.1440258972834,208292.03876424074,181729.0
sssp,uniform,17,hand,7500,708.0898043435707,807.0978834434424,727.0322824683908,982.285112431855,141769.7403569633,123332.4
sssp,uniform,17,hand,10000,929.0761513663269,1062.4506378995477,632.3230115724025,1080.0312422381717,108048.95547428569,93690.3
sssp,uniform,17,hand,25000,2212.371843189369,2502.298745976302,409.82178305595755,448.1104745131732,45374.69956518897,39779.95
sssp,uniform,17,hand,50000,4310.763417867068,4797.992861429305,296.5220368982024,357.8069863399596,23287.22269821781,20746.45
sssp,uniform,17,hand,75000,6399.152428893181,7013.977670282592,244.88894740177287,177.10249039825268,15687.344351721282,14191.85
sssp,uniform,17,hand,100000,8484.594328403677,9264.095729582079,213.49975279257336,208.37170102841165,11831.527097900496,10744.85
sssp,uniform,17,auto,100,11.718910715556534,12.707373279684266,6722.943932699613,5623.568834074934,8362704.101935538,7833351.3
sssp,uniform,17,auto,250,27.63683215508542,29.762937635377302,4644.284052987107,3851.9095589070803,3546057.0213423604,3344472.25
sssp,uniform,17,auto,500,54.02757931769799,58.016102314942366,3387.915349646093,2540.974949647624,1813921.4073412726,1715753.3
sssp,uniform,17,auto,750,80.25873912899151,86.15427191949762,2795.7419686456956,2445.6524993073767,1221073.041699458,1155384.6
sssp,uniform,17,auto,1000,106.33588549984746,114.12406981631474,2434.1815171801927,1825.980301963287,921624.7389160224,872220.2
sssp,uniform,17,auto,2500,259.7415549139313,279.59454272615113,1554.6049018368258,1352.9942184884517,377304.98203753005,356020.25
sssp,uniform,17,auto,5000,505.451348321838,547.745923875661,1104.0509606065991,1014.1440258972834,193889.6454358648,181729.0
sssp,uniform,17,auto,7500,742.2806255133496,807.0978834434424,905.0960690398837,982.285112431855,132027.94110842442,123332.4
sssp,uniform,17,auto,10000,973.4330994303376,1062.4506378995477,787.6075739360294,1080.0312422381717,100676.44378288816,93690.3
sssp,uniform,17,auto,25000,2313.335648553922,2502.298745976302,513.0290713599189,448.1104745131732,42363.84061796756,39779.95
sssp,uniform,17,auto,50000,4501.977987764017,4797.992861429305,373.14819713758584,357.8069863399596,21768.605483536627,20746.45
sssp,uniform,17,auto,75000,6679.638434750659,7013.977670282592,308.9740031546194,177.10249039825268,14671.719684908248,14191.85
sssp,uniform,17,auto,100000,8854.068469824311,9264.095729582079,269.77619266663015,208.37170102841165,11068.559391109564,10744.85
sssp,uniform,18,hand,100,11.26810559914632,12.676401240074265,7632.264936100443,8351.782409666655,17774877.768839426,15638079.55
sssp,uniform,18,hand,250,26.485133484987465,29.729052546459666,5258.758704075858,5784.373422829593,7562325.476846498,6668042.0
sssp,uniform,18,hand,500,51.74573028772709,58.00747838237574,3838.692281170779,3525.4497824279365,3870642.052929051,3417396.8
sssp,uniform,18,hand,750,76.91496255922874,86.177246288569,3169.2577542884783,4427.070536691519,2604034.2873074575,2300312.2
sssp,uniform,18,hand,1000,102.00071276218078,114.264706306185,2760.248379829038,2514.016651956734,1963605.8835998941,1734871.4
sssp,uniform,18,hand,2500,250.90872818780565,281.54844380714934,1764.1886738697606,3160.265693360536,798255.2108003359,704086.9
sssp,uniform,18,hand,5000,493.5879236079861,556.939275829876,1252.3216174676468,1477.9934156964678,405782.2125127057,355935.7
sssp,uniform,18,hand,7500,730.2939150230816,825.2631826540114,1024.2919672779976,1270.415352717785,274258.3439228994,240207.7
sssp,uniform,18,hand,10000,962.0654607624188,1092.7909379218872,888.371079904543,1357.164454992368,208186.6649203637,181402.1
sssp,uniform,18,hand,25000,2292.217153070521,2617.894599916274,568.4139484445328,664.8898523736651,87377.93426024458,75722.9
sssp,uniform,18,hand,50000,4424.678262061124,5028.685933169714,409.90246334462216,542.5727091707079,45266.38725996348,39420.75
sssp,uniform,18,hand,75000,6529.091271307019,7341.993955577943,339.26363971632105,449.3397378376416,30676.428217721375,27000.1
sssp,uniform,18,hand,100000,8624.384462876775,9672.550556123457,296.530140167676,392.6608922668382,23223.593587847998,20494.55
sssp,uniform,18,auto,100,11.70429037812921,12.676401240074265,9506.28581617034,8351.782409666655,16704908.4049171,15638079.55
sssp,uniform,18,auto,250,27.628162574825613,29.729052546459666,6567.18123486405,5784.373422829593,7076804.263825897,6668042.0
sssp,uniform,18,auto,500,54.09299533065375,58.00747838237574,4790.667454685662,3525.4497824279365,3614499.391576547,3417396.8
sssp,uniform,18,auto,750,80.47641176602416,86.177246288569,3953.31756559858,4427.070536691519,2429520.581504679,2300312.2
sssp,uniform,18,auto,1000,106.78159633489547,114.264706306185,3442.057797072033,2514.016651956734,1831018.69069274,1734871.4
sssp,uniform,18,auto,2500,263.03789362241207,281.54844380714934,2198.2131999425146,3160.265693360536,743311.5283072728,704086.9
sssp,uniform,18,auto,5000,517.8014356093722,556.939275829876,1559.5120463868727,1477.9934156964678,377594.74050338473,355935.7
sssp,uniform,18,auto,7500,766.1927927450342,825.2631826540114,1275.1116416549276,1270.415352717785,255182.63883782554,240207.7
sssp,uniform,18,auto,10000,1009.2279904824247,1092.7909379218872,1105.7329718937929,1357.164454992368,193731.34767867485,181402.1
sssp,uniform,18,auto,25000,2401.021985927296,2617.894599916274,708.5303633571315,664.8898523736651,81431.61531096508,75722.9
sssp,uniform,18,auto,50000,4627.554004812695,5028.685933169714,513.1327426244708,542.5727091707079,42251.0679524992,39420.75
sssp,uniform,18,auto,75000,6823.198259181315,7341.993955577943,426.0356833671425,449.3397378376416,28655.05167581932,27000.1
sssp,uniform,18,auto,100000,9008.824015572412,9672.550556123457,373.1646149414296,392.6608922668382,21703.065613584182,20494.55
sssp,kron,10,hand,100,12.556423201269395,13.44822130510603,517.5780416216818,474.960084195449,92245.35463919997,85642.85
sssp,kron,10,hand,250,26.537389870592815,28.248821477800615,359.28010236499136,387.7646328977355,43646.78353256222,40771.4
sssp,kron,10,hand,500,46.129347674428416,48.094238891916326,267.85489191718096,297.97125876941794,25109.215057100326,23947.65
sssp,kron,10,hand,750,63.71657082101387,65.53234102599117,227.15543906016754,298.80474173649037,18178.500447782626,17575.2
sssp,kron,10,hand,1000,80.37181267739018,81.68078550127478,202.78476288719062,171.86974106787068,14411.417045553502,14100.55
sssp,kron,10,hand,2500,172.3442564851442,172.7801738686909,140.5833849326731,176.33773665446935,6720.686461058916,6665.95
sssp,kron,10,hand,5000,313.9816415399609,303.4778599001357,104.18753442406462,115.44799467155855,3688.9790929179503,3795.15
sssp,kron,10,hand,7500,450.6275400843163,439.63050614550724,86.62884610043525,93.56146305194811,2570.3526930117305,2619.8
sssp,kron,10,hand,10000,585.1995836470836,568.8748394744641,75.7489982892817,104.88510004059832,1979.2763760739326,2024.6
sssp,kron,10,hand,25000,1376.3842930170836,1349.9109235818096,48.7956895690362,59.144426262283936,841.5322065772787,853.2
sssp,kron,10,hand,50000,2666.8386043480623,2617.897488350949,34.72671126335446,53.948781752988445,434.3238879595138,439.95
sssp,kron,10,hand,75000,3940.045402718271,3853.275342924055,28.416275957507832,49.848085007825205,293.974204054063,298.9
sssp,kron,10,hand,100000,5204.817723612172,5161.299574277392,24.636306527086443,50.65806425125431,222.5383813051434,223.15
sssp,kron,10,auto,100,12.60353697539083,13.44822130510603,656.9463025721835,474.960084195449,91147.01003726384,85642.85
sssp,kron,10,auto,250,26.653134940968876,28.248821477800615,460.9378689092418,387.7646328977355,43100.92278995585,40771.4
sssp,kron,10,auto,500,46.3685727512838,48.094238891916326,345.11533250177837,297.97125876941794,24774.855964682847,23947.65
sssp,kron,10,auto,750,64.07299693951306,65.53234102599117,293.8134747463618,298.80474173649037,17929.155277151367,17575.2
sssp,kron,10,auto,1000,80.84131647996152,81.68078550127478,263.1788173140584,171.86974106787068,14210.242500018237,14100.55
sssp,kron,10,auto,2500,173.43146635649654,172.7801738686909,184.24447361957795,176.33773665446935,6623.796334856637,6665.95
sssp,kron,10,auto,5000,315.95528137106885,303.4778599001357,137.10875312260058,115.44799467155855,3635.8775400617947,3795.15
sssp,kron,10,auto,7500,453.4124118579854,439.63050614550724,114.15312196810105,93.56146305194811,2533.619903552144,2619.8
sssp,kron,10,auto,10000,588.7625035683174,568.8748394744641,99.87850069148564,104.88510004059832,1951.1682626501965,2024.6
sssp,kron,10,auto,25000,1384.336888730625,1349.9109235818096,64.40295206812054,59.144426262283936,829.8375348896097,853.2
sssp,kron,10,auto,50000,2681.5904549235493,2617.897488350949,45.84656695643155,53.948781752988445,428.39304901751854,439.95
sssp,kron,10,auto,75000,3961.277606076123,3853.275342924055,37.518575250968226,49.848085007825205,290.00106163700616,298.9
sssp,kron,10,auto,100000,5232.377191114723,5161.299574277392,32.529098777140284,50.65806425125431,219.55120382982847,223.15
sssp,kron,11,hand,100,10.808900698878443,11.964085436346704,713.7861481291985,835.5722574190813,169335.97247228795,153492.05
sssp,kron,11,hand,250,23.581365373220027,26.0497023222693,496.292357710912,547.5268895103147,77617.88523405769,70495.7
sssp,kron,11,hand,500,42.157313104380876,46.05724074192509,366.4379730100569,475.29730031235175,43416.80188841946,39871.95
sssp,kron,11,hand,750,58.578252701856215,63.69880642263253,305.77512470047543,359.4576470183935,31245.993637208212,28829.3
sssp,kron,11,hand,1000,73.75164256594051,79.34429629373591,269.6219385844297,413.93864279624825,24817.558599654123,23144.6
sssp,kron,11,hand,2500,155.3697500412764,162.81297792830134,185.7916654329859,228.5831128357565,11780.5152593392,11279.15
sssp,kron,11,hand,5000,281.82040897042094,285.24262193227713,140.96052058403313,171.04785418429734,6494.688294179151,6438.0
sssp,kron,11,hand,7500,405.1719763496518,408.9276846851862,118.88164096265142,164.98225582420105,4517.429185727906,4490.75
sssp,kron,11,hand,10000,527.3342878572327,531.2711913440953,104.85071535885389,165.4933294887233,3470.921108957945,3456.6
sssp,kron,11,hand,25000,1251.3279091435527,1250.3945800565143,68.79339937987959,76.69438667443933,1462.7146871947514,1468.65
sssp,kron,11,hand,50000,2442.7052007830243,2411.3873022125927,49.30231676531276,72.65743342273348,749.3068384241571,761.55
sssp,kron,11,hand,75000,3624.6940413874395,3642.189607298691,40.44163388856798,50.699942904566605,504.96281625479446,504.2
sssp,kron,11,hand,100000,4802.035654283309,4630.921699659563,35.105463187231265,47.82256129089127,381.1582926437365,396.55
sssp,kron,11,auto,100,10.928248661530121,11.964085436346704,914.6570360148306,835.5722574190813,167700.31209597056,153492.05
sssp,kron,11,auto,250,23.873602288095235,26.0497023222693,642.2270575721836,547.5268895103147,76765.57098862495,70495.7
sssp,kron,11,auto,500,42.75275609559927,46.05724074192509,474.97845859675596,475.29730031235175,42866.72669951257,39871.95
sssp,kron,11,auto,750,59.45457078074,63.69880642263253,396.4739815825839,359.4576470183935,30824.723602153364,28829.3
sssp,kron,11,auto,1000,74.88833979086797,79.34429629373591,349.86565303645114,413.93864279624825,24472.04352932462,23144.6
sssp,kron,11,auto,2500,157.89461365398856,162.81297792830134,243.03367461756193,228.5831128357565,11606.923559894843,11279.15
sssp,kron,11,auto,5000,286.47550846501906,285.24262193227713,185.74442692968148,171.04785418429734,6397.303284391439,6438.0
sssp,kron,11,auto,7500,411.8961546920194,408.9276846851862,157.1360261028197,164.98225582420105,4449.351348208841,4490.75
sssp,kron,11,auto,10000,536.1027421232345,531.2711913440953,138.81633995433828,165.4933294887233,3418.5065048215997,3456.6
sssp,kron,11,auto,25000,1272.1428375546996,1250.3945800565143,91.3501033985968,76.69438667443933,1440.617088819771,1468.65
sssp,kron,11,auto,50000,2483.1531516789273,2411.3873022125927,65.53153640810643,72.65743342273348,738.0417554840931,761.55
sssp,kron,11,auto,75000,3684.484091850515,3642.189607298691,53.77109600091209,50.699942904566605,497.4022591804769,504.2
sssp,kron,11,auto,100000,4881.022945892635,4630.921699659563,46.68342856159399,47.82256129089127,375.46857114104745,396.55
sssp,kron,12,hand,100,9.93904688492024,11.010380144852906,1000.6763151515943,1071.0377456614535,323690.1634986896,292462.2
sssp,kron,12,hand,250,22.160245625567022,24.629952577635002,694.052454124184,832.1381464257264,145177.61966903537,130740.0
sssp,kron,12,hand,500,40.747036297442826,45.145086273671374,511.9724816547102,487.5348165704891,78954.74133913575,71328.25
sssp,kron,12,hand,750,57.794758755526125,63.868079645684205,426.0373129416349,512.2153227326426,55665.45791478643,50418.3
sssp,kron,12,hand,1000,73.66796031954907,81.45624166812118,373.31861852183414,342.3659015239631,43671.24727284246,39531.9
sssp,kron,12,hand,2500,155.54138989912016,167.6312042707924,247.1222847932592,248.89978431404643,20683.701703370032,19209.55
sssp,kron,12,hand,5000,275.75521199178087,288.04436791376884,186.5249048792231,215.214672509004,11666.766651347518,11179.25
sssp,kron,12,hand,7500,391.48106572429487,405.6435256918988,159.13920854519287,231.5247173345475,8217.949711689773,7938.3
sssp,kron,12,hand,10000,505.85864796593216,516.9063824322589,141.8645228936521,142.3104094280491,6359.823488512624,6229.6
sssp,kron,12,hand,25000,1184.661341143213,1183.8894097317966,95.94521661130675,113.15312168636103,2715.688947945548,2719.95
sssp,kron,12,hand,50000,2306.8047739060084,2289.0492269415317,69.72244361378215,94.25546193862274,1394.6441188230604,1406.75
sssp,kron,12,hand,75000,3423.999852540597,3432.7807686157457,57.48398615840009,84.96778027117412,939.594582287684,938.05
sssp,kron,12,hand,100000,4538.79232936777,4368.33751610934,50.03095643331281,75.193277275089,708.8166802399414,737.15
sssp,kron,12,auto,100,10.044026294788088,11.010380144852906,1288.4175544681739,1071.0377456614535,320508.7896744593,292462.2
sssp,kron,12,auto,250,22.428241700359187,24.629952577635002,901.7025987489208,832.1381464257264,143533.262848216,130740.0
sssp,kron,12,auto,500,41.33362984735038,45.145086273671374,666.0378248537677,487.5348165704891,77883.28107378489,71328.25
sssp,kron,12,auto,750,58.70255252486083,63.868079645684205,554.0721664030267,512.2153227326426,54839.160696421626,50418.3
sssp,kron,12,auto,1000,74.88256716514569,81.45624166812118,485.2691595716874,342.3659015239631,42989.96192399984,39531.9
sssp,kron,12,auto,2500,158.30240647088294,167.6312042707924,321.3857292191107,248.89978431404643,20335.753466850114,19209.55
sssp,kron,12,auto,5000,280.6806173951647,288.04436791376884,244.20082555673923,215.214672509004,11469.259049935492,11179.25
sssp,kron,12,auto,7500,398.4640300278333,405.6435256918988,209.38816360798486,231.5247173345475,8079.019606803927,7938.3
sssp,kron,12,auto,10000,514.871778283103,516.9063824322589,187.25615865836616,142.3104094280491,6252.427977186376,6229.6
sssp,kron,12,auto,25000,1205.7105736363546,1183.8894097317966,127.51708415038972,113.15312168636103,2669.9597578314783,2719.95
sssp,kron,12,auto,50000,2347.6784069958762,2289.0492269415317,92.9004598620766,94.25546193862274,1371.2264429438221,1406.75
sssp,kron,12,auto,75000,3484.542456758367,3432.7807686157457,76.65939877726451,84.96778027117412,923.851194568529,938.05
sssp,kron,12,auto,100000,4618.924909384129,4368.33751610934,66.74898849291361,75.193277275089,696.9584425719123,737.15
sssp,kron,13,hand,100,9.49669660977986,10.56317777502731,1413.0135648994017,1774.4031843203663,634485.4383360837,570003.85
sssp,kron,13,hand,250,21.52374185883841,24.014450823248627,979.1260804045088,1485.8296849341725,279947.4064834449,250726.2
sssp,kron,13,hand,500,40.27687539358945,45.08109998131932,719.7950947159503,1106.7229708515688,149602.3624553559,133560.45
sssp,kron,13,hand,750,57.981869041647506,64.87475541534138,598.3580351444165,733.3885593240256,103920.68780799281,92810.4
sssp,kron,13,hand,1000,74.90307146049545,83.75600934787447,524.1499690487359,628.2832080150523,80444.17396660276,71888.0
sssp,kron,13,hand,2500,164.93164212673082,182.97844149055788,341.78919507079,317.3189662087503,36533.41247018607,32905.8
sssp,kron,13,hand,5000,291.2729873487581,317.5802712674355,249.20801266933148,317.42902646435004,20686.8332214627,18959.15
sssp,kron,13,hand,7500,406.7250735764827,434.9261224298154,210.18981368676887,250.98590335756018,14814.714170966656,13843.85
sssp,kron,13,hand,10000,518.3222024563285,550.4005704151965,187.46612865605934,192.8892237310808,11625.038793719545,10939.4
sssp,kron,13,hand,25000,1169.0686306918237,1202.4668231064957,130.57502253715134,165.611744752599,5154.116322183098,5007.25
sssp,kron,13,hand,50000,2240.300094614111,2281.7819043107534,97.13398256197603,92.30605556915992,2689.6020429079445,2638.75
sssp,kron,13,hand,75000,3307.7274988515915,3282.032105966041,80.87377984315296,107.083083827957,1821.648159738966,1834.55
sssp,kron,13,hand,100000,4373.664908077114,4182.73845085099,70.76331077246569,80.05820251213292,1377.6811524982827,1439.5
sssp,kron,13,auto,100,9.574177809398208,10.56317777502731,1825.8133865029017,1774.4031843203663,629506.4527927131,570003.85
sssp,kron,13,auto,250,21.72834052151345,24.014450823248627,1277.0619002221054,1485.8296849341725,277379.98238906346,250726.2
sssp,kron,13,auto,500,40.76807473445401,45.08109998131932,939.7816460312507,1106.7229708515688,147836.4320723592,133560.45
sssp,kron,13,auto,750,58.789984412588076,64.87475541534138,780.8877092348549,733.3885593240256,102517.57627461583,92810.4
sssp,kron,13,auto,1000,76.0356067220681,83.75600934787447,683.6538359142768,628.2832080150523,79265.58320539755,71888.0
sssp,kron,13,auto,2500,167.86975417826503,182.97844149055788,444.67105839588584,317.3189662087503,35902.874467789756,32905.8
sssp,kron,13,auto,5000,296.6073658526674,317.5802712674355,324.31042681469825,317.42902646435004,20319.814694671964,18959.15
sssp,kron,13,auto,7500,414.1268450670732,434.9261224298154,274.4114526974946,250.98590335756018,14553.528183435736,13843.85
sssp,kron,13,auto,10000,527.6795633497276,550.4005704151965,245.598426572426,192.8892237310808,11421.717136326699,10939.4
sssp,kron,13,auto,25000,1189.6719592912439,1202.4668231064957,173.03697774814222,165.611744752599,5066.108067968256,5007.25
sssp,kron,13,auto,50000,2279.3321983288524,2281.7819043107534,129.42679247349318,92.30605556915992,2644.1984698938663,2638.75
sssp,kron,13,auto,75000,3365.091457071315,3282.032105966041,107.97383116767955,107.083083827957,1791.0380113253625,1834.55
sssp,kron,13,auto,100000,4449.31923199395,4182.73845085099,94.57099854407822,80.05820251213292,1354.590758033783,1439.5
sssp,kron,14,hand,100,9.499115855585485,10.475845809857898,2003.8299651274688,1466.097774437485,1263624.0986726172,1134430.5
sssp,kron,14,hand,250,21.781460170437036,23.99005242371491,1389.0552148996412,1935.5317907897831,551079.2948349952,495376.95
sssp,kron,14,hand,500,41.30943225571815,45.55856895236084,1018.6960084003996,1189.243159368707,290570.7257581457,260853.65
sssp,kron,14,hand,750,60.031765841391014,66.45208999907179,844.7722241730506,930.7386087912882,199949.33587185718,178837.4
sssp,kron,14,hand,1000,78.17253533517967,86.67216567024576,738.8644521718593,422.7361843738331,153548.9626853534,137115.75
sssp,kron,14,hand,2500,178.96875114675652,198.86260896629796,480.8163150900191,394.9878712328421,67069.31592408619,59760.45
sssp,kron,14,hand,5000,326.3754727906928,359.8309562342269,346.22752131305566,416.0641998791189,36777.615696933186,33026.95
sssp,kron,14,hand,7500,457.4318006630174,499.8619967360398,286.2004387027438,376.6157611929534,26240.65859392146,23774.8
sssp,kron,14,hand,10000,579.1655479390776,628.2309375792946,251.20364790824507,392.33412183736283,20725.182556030773,18916.8
sssp,kron,14,hand,25000,1246.9718365511897,1309.7612828566705,172.69040520029873,193.16654935436853,9625.968573916725,9073.5
sssp,kron,14,hand,50000,2313.7001933151555,2354.549759277237,131.6395423360745,147.68248301499293,5187.928732461307,5047.3
sssp,kron,14,hand,75000,3371.3367144707895,3411.986333816626,111.30430768534352,126.17760039763502,3560.4013267731925,3483.05
sssp,kron,14,hand,100000,4426.4839981415935,4444.073443898061,98.30880001964432,75.68235211099497,2711.7034007669345,2674.15
sssp,kron,14,auto,100,9.43131774364627,10.475845809857898,2591.8120561200203,1466.097774437485,1254300.0917523385,1134430.5
sssp,kron,14,auto,250,21.634085491120253,23.99005242371491,1815.6894272861907,1935.5317907897831,546808.5404421877,495376.95
sssp,kron,14,auto,500,41.12875962489973,45.55856895236084,1333.337302908956,1189.243159368707,287626.05094560556,260853.65
sssp,kron,14,auto,750,59.87559993588883,66.45208999907179,1105.1237157311036,930.7386087912882,197571.34331626748,178837.4
sssp,kron,14,auto,1000,78.07042196366697,86.67216567024576,965.946330380043,422.7361843738331,151526.0506303703,137115.75
sssp,kron,14,auto,2500,179.38618689837014,198.86260896629796,626.9354494333581,394.9878712328421,65945.44940019825,59760.45
sssp,kron,14,auto,5000,327.6216384197851,359.8309562342269,450.5034181884444,416.0641998791189,36107.81866624893,33026.95
sssp,kron,14,auto,7500,459.2579400695791,499.8619967360398,372.20483342389326,376.6157611929534,25758.297634241742,23774.8
sssp,kron,14,auto,10000,581.4021950507839,628.2309375792946,326.9201703888797,392.33412183736283,20346.849069201886,18916.8
sssp,kron,14,auto,25000,1250.6110820635688,1309.7612828566705,227.02569931430148,193.16654935436853,9459.137921344334,9073.5
sssp,kron,14,auto,50000,2319.0547880985314,2354.549759277237,174.68395362222043,147.68248301499293,5101.088069118252,5047.3
sssp,kron,14,auto,75000,3378.3243358974437,3411.986333816626,148.2913187331266,126.17760039763502,3501.648016888362,3483.05
sssp,kron,14,auto,100000,4435.086347347825,4444.073443898061,131.2589724458979,75.68235211099497,2667.29930033383,2674.15
sssp,kron,15,hand,100,9.375652641386077,10.416782682939433,2849.491720931926,4070.455094173676,2548853.3572280537,2271951.4
sssp,kron,15,hand,250,21.619870662872035,23.95962754613305,1978.1488769453863,2193.505327336278,1105333.333572608,987762.6
sssp,kron,15,hand,500,41.377463397293894,45.880989953898826,1450.7908084529688,2029.6330754726664,577540.5679596072,515822.0
sssp,kron,15,hand,750,60.56913463016813,67.2986759608039,1202.006841271636,1355.5565365134048,394543.5882007522,351662.55
sssp,kron,15,hand,1000,79.33000820559963,88.20943569857559,1049.9987670657767,1119.1049007789095,301237.37853734597,268298.1
sssp,kron,15,hand,2500,186.06781255029978,208.15016517324722,680.2001419735823,784.5263136709357,128432.55038934178,113698.8
sssp,kron,15,hand,5000,350.1316359174724,392.90805857157085,489.2908678667169,587.6987233895308,68251.94086955811,60234.0
sssp,kron,15,hand,7500,501.72927235181794,559.1693650803027,403.08375395009267,464.8364596398679,47629.59832737052,42324.25
sssp,kron,15,hand,10000,643.2932543703062,713.530762284789,351.14468150993105,556.8646698492516,37148.16461831695,33168.05
sssp,kron,15,hand,25000,1374.769682508505,1485.6372350542838,229.82541004378285,207.22382381834083,17382.667086167094,15930.15
sssp,kron,15,hand,50000,2454.1654627288776,2601.477801105823,173.65968273601882,237.85911354147635,9737.388971576853,9097.3
sssp,kron,15,hand,75000,3498.1111479383294,3632.1036234441904,148.588824842132,193.4294104889565,6831.447801561471,6515.9
sssp,kron,15,hand,100000,4532.5393590434,4678.037180893646,132.73950543766497,141.8010002934059,5272.356579435091,5059.05
sssp,kron,15,auto,100,9.33974875702629,10.416782682939433,3682.025222369505,4070.455094173676,2521227.425254464,2271951.4
sssp,kron,15,auto,250,21.559128174925387,23.95962754613305,2583.5966874692585,2193.505327336278,1092234.8306546246,987762.6
sssp,kron,15,auto,500,41.371870902672434,45.880989953898826,1897.3008097139386,2029.6330754726664,569170.0712930511,515822.0
sssp,kron,15,auto,750,60.67237205880213,67.2986759608039,1570.9428530146372,1355.5565365134048,388111.259081468,351662.55
sssp,kron,15,auto,1000,79.56849494141497,88.20943569857559,1371.1549711301764,1119.1049007789095,295941.6378120351,268298.1
sssp,kron,15,auto,2500,187.27809148538844,208.15016517324722,885.4187969889324,784.5263136709357,125736.17407372061,113698.8
sssp,kron,15,auto,5000,352.9204226139289,392.90805857157085,635.6438928936673,587.6987233895308,66722.21045411275,60234.0
sssp,kron,15,auto,7500,505.82686349302435,559.1693650803027,523.1598821198723,464.8364596398679,46552.748402073965,42324.25
sssp,kron,15,auto,10000,648.4282755342218,713.530762284789,455.5112585977936,556.8646698492516,36314.93505091329,33168.05
sssp,kron,15,auto,25000,1383.0147212008285,1485.6372350542838,298.8800953220794,207.22382381834083,17026.305179712985,15930.15
sssp,kron,15,auto,50000,2464.615931909221,2601.477801105823,228.03719450798286,237.85911354147635,9554.280002142053,9097.3
sssp,kron,15,auto,75000,3510.301179358064,3632.1036234441904,196.39771863445816,193.4294104889565,6708.151098165081,6515.9
sssp,kron,15,auto,100000,4546.399043795197,4678.037180893646,176.16311631359463,141.8010002934059,5179.402530303219,5059.05
sssp,kron,16,hand,100,9.30715031933236,10.351242937270928,4041.7076369215406,4126.350279796782,5124270.488264999,4561091.0
sssp,kron,16,hand,250,21.524983730787223,23.863552408082498,2808.7390890129946,3427.401966427852,2215674.4138666415,1978454.85
sssp,kron,16,hand,500,41.39863828306113,45.806439907801035,2060.105362726508,3198.429530336152,1152027.1605338047,1030705.75
sssp,kron,16,hand,750,60.87144693171492,67.34796056604115,1706.5545219838239,2276.615935064476,783493.051589555,701030.3
sssp,kron,16,hand,1000,80.04258607998112,88.60864068681373,1490.2827452053918,1845.8978730944866,595837.2667213081,532825.7
sssp,kron,16,hand,2500,190.73370356607828,212.05450909832408,962.1635740385275,982.5541045769638,250046.81825767783,222645.4
sssp,kron,16,hand,5000,365.0633294768725,407.83960927252144,690.1146628356684,845.6736632631076,130641.32127305977,115763.55
sssp,kron,16,hand,7500,531.094107721374,593.4732221588828,568.3511682464269,785.5965400154257,89800.19739970763,79553.65
sssp,kron,16,hand,10000,690.481498299237,773.7654249665873,495.1324162160805,512.1688943266548,69071.15661849685,61017.15
sssp,kron,16,hand,25000,1539.4162643511343,1704.925267495062,318.44964921784657,324.267741875525,30980.805397235006,27692.1
sssp,kron,16,hand,50000,2720.6103037603702,2945.7378701049133,231.03947766562902,279.86453019837637,17530.020982895494,16027.55
sssp,kron,16,hand,75000,3793.7620565310244,4034.0717987277367,195.03752762644413,155.78273500717566,12571.2564469081,11703.55
sssp,kron,16,hand,100000,4829.464262176763,5105.5665677194,174.2941655089149,214.3934590027364,9875.289084281329,9247.35
sssp,kron,16,auto,100,9.273551355834744,10.351242937270928,5226.9673471053575,4126.350279796782,5071041.816316976,4561091.0
sssp,kron,16,auto,250,21.456886693183353,23.863552408082498,3673.6279106862407,3427.401966427852,2191677.0770915644,1978454.85
sssp,kron,16,auto,500,41.36795265283154,45.806439907801035,2699.197797535332,3198.429530336152,1136787.3848110808,1030705.75
sssp,kron,16,auto,750,60.937439016020484,67.34796056604115,2235.0362839204636,2276.615935064476,771718.7901322481,701030.3
sssp,kron,16,auto,1000,80.23904688674749,88.60864068681373,1950.4020761359998,1845.8978730944866,586080.8239357093,532825.7
sssp,kron,16,auto,2500,191.98877167309226,212.05450909832408,1254.840130849334,982.5541045769638,244944.35951324893,222645.4
sssp,kron,16,auto,5000,368.2932215327691,407.83960927252144,897.6920266313557,845.6736632631076,127687.84208268888,115763.55
sssp,kron,16,auto,7500,536.2211736102187,593.4732221588828,738.4511422917197,785.5965400154257,87699.94365307322,79553.65
sssp,kron,16,auto,10000,697.3530606799171,773.7654249665873,642.8969976677795,512.1688943266548,67435.80743067252,61017.15
sssp,kron,16,auto,25000,1553.5345726416042,1704.925267495062,412.9677098871855,324.267741875525,30270.692097465064,27692.1
sssp,kron,16,auto,50000,2740.0775225085977,2945.7378701049133,300.41085726847865,279.86453019837637,17162.4949750134,16027.55
sssp,kron,16,auto,75000,3816.1480571066277,4034.0717987277367,254.89105600186673,155.78273500717566,12323.045649034942,11703.55
sssp,kron,16,auto,100000,4854.179645795177,5105.5665677194,228.87174559085756,214.3934590027364,9687.850500534456,9247.35
sssp,kron,17,hand,100,9.26007197905679,10.321901572446935,5734.501145014939,7663.942708519993,10319934.869548913,9163492.05
sssp,kron,17,hand,250,21.445071183937813,23.837412716287457,3988.6478243474526,3025.016205263224,4456191.303425336,3967908.1
sssp,kron,17,hand,500,41.33989067609172,45.843787023891295,2925.608447601143,3230.474571621776,2311649.55079256,2063194.8
sssp,kron,17,hand,750,60.918198169370754,67.46728919731687,2423.4524005797007,2091.6031694422463,1568715.795656109,1401933.65
sssp,kron,17,hand,1000,80.27406420795654,88.9713242476624,2116.29516156094,2197.475213320463,1190463.4535961242,1063091.55
sssp,kron,17,hand,2500,193.36626936700043,214.55349304811088,1365.5106896104246,1788.8327155467875,494208.94359722105,440844.2
sssp,kron,17,hand,5000,374.3692400924084,418.2681157481591,976.8916652235179,1191.1534204512166,255264.93492791324,226134.05
sssp,kron,17,hand,7500,549.2252012923688,614.6271383037829,803.0689542371346,934.4153533796284,173996.64015113135,153889.5
sssp,kron,17,hand,10000,719.5344159422367,807.3532529832528,699.0422687942627,718.2288888941355,132812.74334329084,117154.0
sssp,kron,17,hand,25000,1671.243171499353,1878.1405974488093,449.4346628440565,425.6400258187047,57180.99037943502,50360.8
sssp,kron,17,hand,50000,3055.196568702432,3389.4206053569415,321.2215023976917,439.38021839380696,31278.94967222601,27905.85
sssp,kron,17,hand,75000,4270.711628446959,4691.455206946067,264.8043389517763,343.32238570520826,22376.444027421374,20161.05
sssp,kron,17,hand,100000,5391.355713620299,5871.723810410653,232.3228988363781,272.328265537249,17725.289294078153,16108.5
sssp,kron,17,auto,100,9.219268701086216,10.321901572446935,7424.823171171888,7663.942708519993,10227296.08695448,9163492.05
sssp,kron,17,auto,250,21.347850398053236,23.837412716287457,5226.119652596997,3025.016205263224,4416753.394515044,3967908.1
sssp,kron,17,auto,500,41.236932077999484,45.843787023891295,3841.417474117193,3230.474571621776,2286498.6787294275,2063194.8
sssp,kron,17,auto,750,60.86949583548786,67.46728919731687,3181.530713617656,2091.6031694422463,1549022.0416156214,1401933.65
sssp,kron,17,auto,1000,80.31650090292811,88.9713242476624,2776.788615441995,2197.475213320463,1173957.8996993317,1063091.55
sssp,kron,17,auto,2500,194.31897564021702,214.55349304811088,1786.0343329255875,1788.8327155467875,485223.79453963484,440844.2
sssp,kron,17,auto,5000,377.2823902734409,418.2681157481591,1273.9316595442322,1191.1534204512166,249914.10450634663,226134.05
sssp,kron,17,auto,7500,554.195085412896,614.6271383037829,1045.628641995674,934.4153533796284,170135.37866535346,153889.5
sssp,kron,17,auto,10000,726.5326384986608,807.3532529832528,909.3577207029198,718.2288888941355,129778.32751745642,117154.0
sssp,kron,17,auto,25000,1688.741605820542,1878.1405974488093,583.6078371281648,425.6400258187047,55833.40304177993,50360.8
sssp,kron,17,auto,50000,3083.933252350675,3389.4206053569415,416.9091128002044,439.38021839380696,30574.00501107844,27905.85
sssp,kron,17,auto,75000,4305.725315942705,4691.455206946067,343.94319428765624,343.32238570520826,21898.32926919011,20161.05
sssp,kron,17,auto,100000,5430.286942897787,5871.723810410653,302.30097338816717,272.328265537249,17363.390130703767,16108.5
sssp,kron,18,hand,100,9.211398561551864,10.296368741087367,8138.358552102172,11044.747111899047,20814924.29515492,18424093.85
sssp,kron,18,hand,250,21.351243235946086,23.790020171846322,5667.487685391717,8625.59941471668,8980018.7086251,7973985.0
sssp,kron,18,hand,500,41.23079403644937,45.80802806784305,4157.276508354975,3959.3465954823732,4650275.799726325,4141223.1
sssp,kron,18,hand,750,60.84348995873973,67.51544583484882,3443.041436451226,4414.433065763352,3151274.916038239,2809746.15
sssp,kron,18,hand,1000,80.27501401326056,89.01791139187047,3006.1086449488357,3991.879428091644,2388471.258062048,2131046.0
sssp,kron,18,hand,2500,194.59205997495044,215.64920008832806,1938.6940677214009,3100.0270096446447,985315.4529320606,879675.25
sssp,kron,18,hand,5000,379.91467334327996,422.21462671256467,1385.965154194191,1624.2049220918389,504677.96366989793,449300.55
sssp,kron,18,hand,7500,560.776851061012,623.4284425089919,1137.9196244414773,1659.6500669529266,341908.84190107277,304287.15
sssp,kron,18,hand,10000,738.2145970935563,824.2947818403464,989.2445632607723,1616.9735302002982,259727.40781079658,230137.65
sssp,kron,18,hand,25000,1754.2227956540814,1974.2286718119074,634.2287811787933,699.3329603798763,109298.86681794636,96088.8
sssp,kron,18,hand,50000,3316.769241847833,3737.06125528568,453.3630067068981,688.547691655568,57807.628366808574,50762.15
sssp,kron,18,hand,75000,4748.73421828785,5322.101837473575,372.21462154072935,367.13176682293,40375.930700187855,35644.05
sssp,kron,18,hand,100000,6073.2177515157855,6788.2458566748555,323.58500937075155,524.8573214643546,31570.507028724085,27945.55
sssp,kron,18,auto,100,9.17504020493866,10.296368741087367,10543.30785545253,11044.747111899047,20632693.31607976,18424093.85
sssp,kron,18,auto,250,21.250293380413265,23.790020171846322,7433.268501947866,8625.59941471668,8908384.807792215,7973985.0
sssp,kron,18,auto,500,41.095300814823716,45.80802806784305,5465.992924039559,3959.3465954823732,4606506.99612145,4141223.1
sssp,kron,18,auto,750,60.72634684439628,67.51544583484882,4527.22036148899,4414.433065763352,3117358.4539223732,2809746.15
sssp,kron,18,auto,1000,80.21156517242179,89.01791139187047,3951.319072330871,3991.879428091644,2360080.997101498,2131046.0
sssp,kron,18,auto,2500,195.23944185175722,215.64920008832806,2541.7346284567147,3100.0270096446447,969608.3379245594,879675.25
sssp,kron,18,auto,5000,382.347870511304,422.21462671256467,1812.0458752715483,1624.2049220918389,495114.01870251616,449300.55
sssp,kron,18,auto,7500,565.2381778786853,623.4284425089919,1485.2136647904322,1659.6500669529266,334913.3128651315,304287.15
sssp,kron,18,auto,10000,744.7752135524661,824.2947818403464,1289.6936008362982,1616.9735302002982,254178.4249347407,230137.65
sssp,kron,18,auto,25000,1772.9994887237433,1974.2286718119074,824.7283174038919,699.3329603798763,106771.48635134057,96088.8
sssp,kron,18,auto,50000,3352.4612158318987,3737.06125528568,589.0600529989265,688.547691655568,56467.70492592427,50762.15
sssp,kron,18,auto,75000,4797.1576434440985,5322.101837473575,483.5241513289457,367.13176682293,39462.07416591999,35644.05
sssp,kron,18,auto,100000,6131.033125149758,6788.2458566748555,420.3568973771101,524.8573214643546,30876.65436591112,27945.55
