workload,c,frac_bytes
2mm,1.0,1.551791025475236e-05
2mm,1.164426,1.6085914802251386e-05
2mm,1.355889,1.6653922350762808e-05
2mm,1.578833,1.7221928305106277e-05
2mm,1.838435,1.778993448671355e-05
2mm,2.140722,3.1051835633592634e-05
2mm,2.492714,3.6877922006251925e-05
2mm,2.902582,4.270399641996578e-05
2mm,3.379843,5.6828820304623035e-05
2mm,3.935578,7.325158985682471e-05
2mm,4.582692,0.01515051885447919
2mm,5.336207,0.03202591714900396
2mm,6.213621,0.04890133919471851
2mm,7.235305,0.06577675910565359
2mm,8.42498,0.0826521667547292
2mm,9.81027,0.09952758624515408
2mm,11.423337,0.11640299224206359
2mm,13.301636,0.1332784087612185
2mm,15.488777,0.15015382472422817
2mm,18.035542,0.1670292415148279
2mm,21.001062,0.18390465518622445
2mm,24.454192,0.20078006930105421
2mm,28.475108,0.21765548382219507
2mm,33.157169,0.23453089851980996
2mm,38.609085,0.25140631413113623
2mm,44.95744,0.2682817290991996
2mm,52.349632,0.285157142984201
2mm,60.957296,0.3020325571502088
2mm,70.980288,0.31890797192549186
2mm,82.651325,0.3357833866623632
2mm,96.241389,0.3526588011474514
2mm,112.066019,0.36953421564661254
2mm,130.492637,0.3864096303633086
2mm,151.949079,0.4032850454903526
2mm,176.933527,0.4201604601516309
2mm,206.026079,0.6405002681699796
2mm,239.902216,0.6853173039812384
2mm,279.348487,0.7301343408640768
2mm,325.280767,0.7749513763747428
2mm,378.76553,0.8197684128680225
2mm,441.044602,0.8715141257794029
2mm,513.564001,0.9238057243747736
2mm,598.007508,0.9760973232771785
2mm,696.335761,0.9999457911806517
2mm,810.83178,0.9999459821345879
2mm,944.153973,0.9999461730885235
2mm,1099.397861,0.999946364042459
2mm,1280.167951,0.9999465549963946
2mm,1490.661426,0.9999467459503307
2mm,1735.765596,0.9999469369042665
2mm,2021.171375,0.9999471278582022
2mm,2353.505414,0.999947318812138
2mm,2740.48396,0.9999475097660738
2mm,3191.092015,0.9999477007200095
2mm,3715.791954,0.9999478916739452
2mm,4326.766443,0.999948082627881
2mm,5038.201299,0.9999482735818167
2mm,5866.614865,0.9999484645357525
2mm,6831.241535,0.9999486554896883
2mm,7954.478345,0.9999488464436239
2mm,9262.405,0.9999490373975597
2mm,10785.389395,0.9999492283514955
2mm,12558.79271,0.9999494193054311
2mm,14623.790441,0.9999496102593669
2mm,17028.328424,0.9999498012133027
2mm,19828.236056,0.9999499921672383
2mm,23088.522567,0.9999501831211741
2mm,26884.886423,0.9999503740751099
2mm,31305.47292,0.9999505650290457
2mm,36452.920771,0.9999507559829813
2mm,42446.745212,0.9999511333036889
2mm,49426.112941,0.9999517333745535
2mm,57553.073346,0.9999523334454181
2mm,67016.321019,0.9999529335162828
2mm,78035.576934,0.9999535042118605
2mm,90866.690007,0.9999539024082922
2mm,105807.577483,0.999954300604724
2mm,123205.142081,0.9999546988011557
2mm,143463.326506,0.9999550969975876
2mm,167052.492327,0.9999554951940194
2mm,194520.340998,0.9999558933904511
2mm,226504.63058,0.9999561766328163
2mm,263747.98343,0.9999563980940052
2mm,307115.128662,0.999956619555194
2mm,357612.979734,0.9999568410163828
2mm,416414.013309,0.9999570624775717
2mm,484883.49223,0.9999572839387605
2mm,564611.164665,0.9999575053999493
2mm,657448.175434,0.9999577268611382
2mm,765550.04653,0.999957948322327
2mm,891426.724785,0.9999581697835158
2mm,1038000.85868,0.9999583912447046
2mm,1208675.657418,0.9999586127058935
2mm,1407413.907821,0.9999588341670823
2mm,1638829.983685,0.9999590556282711
2mm,1908296.983923,0.99995927708946
2mm,2222071.487037,0.9999594985506488
2mm,2587438.81854,0.9999597200118376
2mm,3012882.204169,0.9999599414730265
2mm,3508279.736378,0.9999601629342153
2mm,4085133.727315,0.9999603843954041
2mm,4756837.773511,0.999960605856593
2mm,5538987.733058,0.9999608273177818
2mm,6449743.835667,0.9999610487789706
2mm,7510252.333193,0.9999781238307158
2mm,8745136.480664,0.9999874767381594
2mm,10183068.247579,0.9999888591360006
2mm,11857434.033662,0.9999902415338419
2mm,13807109.845903,0.9999916239316832
2mm,16077363.935202,0.9999925565543026
2mm,18720907.850358,0.9999931264854438
2mm,21799120.31314,0.999993696416585
2mm,25383472.330786,0.9999942663477263
2mm,29557186.634701,0.999995652063366
2mm,34417169.97477,0.999997832664339
2mm,40076263.133973,0.9999982661314711
2mm,46665860.904915,0.9999986995986033
2mm,54338962.859808,0.9999991330657356
2mm,63273725.747737,0.9999995665328678
2mm,73677600.0,1.0
3mm,1.0,3.650647624888655e-06
3mm,1.168725,4.061227758216234e-06
3mm,1.365918,4.471807649348416e-06
3mm,1.596382,4.882386933876429e-06
3mm,1.865731,5.292966286742968e-06
3mm,2.180526,5.86501248411756e-06
3mm,2.548434,6.566901651072458e-06
3mm,2.978418,7.268792228982639e-06
3mm,3.480951,3.68759194890743e-05
3mm,4.068274,0.0006633334568067814
3mm,4.754692,0.006336951653485113
3mm,5.556926,0.012010572346512599
3mm,6.494517,0.01768419475333447
3mm,7.590303,0.02335781804472207
3mm,8.870975,0.029031440270094678
3mm,10.367728,0.034705062260077524
3mm,12.117021,0.04037868644498311
3mm,14.161462,0.046052307701287966
3mm,16.550851,0.051725929530513706
3mm,19.343389,0.05739955128674478
3mm,22.607098,0.06307317426207604
3mm,26.421474,0.06874679506959708
3mm,30.879431,0.07442041767386375
3mm,36.089555,0.08009403952328424
3mm,42.178756,0.08576766152552708
3mm,49.295356,0.09144128360752309
3mm,57.612703,0.09711490597659996
3mm,67.333392,0.10278852815229905
3mm,78.694201,0.10846214994120683
3mm,91.97186,0.11413577191415947
3mm,107.489789,0.1198093940125318
3mm,125.625977,0.12548301620457905
3mm,146.822188,0.1311566381924118
3mm,171.594725,0.13683026032721587
3mm,200.547001,0.5135952357875034
3mm,234.384244,0.6159958137034752
3mm,273.930666,0.6524041037129686
3mm,320.149549,0.688812394450983
3mm,374.1667,0.7252206842802248
3mm,437.297883,0.7658783955622039
3mm,511.080858,0.8070941419431539
3mm,597.312846,0.8483098879501412
3mm,698.094306,0.9999598877451945
3mm,815.880092,0.9999599475255163
3mm,953.539254,0.9999600073058377
3mm,1114.424925,0.9999600670861597
3mm,1302.455989,0.9999601268664813
3mm,1522.212547,0.9999601866468029
3mm,1779.047476,0.9999602464271248
3mm,2079.216812,0.9999603062074462
3mm,2430.032145,0.9999603659877682
3mm,2840.038706,0.9999604257680899
3mm,3319.223521,0.9999604855484115
3mm,3879.258672,0.9999605453287332
3mm,4533.785614,0.9999606051090549
3mm,5298.747448,0.9999606648893766
3mm,6192.777275,0.9999607246696983
3mm,7237.65206,0.9999607844500201
3mm,8458.823079,0.9999608442303418
3mm,9886.03587,0.9999609040106635
3mm,11554.05478,0.9999609637909852
3mm,13503.50976,0.9999610235713069
3mm,15781.886039,0.9999610833516287
3mm,18444.680782,0.9999611431319504
3mm,21556.754897,0.9999612029122721
3mm,25193.912932,0.9999612626925938
3mm,29444.749539,0.9999613224729155
3mm,34412.807482,0.9999613822532372
3mm,40219.099748,0.999961442033559
3mm,47005.057212,0.9999615018138807
3mm,54935.973639,0.9999615615942024
3mm,64205.031941,0.999961621374524
3mm,75038.009768,0.9999617267263216
3mm,87698.779047,0.999961996795877
3mm,102495.733431,0.9999622668654327
3mm,119789.300212,0.9999625369349882
3mm,140000.719689,0.9999628070045438
3mm,163622.305821,0.9999630770740993
3mm,191229.438117,0.9999633471436548
3mm,223494.57685,0.9999636425534889
3mm,261203.642981,0.9999639679522359
3mm,305275.161787,0.9999642933509828
3mm,356782.636492,0.9999646187497298
3mm,416980.696881,0.9999649441484767
3mm,487335.659832,0.9999652695472236
3mm,569561.246168,0.9999655949459706
3mm,665660.323828,0.9999659203447175
3mm,777973.694137,0.9999662457434645
3mm,909237.109535,0.9999665711422114
3mm,1062647.911601,0.9999668965409584
3mm,1241942.912567,0.9999672219397053
3mm,1451489.417366,0.9999675473384523
3mm,1696391.603357,0.9999678727371992
3mm,1982614.848933,0.9999681981359462
3mm,2317131.039455,0.9999685235346931
3mm,2708088.389883,0.9999688489334401
3mm,3165009.920693,0.999969174332187
3mm,3699025.421588,0.999969499730934
3mm,4323142.553234,0.9999698251296809
3mm,5052563.690562,0.999970150528428
3mm,5905056.225381,0.9999704759271749
3mm,6901385.348204,0.9999711157633858
3mm,8065819.851077,0.9999799816432452
3mm,9426723.271866,0.9999866205704506
3mm,11017244.779212,0.9999885389065357
3mm,12876126.626877,0.9999900175204312
3mm,15048647.845621,0.9999927196330951
3mm,17587727.159253,0.9999946839694875
3mm,20555211.989916,0.9999949558046235
3mm,24023384.95046,0.9999952276397595
3mm,28076724.519363,0.9999954994748954
3mm,32813962.785086,0.9999957713100314
3mm,38350490.382824,0.9999960431451673
3mm,44821167.2036,0.9999963149803033
3mm,52383607.339552,0.9999984336568416
3mm,61222018.280772,0.9999987469254732
3mm,71551687.879676,0.9999990601941049
3mm,83624228.377302,0.9999993734627366
3mm,97733705.226617,0.9999996867313683
3mm,114223800.0,1.0
adi,1.0,0.0025310223815595135
adi,1.170815,0.0025324583936162243
adi,1.370809,0.0025338944138819076
adi,1.604964,0.0025353304274175347
adi,1.879116,0.002536766439834488
adi,2.200098,0.0025506998929731403
adi,2.575908,0.0025519273331718823
adi,3.015913,0.0026039560217385634
adi,3.531077,0.0026143359091667763
adi,4.13424,0.0026512074380572273
adi,4.840431,0.0027881502665089526
adi,5.667251,0.002925093224994908
adi,6.635304,0.0030620361099132102
adi,7.768716,0.003198979080575731
adi,9.095732,0.0033359220315820406
adi,10.649422,0.003472864924505887
adi,12.468507,0.0036098078877053663
adi,14.598319,0.0037467508101994033
adi,17.091936,0.003883693757279644
adi,20.011501,0.004020636701502473
adi,23.429773,0.004157579663804735
adi,27.431937,0.004294522581618343
adi,32.117733,0.004431465529311241
adi,37.603934,0.004568408456279364
adi,44.027263,0.004705351398893829
adi,51.547795,0.004842294338710342
adi,60.352949,0.0049792372749603055
adi,70.662158,0.005116180206882083
adi,82.732339,0.005253123149777926
adi,96.864291,0.005390066082370601
adi,113.410198,0.0055270090220027185
adi,132.782399,0.005663951956639705
adi,155.46367,0.005800894896808281
adi,182.01925,0.005937837836592839
adi,213.11093,0.006074780774394602
adi,249.513545,0.0062117237091423964
adi,292.134286,0.006348666647180279
adi,342.035303,0.012338388532452432
adi,400.46018,0.01569850568618615
adi,468.864921,0.18994588202280022
adi,548.954242,0.6317025093179703
adi,642.724047,0.8125811003652161
adi,752.511173,0.9475404455721932
adi,881.051624,0.9999116958601156
adi,1031.548756,0.9999117951026208
adi,1207.753106,0.9999118943451257
adi,1414.055863,0.9999119935876312
adi,1655.598295,0.9999120928301364
adi,1938.399879,0.9999121920726415
adi,2269.508312,0.9999122913151468
adi,2657.175145,0.9999123905576522
adi,3111.061418,0.9999124898001572
adi,3642.47843,0.9999125890426626
adi,4264.669618,0.9999126882851677
adi,4993.140606,0.999912787527673
adi,5846.045612,0.9999128867701782
adi,6844.639876,0.9999129860126834
adi,8013.809359,0.9999130852551886
adi,9382.690923,0.9999131844976938
adi,10985.398456,0.999913283740199
adi,12861.873019,0.9999133829827043
adi,15058.878222,0.9999134822252095
adi,17631.165614,0.9999135814677148
adi,20642.839149,0.99991368071022
adi,24168.95272,0.9999137799527251
adi,28297.380578,0.9999138791952304
adi,33131.00724,0.9999139784377357
adi,38790.291481,0.9999140776802409
adi,45416.268278,0.9999141769227461
adi,53174.06355,0.9999142761652513
adi,62257.009253,0.9999143754077565
adi,72891.461408,0.9999144746502617
adi,85342.441114,0.999914573892767
adi,99920.239143,0.9999146731352722
adi,116988.148687,0.9999147723777774
adi,136971.51899,0.9999157590950001
adi,160368.355469,0.9999169510386768
adi,187761.730508,0.9999181429823537
adi,219834.314198,0.9999193349260305
adi,257385.387149,0.9999205268697073
adi,301350.759365,0.9999217188133842
adi,352826.09155,0.999922910757061
adi,413094.200063,0.9999241027007378
adi,483657.025976,0.9999252946444147
adi,566273.064933,0.9999264865880915
adi,663001.19061,0.9999276785317683
adi,776251.963887,0.9999288704754451
adi,908847.706417,0.999930062419122
adi,1064092.835687,0.9999312543627988
adi,1245856.214375,0.9999324463064756
adi,1458667.566252,0.9999336382501525
adi,1707830.361388,0.9999348301938293
adi,1999553.983897,0.9999360221375061
adi,2341108.475942,0.999937214081183
adi,2741005.714408,0.9999384060248598
adi,3209211.535315,0.9999395979685366
adi,3757394.092344,0.9999407899122135
adi,4399214.638806,0.9999419818558903
adi,5150667.97963,0.9999431737995671
adi,6030481.077773,0.999944365743244
adi,7060579.748725,0.9999455576869208
adi,8266635.073584,0.9999562803940302
adi,9678703.147875,0.9999585015446281
adi,11331974.109276,0.9999607226952258
adi,13267649.110769,0.9999629438458237
adi,15533967.09426,0.9999651649964216
adi,18187406.952878,0.9999673861470195
adi,21294095.041042,0.9999836372887528
adi,24931453.108833,0.9999886177646566
adi,29190127.728833,0.999992082790351
adi,34176249.29867,0.999993930879136
adi,40014076.915845,0.9999943830255237
adi,46849095.037747,0.9999948351719113
adi,54851639.098708,0.9999952873182991
adi,64221140.438055,0.9999957394646868
adi,75191096.326992,0.9999961916110744
adi,88034888.952313,0.9999966437574621
adi,103072598.371781,0.9999975314555221
adi,120678979.226808,0.999998765727761
adi,141292800.0,1.0
atax,1.0,6.20638078008e-06
atax,1.128455,6.7474185755724165e-06
atax,1.273411,7.288457471397648e-06
atax,1.436987,7.829495235719316e-06
atax,1.621575,8.370532575433572e-06
atax,1.829874,8.911569351614188e-06
atax,2.064931,0.0782094245883197
atax,2.330182,0.374001565475077
atax,2.629505,0.669792911204856
atax,2.967278,0.9655846957329066
atax,3.34844,0.9924376977388971
atax,3.778564,0.9924481264440058
atax,4.26394,0.9924885242562353
atax,4.811664,0.9925556319575423
atax,5.429746,0.9926227396758868
atax,6.127225,0.9926898475134178
atax,6.914297,0.9927569552071488
atax,7.802474,0.9928240630257499
atax,8.804741,0.992891170787446
atax,9.935754,0.9929582785360933
atax,11.212051,0.9930253862711578
atax,12.652295,0.9930924940196014
atax,14.277546,0.9931596017858745
atax,16.111569,0.9932267095633674
atax,18.181181,0.9932938173246453
atax,20.516645,0.9933609250842621
atax,23.152111,0.9934280328419887
atax,26.126116,0.9934951406032836
atax,29.482146,0.9935622483478722
atax,33.269276,0.9936293561124234
atax,37.542882,0.9936964638783896
atax,42.365453,0.99376357162854
atax,47.807508,0.9938306793860114
atax,53.948623,0.9938977871510027
atax,60.878595,0.9939648949148292
atax,68.698756,0.9940320026724886
atax,77.523456,0.9940991104307217
atax,87.481733,0.9941662181889217
atax,98.719201,0.9942333259490369
atax,111.400178,0.9943004337081189
atax,125.71009,0.9943675414664854
atax,141.858183,0.9944346492286873
atax,160.080579,0.9945017569883857
atax,180.643733,0.9945688647472335
atax,203.848327,0.994635972505097
atax,230.033669,0.9947030802664772
atax,259.582648,0.9947701880240735
atax,292.927343,0.9948372957842905
atax,330.555331,0.9949044035435657
atax,373.016824,0.9949715113043456
atax,420.932708,0.9952689585451521
atax,475.003628,0.9957134301278046
atax,536.020229,0.9961579017091952
atax,604.874719,0.9966023732920357
atax,682.573914,0.9970468448749403
atax,770.253961,0.9974913164589915
atax,869.19695,0.9981114494820366
atax,980.849663,0.9987543291369386
atax,1106.844728,0.999397208793466
atax,1249.024491,0.9999627802428274
atax,1409.467959,0.999962934276985
atax,1590.521196,0.9999630883111424
atax,1794.83163,0.9999632423452995
atax,2025.386766,0.9999633963794572
atax,2285.557867,0.999963550413615
atax,2579.149252,0.9999637044477724
atax,2910.453925,0.9999638584819299
atax,3284.316346,0.9999640125160872
atax,3706.203273,0.9999641665502447
atax,4182.283695,0.9999643205844024
atax,4719.519037,0.9999644746185599
atax,5325.764956,0.9999646286527172
atax,6009.886209,0.9999647826868748
atax,6781.886271,0.9999649367210323
atax,7653.053618,0.9999650907551897
atax,8636.126786,0.9999652447893473
atax,9745.480638,0.9999653988235048
atax,10997.336563,0.9999655528576622
atax,12409.999669,0.9999657068918197
atax,14004.126443,0.9999658609259772
atax,15803.026807,0.9999660149601347
atax,17833.004956,0.9999661689942921
atax,20123.743992,0.9999663230284497
atax,22708.739961,0.9999664770626072
atax,25625.791642,0.9999666310967646
atax,28917.553259,0.9999667851309221
atax,32632.158186,0.9999669391650796
atax,36823.922769,0.9999670931992372
atax,41554.140562,0.9999672472333946
atax,46891.978583,0.9999674012675521
atax,52915.488703,0.9999675553017096
atax,59712.748944,0.9999677093358671
atax,67383.151397,0.9999678633700245
atax,76038.855561,0.9999680174041821
atax,85806.428391,0.9999681714383395
atax,96828.694999,0.999968325472497
atax,109266.827101,0.9999684795066545
atax,123302.699731,0.999968633540812
atax,139141.550682,0.9999687875749695
atax,157014.981573,0.999968941609127
atax,177184.344415,0.9999726259776621
atax,199944.563195,0.9999733117419144
atax,225628.446368,0.9999739975061667
atax,254611.553309,0.9999746832704189
atax,287317.685875,0.9999753690346712
atax,324225.085406,0.9999760547989235
atax,365873.425738,0.9999767405631758
atax,412871.704525,0.999977426327428
atax,465907.148227,0.9999781120916803
atax,525755.260992,0.9999854500663481
atax,593291.164372,0.9999867471446006
atax,669502.393676,0.9999912512301761
atax,755503.338082,0.9999929445019392
atax,852551.535655,0.9999943541576335
atax,962066.061539,0.9999954785298754
atax,1085648.278205,0.9999966029021172
atax,1225105.251176,0.999997509879737
atax,1382476.172615,0.9999983399198247
atax,1560062.179159,0.9999991699599123
atax,1760460.0,1.0
bicg,1.0,6.191317914887953e-06
bicg,1.125437,6.719082259399762e-06
bicg,1.266608,7.246845049044e-06
bicg,1.425488,7.774610935957604e-06
bicg,1.604296,8.302372668522348e-06
bicg,1.805534,8.830136821699556e-06
bicg,2.032015,0.03878472560634228
bicg,2.286905,0.32731995260000896
bicg,2.573767,0.6158545593560145
bicg,2.896612,0.9043891276201602
bicg,3.259954,0.9900285377441859
bicg,3.668873,0.9900412538126891
bicg,4.129085,0.990068146465018
bicg,4.647024,0.9901336077149752
bicg,5.229933,0.9901990691148619
bicg,5.885959,0.9902645303841504
bicg,6.624276,0.9903299917542346
bicg,7.455204,0.9903954530303519
bicg,8.390362,0.9904609143757012
bicg,9.442823,0.990526375699882
bicg,10.627301,0.9905918370008506
bicg,11.960357,0.9906572983392099
bicg,13.460627,0.9907227596590213
bicg,15.149086,0.990788220971344
bicg,17.04934,0.9908536822829446
bicg,19.187957,0.9909191436256495
bicg,21.594834,0.9909846049281457
bicg,24.303623,0.9910500662515255
bicg,27.352195,0.9911155275933194
bicg,30.783169,0.9911809889075716
bicg,34.644514,0.9912464502270415
bicg,38.990215,0.9913119115591551
bicg,43.881026,0.9913773728744507
bicg,49.385326,0.9914428342000374
bicg,55.580068,0.9915082955221862
bicg,62.551859,0.9915737568424945
bicg,70.39817,0.9916392181644054
bicg,79.228698,0.9917046794870652
bicg,89.1669,0.9917701408095307
bicg,100.35172,0.9918356021363195
bicg,112.939528,0.991901063457182
bicg,127.106312,0.9919665247800942
bicg,143.050133,0.9920319861013301
bicg,160.993898,0.9920974474246766
bicg,181.188473,0.9921629087473283
bicg,203.916193,0.9922283700704577
bicg,229.494807,0.9922938313919105
bicg,258.281924,0.992359292715707
bicg,290.680007,0.9924247540381755
bicg,327.142005,0.9924902153606644
bicg,368.177683,0.9925556766833409
bicg,414.360749,0.9950358074024553
bicg,466.336876,0.9955030648354901
bicg,524.832726,0.9959703222599361
bicg,590.666115,0.9964375796922424
bicg,664.757439,0.9969048371180883
bicg,748.14255,0.9973720945508137
bicg,841.98723,0.9999566904191216
bicg,947.603495,0.9999568292024524
bicg,1066.467937,0.9999569679857838
bicg,1200.242366,0.9999571067691154
bicg,1350.797044,0.9999572455524468
bicg,1520.236833,0.9999573843357776
bicg,1710.930624,0.9999575231191089
bicg,1925.544453,0.9999576619024406
bicg,2167.078774,0.9999578006857719
bicg,2438.910411,0.9999579394691033
bicg,2744.839765,0.9999580782524347
bicg,3089.143948,0.9999582170357662
bicg,3476.636579,0.9999583558190974
bicg,3912.735083,0.9999584946024287
bicg,4403.53643,0.9999586333857599
bicg,4955.902376,0.9999587721690913
bicg,5577.555391,0.9999589109524225
bicg,6277.186632,0.9999590497357539
bicg,7064.577445,0.9999591885190853
bicg,7950.736118,0.9999593273024165
bicg,8948.051785,0.9999594660857479
bicg,10070.467635,0.9999596048690793
bicg,11333.675846,0.9999597436524106
bicg,12755.336975,0.9999598824357419
bicg,14355.326864,0.9999600212190731
bicg,16156.014521,0.9999601600024045
bicg,18182.57485,0.9999602987857359
bicg,20463.340618,0.9999604375690672
bicg,23030.198566,0.9999605763523985
bicg,25919.03521,0.9999607151357298
bicg,29170.238559,0.9999608539190612
bicg,32829.262768,0.9999609927023925
bicg,36947.263619,0.9999611314857239
bicg,41581.813718,0.9999612702690551
bicg,46797.7074,0.9999614090523865
bicg,52667.866601,0.9999615478357178
bicg,59274.360357,0.9999616866190492
bicg,66709.552189,0.9999618254023804
bicg,75077.391413,0.9999619641857118
bicg,84494.866423,0.9999621029690431
bicg,95093.640276,0.9999622417523745
bicg,107021.891432,0.9999623805357057
bicg,120446.3854,0.9999625193190371
bicg,135554.806234,0.9999626581023685
bicg,152558.380495,0.9999627968856998
bicg,171694.830349,0.9999641188226231
bicg,193231.697091,0.9999662222964694
bicg,217470.081567,0.9999683257703157
bicg,244748.85378,0.999970429244162
bicg,275449.390531,0.9999725327180083
bicg,310000.907348,0.9999746361918547
bicg,348886.459218,0.9999826645474046
bicg,392649.694052,0.9999845026340322
bicg,441902.453265,0.9999863407206597
bicg,497333.325759,0.9999908828392251
bicg,559717.274894,0.9999916050707661
bicg,629926.473029,0.9999923273023071
bicg,708942.495116,0.9999930495338482
bicg,797870.041823,0.9999937717653892
bicg,897952.384042,0.9999957459761005
bicg,1010588.74471,0.9999974548909756
bicg,1137353.860944,0.9999987274454878
bicg,1280020.0,1.0
cholesky,1.0,3.1249023468016627e-06
cholesky,1.17894,3.495969339793246e-06
cholesky,1.389901,3.867038727210683e-06
cholesky,1.63861,4.2381058784836275e-06
cholesky,1.931824,4.609174186043978e-06
cholesky,2.277505,5.188048979604817e-06
cholesky,2.685043,5.822393995534338e-06
cholesky,3.165506,7.999749168466774e-06
cholesky,3.731944,1.3364109018950396e-05
cholesky,4.399739,0.013480797837090967
cholesky,5.187031,0.03675183552667251
cholesky,6.115201,0.060022861329069914
cholesky,7.209458,0.08329388285522678
cholesky,8.499522,0.10656490650326152
cholesky,10.02043,0.12983592036410332
cholesky,11.813491,0.15310694727106738
cholesky,13.927403,0.17637797137845887
cholesky,16.419579,0.1996489914161961
cholesky,19.357707,0.22292001775012743
cholesky,22.821585,0.246191043146529
cholesky,26.90529,0.26946206275010404
cholesky,31.719736,0.2927330865166477
cholesky,37.395681,0.31600410889822966
cholesky,44.087283,0.3392751333282137
cholesky,51.976283,0.36254615603533175
cholesky,61.276945,0.3858171798462708
cholesky,72.241871,0.409088201511709
cholesky,85.168867,0.43235922462064563
cholesky,100.409026,0.45563024768015825
cholesky,118.376267,0.4789012712698388
cholesky,139.558574,0.502172293814721
cholesky,164.531254,0.5254433169143876
cholesky,193.972558,0.5487143402584479
cholesky,228.682103,0.5719853632902253
cholesky,269.60259,0.5952563857630415
cholesky,317.845411,0.618527409172655
cholesky,374.720825,0.6417984320969599
cholesky,441.773553,0.6650694548536734
cholesky,520.82473,0.6883404778825647
cholesky,614.021363,0.7116115007920298
cholesky,723.894648,0.7348825238412275
cholesky,853.428712,0.7495584208899106
cholesky,1006.141665,0.7500648589147838
cholesky,1186.18115,0.7505712969426782
cholesky,1398.436988,0.9343748461508423
cholesky,1648.67399,0.9999843800963285
cholesky,1943.688524,0.9999844070967331
cholesky,2291.493104,0.9999844340971377
cholesky,2701.534007,0.9999844610975422
cholesky,3184.94783,0.9999844880979468
cholesky,3754.863961,0.9999845150983514
cholesky,4426.761164,0.999984542098756
cholesky,5218.887983,0.9999845690991607
cholesky,6152.758364,0.9999845960995652
cholesky,7253.735971,0.9999846230999698
cholesky,8551.723052,0.9999846501003744
cholesky,10081.972579,0.999984677100779
cholesky,11886.045709,0.9999847041011836
cholesky,14012.940572,0.9999847311015883
cholesky,16520.423048,0.9999847581019928
cholesky,19476.59567,0.9999847851023974
cholesky,22961.747275,0.999984812102802
cholesky,27070.533621,0.9999848391032066
cholesky,31914.548216,0.9999848661036111
cholesky,37625.353164,0.9999848931040158
cholesky,44358.052358,0.9999849201044204
cholesky,52295.504055,0.999984947104825
cholesky,61653.287261,0.9999849741052296
cholesky,72685.556795,0.9999850011056342
cholesky,85691.946063,0.9999850281060387
cholesky,101025.705021,0.9999850551064434
cholesky,119103.294346,0.999985082106848
cholesky,140415.696393,0.9999851091072526
cholesky,165541.750139,0.9999851361076572
cholesky,195163.872296,0.9999851631080617
cholesky,230086.591555,0.9999851901084663
cholesky,271258.399368,0.999985217108871
cholesky,319797.510713,0.9999852441092756
cholesky,377022.234505,0.9999852711096802
cholesky,444486.778507,0.9999852981100847
cholesky,524023.461181,0.9999853251104893
cholesky,617792.476956,0.999985352110894
cholesky,728340.566515,0.9999853791112986
cholesky,858670.185569,0.9999854061117032
cholesky,1012321.050732,0.9999854331121077
cholesky,1193466.277248,0.9999854601125123
cholesky,1407025.719656,0.9999854871129169
cholesky,1658799.593683,0.9999855141133216
cholesky,1955626.00851,0.9999855411137262
cholesky,2305566.687938,0.9999855681141308
cholesky,2718125.924589,0.9999855951145353
cholesky,3204508.713876,0.9999856221149399
cholesky,3777925.078605,0.9999856491153445
cholesky,4453948.849553,0.9999856761157492
cholesky,5250940.646435,0.9999857031161538
cholesky,6190546.547285,0.9999857301165583
cholesky,7298285.989982,0.9999857571169629
cholesky,8604244.873164,0.9999857841173675
cholesky,10143892.680967,0.9999858111177721
cholesky,11959045.824451,0.9999858381181768
cholesky,14099003.363834,0.9999858651185813
cholesky,16621885.957405,0.9999858921189859
cholesky,19596214.402621,0.9999859191193905
cholesky,23102770.642126,0.9999861290796157
cholesky,27236791.779094,0.9999867599644151
cholesky,32110556.690764,0.9999873908492146
cholesky,37856435.491871,0.9999881385675794
cholesky,44630484.670557,0.9999889108342785
cholesky,52616685.539676,0.9999896831009776
cholesky,62031941.118659,0.9999904553676767
cholesky,73131967.159868,0.9999924629327924
cholesky,86218237.318118,0.9999928414858621
cholesky,101646171.092231,0.9999932200389318
cholesky,119834786.920885,0.9999935985920014
cholesky,141278082.608186,0.9999951139840253
cholesky,166558452.168172,0.9999973276587516
cholesky,196362503.486086,0.9999986398447731
cholesky,231499706.399716,0.9999990932298487
cholesky,272924377.677596,0.9999995466149244
cholesky,321761600.0,1.0
correlation,1.0,0.24001029054183023
correlation,1.157795,0.24001116764384492
correlation,1.34049,0.24001204474915525
correlation,1.552014,0.24001292185649453
correlation,1.796914,0.24001379895834554
correlation,2.080459,0.24002596782935556
correlation,2.408747,0.24003796322276638
correlation,2.788836,0.24004995857166883
correlation,3.228902,0.24006229746660354
correlation,3.738408,0.24007497734645505
correlation,4.328311,0.2400809904342797
correlation,5.011299,0.2400812874110351
correlation,5.80206,0.24008158438798852
correlation,6.717599,0.24008188136475572
correlation,7.777605,0.2400821783412778
correlation,9.004876,0.24008247531801682
correlation,10.425805,0.24008277229478894
correlation,12.07095,0.24008306927152476
correlation,13.975691,0.24008336624819385
correlation,16.180992,0.2400836632249299
correlation,18.73428,0.24008396020171463
correlation,21.690464,0.2400842571783685
correlation,25.113121,0.24008455415507388
correlation,29.075858,0.24008485113179484
correlation,33.663898,0.24008514810857665
correlation,38.975908,0.24008544508524735
correlation,45.126131,0.240085742062007
correlation,52.24683,0.2400860390387073
correlation,60.491144,0.24008633601543983
correlation,70.036373,0.2400866329921566
correlation,81.087796,0.24008692996887399
correlation,93.883083,0.2400872269455788
correlation,108.69741,0.24008752392231447
correlation,125.84937,0.24008782089903447
correlation,145.707831,0.24008811787574383
correlation,168.699869,0.240088414852474
correlation,195.319945,0.24008871182918542
correlation,226.14055,0.2400890088059099
correlation,261.824507,0.7579370345129667
correlation,303.139231,0.7579402622123723
correlation,350.973231,0.7579434899117313
correlation,406.35522,0.8355315247190064
correlation,470.476238,0.9293855354599773
correlation,544.715261,0.9961606445523632
correlation,630.668868,0.9968703357003609
correlation,730.185565,0.997580026842915
correlation,845.405546,0.9982266792365013
correlation,978.806721,0.9988061956938726
correlation,1133.257997,0.9993857121456207
correlation,1312.080987,0.999937773687299
correlation,1519.121436,0.9999380873443592
correlation,1758.831933,0.9999384010014206
correlation,2036.367662,0.9999387146584809
correlation,2357.697276,0.9999390283155426
correlation,2729.731249,0.9999393419726027
correlation,3160.470503,0.999939655629664
correlation,3659.178463,0.9999399692867244
correlation,4236.580286,0.9999402829437853
correlation,4905.093507,0.9999405966008463
correlation,5679.095092,0.999940910257907
correlation,6575.23063,0.999941223914968
correlation,7612.772304,0.9999415375720286
correlation,8814.033366,0.9999418512290895
correlation,10204.847994,0.9999421648861504
correlation,11815.126883,0.9999424785432112
correlation,13679.500504,0.999942792200272
correlation,15838.063855,0.9999431058573328
correlation,18337.238746,0.9999434195143936
correlation,21230.77214,0.9999437331714545
correlation,24580.892025,0.9999440468285152
correlation,28459.645687,0.9999443604855761
correlation,32950.449145,0.999944674142637
correlation,38149.881091,0.9999449877996978
correlation,44169.759898,0.9999453014567585
correlation,51139.548372,0.9999456151138194
correlation,59209.137965,0.9999459287708802
correlation,68552.072324,0.9999469908043379
correlation,79369.279496,0.9999485747724011
correlation,91893.393068,0.9999501587404642
correlation,106393.755156,0.9999539607778558
correlation,123182.208843,0.9999578326008457
correlation,142619.804642,0.9999599773471562
correlation,165124.565203,0.9999617585517446
correlation,191180.475265,0.9999635397563331
correlation,221347.890168,0.9999653209609216
correlation,256275.586792,0.9999668344294103
correlation,296714.716077,0.9999670124268938
correlation,343534.957188,0.9999671904243773
correlation,397743.220729,0.9999673684218607
correlation,460505.303246,0.9999675464193443
correlation,533170.958714,0.9999677244168278
correlation,617302.926182,0.9999679024143113
correlation,714710.537858,0.9999680804117947
correlation,827488.630395,0.9999682584092783
correlation,958062.596202,0.9999684364067618
correlation,1109240.543648,0.9999686144042453
correlation,1284273.687908,0.9999687924017288
correlation,1486926.271221,0.9999689703992123
correlation,1721556.516235,0.9999691483966958
correlation,1993210.353434,0.9999693263941793
correlation,2307729.938327,0.9999695043916628
correlation,2671879.292156,0.9999696823891463
correlation,3093489.768142,0.9999698603866298
correlation,3581628.471651,0.9999700383841134
correlation,4146793.256292,0.9999702163815968
correlation,4801138.489528,0.9999703943790803
correlation,5558736.443069,0.9999705723765638
correlation,6435879.9295,0.9999707503740474
correlation,7451432.693592,0.9999709283715308
correlation,8627235.093778,0.9999804207512044
correlation,9988573.798342,0.9999822468988908
correlation,11564725.59753,0.9999840730465771
correlation,13389587.026765,0.9999858991942635
correlation,15502403.341555,0.9999897824865954
correlation,17948612.521346,0.9999964228252691
correlation,20780822.453372,0.9999971382602153
correlation,24059942.311697,0.9999978536951615
correlation,27856492.462754,0.9999985691301077
correlation,32252121.068063,0.9999992845650538
correlation,37341360.0,1.0
covariance,1.0,0.23849953432676957
covariance,1.157877,0.23850041362595448
covariance,1.340678,0.2385012929200069
covariance,1.55234,0.23850217221833936
covariance,1.797418,0.23850305151491394
covariance,2.081188,0.2385144559543948
covariance,2.409759,0.23852347496737628
covariance,2.790203,0.2385324939651332
covariance,3.230711,0.23854337931748917
covariance,3.740764,0.23855609088272317
covariance,4.331344,0.24859730814142816
covariance,5.015161,0.2670818699086174
covariance,5.806938,0.28556646280345
covariance,6.723717,0.30405103452351984
covariance,7.785234,0.3225356086351314
covariance,9.01434,0.3410201882954959
covariance,10.437493,0.3595047675566709
covariance,12.085329,0.37798935201825556
covariance,13.993319,0.3964739296342348
covariance,16.202536,0.4149585082539057
covariance,18.760537,0.4334430897656874
covariance,21.722386,0.4519276686414415
covariance,25.151841,0.4704122448890847
covariance,29.122727,0.48889682344443697
covariance,33.720523,0.5073814027456065
covariance,39.044204,0.5258659845564813
covariance,45.208368,0.5443505619785881
covariance,52.34571,0.5628351420254339
covariance,60.609871,0.5813197219432583
covariance,70.178749,0.5998043011979067
covariance,81.258328,0.6182888795961331
covariance,94.087114,0.636773459678467
covariance,108.941264,0.6552580389345773
covariance,126.140536,0.673742618071002
covariance,146.05517,0.6922271972959304
covariance,169.113858,0.7107117765765366
covariance,195.812973,0.7291963562631195
covariance,226.727252,0.747680935635166
covariance,262.52217,0.779125029537904
covariance,303.968268,0.8251107684147182
covariance,351.957733,0.8710965068315496
covariance,407.52361,0.9170822454568238
covariance,471.862036,0.9630679836512148
covariance,546.357992,0.9981409791777569
covariance,632.615113,0.9988728436852351
covariance,732.490212,0.9996047081951082
covariance,848.133248,0.9999378171529217
covariance,982.033609,0.9999381548951419
covariance,1137.073699,0.9999384926373628
covariance,1316.590985,0.9999388303795831
covariance,1524.449843,0.9999391681218035
covariance,1765.124742,0.9999395058640228
covariance,2043.796568,0.999939843606244
covariance,2366.464142,0.9999401813484633
covariance,2740.073364,0.9999405190906834
covariance,3172.666726,0.999940856832904
covariance,3673.55644,0.9999411945751242
covariance,4253.524899,0.999941532317344
covariance,4925.056785,0.9999418700595641
covariance,5702.607817,0.9999422078017846
covariance,6602.915931,0.9999425455440045
covariance,7645.361595,0.9999428832862247
covariance,8852.384996,0.9999432210284448
covariance,10249.969102,0.999943558770665
covariance,11868.19898,0.999943896512885
covariance,13741.909428,0.9999442342551051
covariance,15911.434839,0.9999445719973253
covariance,18423.477462,0.9999449097395454
covariance,21332.112737,0.9999452474817655
covariance,24699.953349,0.9999455852239857
covariance,28599.497056,0.9999459229662058
covariance,33114.687316,0.9999547228049496
covariance,38342.720289,0.999955251783612
covariance,44396.137132,0.9999557807622744
covariance,51405.246613,0.9999563097409369
covariance,59520.930198,0.9999568387195993
covariance,68917.890003,0.9999573676982617
covariance,79798.409513,0.9999578966769241
covariance,92396.708031,0.9999584493605679
covariance,106983.982602,0.9999624397930913
covariance,123874.245925,0.9999664302256145
covariance,143431.085948,0.9999668746021207
covariance,166075.492629,0.9999670230103945
covariance,192294.920378,0.9999671714186683
covariance,222653.781228,0.9999673198269421
covariance,257805.594645,0.9999674682352159
covariance,298507.055499,0.9999676166434897
covariance,345634.323046,0.9999677650517635
covariance,400201.881553,0.9999679134600373
covariance,463384.378574,0.9999680618683111
covariance,536541.910981,0.9999682102765849
covariance,621249.303062,0.9999683586848587
covariance,719330.006951,0.9999685070931325
covariance,832895.355132,0.9999686555014062
covariance,964390.010006,0.99996880390968
covariance,1116644.588865,0.9999689523179538
covariance,1292936.597129,0.9999691007262276
covariance,1497060.981502,0.9999692491345014
covariance,1733411.821826,0.9999693975427753
covariance,2007076.920161,0.999969545951049
covariance,2323947.323262,0.9999696943593228
covariance,2690844.136091,0.9999698427675966
covariance,3115665.356205,0.9999699911758704
covariance,3607555.889862,0.9999701395841442
covariance,4177104.409676,0.9999702879924179
covariance,4836571.291485,0.9999704364006917
covariance,5600152.537109,0.9999705848089655
covariance,6484285.364325,0.9999707332172393
covariance,7508002.042335,0.9999708816255131
covariance,8693339.589562,0.9999803584891166
covariance,10065814.153127,0.9999822334341063
covariance,11654970.281726,0.9999841083790959
covariance,13495016.915816,0.9999859833240856
covariance,15625563.785753,0.9999947807349979
covariance,18092474.069928,0.9999965214547486
covariance,20948851.667642,0.9999972171637989
covariance,24256184.339227,0.9999979128728491
covariance,28085667.3212,0.9999986085818995
covariance,32519735.909224,0.9999993042909497
covariance,37653840.0,1.0
doitgen,1.0,8.085741199681422e-06
doitgen,1.157504,8.938856348851681e-06
doitgen,1.339816,9.791973631072737e-06
doitgen,1.550843,1.0645091114795073e-05
doitgen,1.795107,1.1498206342361596e-05
doitgen,2.077844,1.250933877404386e-05
doitgen,2.405113,1.396774982655837e-05
doitgen,2.783929,1.5426163682361747e-05
doitgen,3.222409,4.038333192784248e-05
doitgen,3.729953,5.682749030545179e-05
doitgen,4.317436,0.02709960634089665
doitgen,4.99745,0.07887948186094208
doitgen,5.78457,0.13065941776640608
doitgen,6.695664,0.18243931105559338
doitgen,7.75026,0.23421924451625378
doitgen,8.970958,0.28599912174265285
doitgen,10.383922,0.3377790336406401
doitgen,12.019434,0.38955895044923855
doitgen,13.912546,0.44133886432966296
doitgen,16.103831,0.4931187739111865
doitgen,18.640253,0.5448986895503701
doitgen,21.576172,0.5966786007177061
doitgen,24.97451,0.6484585018299983
doitgen,28.908101,0.700238408407627
doitgen,33.46125,0.7520183231659422
doitgen,38.731538,0.8037982255385246
doitgen,44.83192,0.8555781390625632
doitgen,51.893137,0.907358044972039
doitgen,60.066526,0.9591379535908181
doitgen,69.527258,0.9703545254823593
doitgen,80.478096,0.9703556686969657
doitgen,93.153738,0.9703568119116199
doitgen,107.825846,0.9707133000636128
doitgen,124.808874,0.9721531367162581
doitgen,144.4668,0.9735929733055605
doitgen,167.220934,0.9750328099795401
doitgen,193.558939,0.9764726465693452
doitgen,224.045293,0.9779124832345485
doitgen,259.333376,0.9793523198586458
doitgen,300.179482,0.9807921564958756
doitgen,347.459022,0.982231993109413
doitgen,402.185291,0.983671829751587
doitgen,465.531178,0.9851116663646485
doitgen,538.854312,0.9865515030044303
doitgen,623.72615,0.9879913396373609
doitgen,721.965662,0.9894311762675285
doitgen,835.678313,0.9908710128920094
doitgen,967.301189,0.992310849522851
doitgen,1119.655226,0.9937506861554232
doitgen,1296.005669,0.995190522783797
doitgen,1500.132055,0.9966303594179773
doitgen,1736.409211,0.9980701960465641
doitgen,2009.901021,0.9994663660784188
doitgen,2326.46895,0.9994671898628326
doitgen,2692.89767,0.9994680136472475
doitgen,3117.040465,0.9994688374316598
doitgen,3607.987549,0.9994696612160742
doitgen,4176.260879,0.999472514384609
doitgen,4834.039667,0.9994898823594486
doitgen,5595.421401,0.9995072503342698
doitgen,6476.723986,0.9995246183091129
doitgen,7496.835463,0.9995419862839521
doitgen,8677.61882,0.9995593542587776
doitgen,10044.380561,0.9995767222336164
doitgen,11626.413069,0.999594090208458
doitgen,13457.622401,0.9996114581832917
doitgen,15577.254964,0.9996288261581284
doitgen,18030.738638,0.9996461941329592
doitgen,20870.65639,0.9996635621077976
doitgen,24157.873223,0.9996809300826319
doitgen,27962.840639,0.9996982980574675
doitgen,32367.106549,0.9997156660323036
doitgen,37465.063006,0.9997330340071411
doitgen,43365.96921,0.9997504019819767
doitgen,50196.29315,0.999767769956813
doitgen,58102.422058,0.9997851379316489
doitgen,67253.799775,0.9998025059064831
doitgen,77846.558268,0.9998198738813193
doitgen,90107.721117,0.9998372418561556
doitgen,104300.069078,0.9998546098309912
doitgen,120727.771992,0.9998719778058273
doitgen,139742.907737,0.9998893457806631
doitgen,161753.00795,0.9999067137554991
doitgen,187229.792228,0.9999240817303354
doitgen,216719.278002,0.9999414497051711
doitgen,250853.482765,0.9999555945889689
doitgen,290363.969442,0.9999559439572432
doitgen,336097.525221,0.9999562933255176
doitgen,389034.309858,0.999956642693792
doitgen,450308.862426,0.9999569920620665
doitgen,521234.416712,0.9999573414303409
doitgen,603331.046387,0.9999576907986153
doitgen,698358.243169,0.9999580401668897
doitgen,808352.62618,0.999958389535164
doitgen,935671.590682,0.9999587389034384
doitgen,1083043.831683,0.9999590882717129
doitgen,1253627.82522,0.9999594376399873
doitgen,1451079.520691,0.9999597870082617
doitgen,1679630.695018,0.9999601363765361
doitgen,1944179.647924,0.9999604857448106
doitgen,2250396.182098,0.9999608351130849
doitgen,2604843.11818,0.9999611844813593
doitgen,3015116.948876,0.9999615338496337
doitgen,3490010.646688,0.9999618832179081
doitgen,4039702.114552,0.9999622325861826
doitgen,4675972.318252,0.999962581954457
doitgen,5412457.77561,0.9999629313227314
doitgen,6264942.8138,0.9999632806910057
doitgen,7251697.858421,0.9999652096375241
doitgen,8393871.004535,0.9999922527640374
doitgen,9715941.261805,0.9999931372815144
doitgen,11246243.18766,0.9999940217989916
doitgen,13017574.152408,0.9999949063164686
doitgen,15067897.25118,0.9999957908339457
doitgen,17441154.92748,0.9999965219584901
doitgen,20188210.745898,0.999997217566792
doitgen,23367939.498012,0.999997913175094
doitgen,27048489.004589,0.9999986087833961
doitgen,31308740.656984,0.999999304391698
doitgen,36240000.0,1.0
fdtd-2d,1.0,1.387751703465216e-05
fdtd-2d,1.168347,1.4656284501066236e-05
fdtd-2d,1.365035,1.5435053022007707e-05
fdtd-2d,1.594834,1.6213818771252182e-05
fdtd-2d,1.863319,1.6992584842457103e-05
fdtd-2d,2.177004,1.8072511931629357e-05
fdtd-2d,2.543496,1.940382339800011e-05
fdtd-2d,2.971685,2.0735132522962236e-05
fdtd-2d,3.471959,4.889919009399007e-05
fdtd-2d,4.056453,7.541106358846674e-05
fdtd-2d,4.739345,0.00014228375009665606
fdtd-2d,5.537199,0.00020915636898377442
fdtd-2d,6.46937,0.0002760290382944141
fdtd-2d,7.558468,0.00034290163833036844
fdtd-2d,8.830914,0.0004097743256134235
fdtd-2d,10.317571,0.0004766469476745617
fdtd-2d,12.054503,0.0005435196018971898
fdtd-2d,14.083841,0.0006103922173525574
fdtd-2d,16.454813,0.0006772648660896943
fdtd-2d,19.224931,0.0007441375157395785
fdtd-2d,22.461389,0.0008110101465047537
fdtd-2d,26.242696,0.0008778827977538186
fdtd-2d,30.660574,0.0009447554404083997
fdtd-2d,35.822188,0.001011628079281647
fdtd-2d,41.852744,0.0010785007186263887
fdtd-2d,48.898526,0.0011453733606616853
fdtd-2d,57.130445,0.001212246010645362
fdtd-2d,66.748181,0.0012791186498551
fdtd-2d,77.985034,0.001345991291857751
fdtd-2d,91.113577,0.0014128639339432486
fdtd-2d,106.45227,0.001817614207069197
fdtd-2d,124.373185,0.0028843754596676895
fdtd-2d,145.311032,0.003951136741252944
fdtd-2d,169.773702,0.005017898031305143
fdtd-2d,198.354588,0.006084659319794523
fdtd-2d,231.746979,0.006709855736103712
fdtd-2d,270.760877,0.010049177749870547
fdtd-2d,316.342646,0.12680480931232582
fdtd-2d,369.597967,0.4831637975102855
fdtd-2d,431.818659,0.6709397804036945
fdtd-2d,504.514016,0.6855171397172779
fdtd-2d,589.447414,0.9650678203241528
fdtd-2d,688.679091,0.9999412765284538
fdtd-2d,804.616119,0.9999415689878312
fdtd-2d,940.070792,0.9999418614472073
fdtd-2d,1098.328847,0.999942153906584
fdtd-2d,1283.229164,0.9999424463659614
fdtd-2d,1499.256885,0.999942738825337
fdtd-2d,1751.652216,0.999943031284714
fdtd-2d,2046.537533,0.9999433237440915
fdtd-2d,2391.065894,0.9999436162034679
fdtd-2d,2793.594555,0.9999439086628443
fdtd-2d,3263.887691,0.999944201122221
fdtd-2d,3813.353245,0.9999444935815983
fdtd-2d,4455.31965,0.9999447860409747
fdtd-2d,5205.359146,0.9999450785003517
fdtd-2d,6081.665506,0.9999453709597285
fdtd-2d,7105.495373,0.9999456634191052
fdtd-2d,8301.68388,0.9999459558784818
fdtd-2d,9699.24708,0.9999462483378586
fdtd-2d,11332.085789,0.9999465407972354
fdtd-2d,13239.807921,0.9999468332566122
fdtd-2d,15468.689265,0.9999471257159889
fdtd-2d,18072.795996,0.9999474181753657
fdtd-2d,21115.296164,0.9999477106347424
fdtd-2d,24669.99197,0.9999480025373408
fdtd-2d,28823.10999,0.999948291277579
fdtd-2d,33675.392781,0.9999485800178172
fdtd-2d,39344.542602,0.9999488687580552
fdtd-2d,45968.076532,0.9999491574982934
fdtd-2d,53706.662228,0.9999494462385315
fdtd-2d,62748.01526,0.9999497349787696
fdtd-2d,73311.45254,0.9999500237190078
fdtd-2d,85653.212318,0.9999503124592459
fdtd-2d,100072.669769,0.999950601199484
fdtd-2d,116919.598969,0.9999508899397221
fdtd-2d,136602.657397,0.9999511786799603
fdtd-2d,159599.298769,0.9999515327656172
fdtd-2d,186467.354684,0.9999523086718665
fdtd-2d,217858.565989,0.9999530845781156
fdtd-2d,254534.392122,0.9999538604843649
fdtd-2d,297384.481893,0.999954636390614
fdtd-2d,347448.253785,0.999955161151283
fdtd-2d,405940.109214,0.999955558109442
fdtd-2d,474278.890377,0.9999559550676012
fdtd-2d,554122.297234,0.9999563520257602
fdtd-2d,647407.098487,0.9999567489839193
fdtd-2d,756396.111946,0.9999571459420783
fdtd-2d,883733.093914,0.9999575429002374
fdtd-2d,1032506.869013,0.9999579398583965
fdtd-2d,1206326.256083,0.9999583368165555
fdtd-2d,1409407.607629,0.9999587337747147
fdtd-2d,1646677.086257,0.9999591307328737
fdtd-2d,1923890.159047,0.9999595276910328
fdtd-2d,2247771.208436,0.9999599246491918
fdtd-2d,2626176.646163,0.9999603216073509
fdtd-2d,3068285.486961,0.9999607185655099
fdtd-2d,3584822.004738,0.9999611155236691
fdtd-2d,4188315.872257,0.9999615124818281
fdtd-2d,4893406.094533,0.9999621198574756
fdtd-2d,5717196.108494,0.9999636671369536
fdtd-2d,6679668.66259,0.9999652144164317
fdtd-2d,7804170.540118,0.9999667616959097
fdtd-2d,9117978.884245,0.9999683089753877
fdtd-2d,10652962.86212,0.9999696809080453
fdtd-2d,12446356.718134,0.9999709771293923
fdtd-2d,14541662.968324,0.9999723302718071
fdtd-2d,16989707.644828,0.9999762258519758
fdtd-2d,19849873.187508,0.9999867508242917
fdtd-2d,23191538.889141,0.9999894208155424
fdtd-2d,27095763.835157,0.9999920908067932
fdtd-2d,31657253.161168,0.9999934634398134
fdtd-2d,36986655.323957,0.9999940952905261
fdtd-2d,43213246.111044,0.9999947271412386
fdtd-2d,50488064.495091,0.9999953589919511
fdtd-2d,58987576.399845,0.9999959908426638
fdtd-2d,68917955.249915,0.9999966913326093
fdtd-2d,80520083.13808,0.9999977942217395
fdtd-2d,94075393.923867,0.9999988971108698
fdtd-2d,109912700.0,1.0
floyd-warshall,1.0,7.999488032765903e-06
floyd-warshall,1.188922,8.99804040238631e-06
floyd-warshall,1.413535,9.996590640726893e-06
floyd-warshall,1.680583,1.0995143493554589e-05
floyd-warshall,1.998082,1.1993695569970455e-05
floyd-warshall,2.375564,1.3696805389683246e-05
floyd-warshall,2.82436,1.540384088573818e-05
floyd-warshall,3.357943,2.540177946820493e-05
floyd-warshall,3.992332,3.983737037718802e-05
floyd-warshall,4.746571,6.013585875428327e-05
floyd-warshall,5.643303,8.050010224425122e-05
floyd-warshall,6.709446,0.00010086432008903868
floyd-warshall,7.977008,0.00012122855767199423
floyd-warshall,9.48404,0.00014159279083453947
floyd-warshall,11.275783,0.00016195701938609034
floyd-warshall,13.406025,0.00018232124338188912
floyd-warshall,15.938717,0.00020268547254386382
floyd-warshall,18.94989,0.00022304970146549643
floyd-warshall,22.52994,0.00024341393257455872
floyd-warshall,26.78634,0.0002637781637065729
floyd-warshall,31.846866,0.0002841423898480831
floyd-warshall,37.863438,0.0003045066217696278
floyd-warshall,45.016671,0.0003248708497447907
floyd-warshall,53.521307,0.0003452350789598347
floyd-warshall,63.632656,0.0003655993096957278
floyd-warshall,75.654259,0.0003859635378793511
floyd-warshall,89.947007,0.00040632776708733804
floyd-warshall,106.939969,0.0004266919969341652
floyd-warshall,127.143274,0.00044705622664474945
floyd-warshall,151.163425,0.0004674204553361286
floyd-warshall,179.721511,0.0004877846853615556
floyd-warshall,213.674844,0.000508148914437
floyd-warshall,254.042706,0.0005285131435702432
floyd-warshall,302.036943,0.0005488773730790404
floyd-warshall,359.098343,0.0005692416023802161
floyd-warshall,426.939893,0.0005896058318466819
floyd-warshall,507.598198,0.0006099700610398829
floyd-warshall,603.494626,0.0006303342904329822
floyd-warshall,717.507992,0.0006506985198838926
floyd-warshall,853.060982,0.0006710627492670067
floyd-warshall,1014.222903,0.0006914269785791511
floyd-warshall,1205.831844,0.0007117912078912684
floyd-warshall,1433.639915,0.0007321554372392826
floyd-warshall,1704.485925,0.0007525196665949455
floyd-warshall,2026.500684,0.0007728838959438884
floyd-warshall,2409.351091,0.060241821964605625
floyd-warshall,2864.530333,0.7929129542936424
floyd-warshall,3405.702913,0.9999760415909752
floyd-warshall,4049.114857,0.9999761067461652
floyd-warshall,4814.081423,0.9999761719013552
floyd-warshall,5723.566944,0.9999762370565454
floyd-warshall,6804.874218,0.9999763022117354
floyd-warshall,8090.464143,0.9999763673669255
floyd-warshall,9618.930189,0.9999764325221157
floyd-warshall,11436.156979,0.9999764976773057
floyd-warshall,13596.69775,0.9999765628324958
floyd-warshall,16165.412038,0.9999766279876858
floyd-warshall,19219.41277,0.999976693142876
floyd-warshall,22850.381194,0.999976758298066
floyd-warshall,27167.319156,0.9999768234532561
floyd-warshall,32299.821339,0.9999768886084462
floyd-warshall,38401.965706,0.9999769537636363
floyd-warshall,45656.938923,0.9999770189188264
floyd-warshall,54282.535633,0.9999770840740164
floyd-warshall,64537.696662,0.9999771492292066
floyd-warshall,76730.282436,0.9999772143843967
floyd-warshall,91226.314962,0.9999772795395867
floyd-warshall,108460.965833,0.9999773446947768
floyd-warshall,128951.620093,0.9999774098499669
floyd-warshall,153313.408163,0.999977475005157
floyd-warshall,182277.672089,0.999977540160347
floyd-warshall,216713.92046,0.9999776053155371
floyd-warshall,257655.931102,0.9999776704707273
floyd-warshall,306332.785135,0.9999777356259173
floyd-warshall,364205.764048,0.9999778007811074
floyd-warshall,433012.21744,0.9999778659362974
floyd-warshall,514817.718337,0.9999779310914876
floyd-warshall,612078.071793,0.9999779962466777
floyd-warshall,727713.038277,0.9999780614018677
floyd-warshall,865193.98502,0.9999781265570579
floyd-warshall,1028648.096629,0.9999781917122479
floyd-warshall,1222982.273361,0.999978256867438
floyd-warshall,1454030.436508,0.999978322022628
floyd-warshall,1728728.662994,0.9999783871778182
floyd-warshall,2055323.406733,0.9999784523330083
floyd-warshall,2443619.057572,0.9999785174881983
floyd-warshall,2905272.269547,0.9999785826433885
floyd-warshall,3454141.894188,0.9999786477985785
floyd-warshall,4106705.023913,0.9999787129537686
floyd-warshall,4882551.635129,0.9999787781089586
floyd-warshall,5804972.68026,0.9999788432641488
floyd-warshall,6901659.283255,0.9999789084193389
floyd-warshall,8205534.028458,0.9999789735745289
floyd-warshall,9755739.298163,0.999979038729719
floyd-warshall,11598812.328807,0.9999791038849091
floyd-warshall,13790082.261036,0.9999791690400992
floyd-warshall,16395331.123156,0.9999792341952893
floyd-warshall,19492768.610774,0.9999792993504794
floyd-warshall,23175379.945608,0.9999793645056695
floyd-warshall,27553717.296292,0.9999794296608595
floyd-warshall,32759218.559773,0.9999794948160496
floyd-warshall,38948153.133277,0.9999795599712397
floyd-warshall,46306313.129091,0.9999796251264298
floyd-warshall,55054590.862676,0.9999796902816199
floyd-warshall,65455610.050554,0.99997975543681
floyd-warshall,77821609.786857,0.9999798205920001
floyd-warshall,92523817.975883,0.9999798857471901
floyd-warshall,110003595.611563,0.9999799509023802
floyd-warshall,130785686.455638,0.9999801971936496
floyd-warshall,155493969.870513,0.9999810609842027
floyd-warshall,184870189.707595,0.9999819247747557
floyd-warshall,219796221.493239,0.9999827885653086
floyd-warshall,261320546.374276,0.9999836523558617
floyd-warshall,310689726.572262,0.9999847090129181
floyd-warshall,369385827.241054,0.9999858962144462
floyd-warshall,439170908.133722,0.9999870834159744
floyd-warshall,522139920.720713,0.9999892927321631
floyd-warshall,620783598.733317,0.9999949767211758
floyd-warshall,738063230.109578,0.9999978022499071
floyd-warshall,877499554.999999,1.0
gemm,1.0,2.0715370805137413e-05
gemm,1.161353,2.146045627127321e-05
gemm,1.348742,2.22055462037723e-05
gemm,1.566366,2.2950633043889792e-05
gemm,1.819104,2.3695718911992646e-05
gemm,2.112623,3.844466166812479e-05
gemm,2.453502,3.971839695159955e-05
gemm,2.849383,4.099213223168648e-05
gemm,3.30914,6.010627602749178e-05
gemm,3.843082,7.805859339566559e-05
gemm,4.463176,0.010281154181101287
gemm,5.183324,0.02420442856073666
gemm,6.019672,0.038127730341705
gemm,6.990966,0.052051008653940065
gemm,8.118982,0.06597429268103744
gemm,9.429008,0.07989758465143876
gemm,10.95041,0.09382086596255612
gemm,12.717296,0.10774415236128637
gemm,14.769276,0.12166744454488986
gemm,17.152348,0.13559072522732205
gemm,19.919938,0.14951401233591421
gemm,23.134088,0.16343729900228812
gemm,26.866852,0.17736058540838112
gemm,31.201911,0.19128387419387008
gemm,36.236445,0.20520715865499398
gemm,42.083319,0.21913044508565135
gemm,48.873607,0.2330537333006905
gemm,56.75953,0.24697701941498024
gemm,65.917873,0.260900304762398
gemm,76.553947,0.2748235916204571
gemm,88.906187,0.28874687756212597
gemm,103.251504,0.30267016442238553
gemm,119.911486,0.3165934505798258
gemm,139.259613,0.330516736827762
gemm,161.729627,0.34444002351190955
gemm,187.825254,0.35836330996157645
gemm,218.131499,0.6504697953787282
gemm,253.32776,0.749171028112036
gemm,294.203058,0.8072995948954811
gemm,341.673725,0.8654281619867069
gemm,396.803946,0.9235567290256429
gemm,460.829616,0.9816852958865581
gemm,535.186046,0.9999449160260195
gemm,621.54014,0.9999451449513383
gemm,721.827761,0.9999453738766559
gemm,838.297131,0.9999456028019724
gemm,973.559232,0.9999458317272906
gemm,1130.646335,0.9999460606526096
gemm,1313.079977,0.9999462895779277
gemm,1524.949909,0.9999465185032455
gemm,1771.005777,0.9999467474285633
gemm,2056.763599,0.9999469763538814
gemm,2388.62942,0.9999472052791996
gemm,2774.042922,0.9999474342045171
gemm,3221.644208,0.9999476631298353
gemm,3741.467487,0.9999478920551531
gemm,4345.166026,0.9999481209804713
gemm,5046.273382,0.9999483499057892
gemm,5860.506802,0.9999485788311073
gemm,6806.11956,0.9999488077564253
gemm,7904.310162,0.9999490366817433
gemm,9179.697562,0.9999492656070612
gemm,10660.873069,0.9999494945323792
gemm,12381.041295,0.9999497234576973
gemm,14378.76453,0.9999499523830152
gemm,16698.827222,0.9999501813083332
gemm,19393.239942,0.9999504102336513
gemm,22522.405343,0.9999506391589693
gemm,26156.472252,0.9999508680842872
gemm,30376.90825,0.9999510970096053
gemm,35278.32599,0.9999513259349233
gemm,40970.604196,0.9999515548602412
gemm,47581.350904,0.9999520497901297
gemm,55258.764137,0.9999527876564286
gemm,64174.954177,0.9999535255227274
gemm,74529.801887,0.9999542633890263
gemm,86555.439587,0.9999550012553251
gemm,100521.454941,0.9999556776365246
gemm,116740.934499,0.9999563426140736
gemm,135577.482398,0.9999570075916226
gemm,157453.371537,0.9999576725691717
gemm,182859.009991,0.9999583375467206
gemm,212363.93485,0.9999587373387945
gemm,246629.579954,0.9999589953090172
gemm,286424.10375,0.99995925327924
gemm,332639.60967,0.9999595112494627
gemm,386312.145078,0.9999597692196854
gemm,448644.92711,0.9999600271899082
gemm,521035.316095,0.9999602851601309
gemm,605106.141212,0.9999605431303537
gemm,702742.080665,0.9999608011005763
gemm,816131.911913,0.999961059070799
gemm,947817.579121,0.9999613170410218
gemm,1100751.177816,0.9999615750112445
gemm,1278361.134202,0.9999618329814672
gemm,1484629.062748,0.99996209095169
gemm,1724179.024992,0.9999623489219127
gemm,2002381.190571,0.9999626068921355
gemm,2325472.224308,0.9999628648623582
gemm,2700695.098162,0.9999631228325809
gemm,3136461.46232,0.9999633808028037
gemm,3642540.21541,0.9999636387730264
gemm,4230276.501172,0.9999638967432491
gemm,4912846.040973,0.9999641547134719
gemm,5705550.503761,0.9999644126836946
gemm,6626160.534946,0.9999646706539174
gemm,7695314.134182,0.9999649286241401
gemm,8936979.312745,0.9999651865943628
gemm,10378991.402269,0.9999654445645856
gemm,12053677.060072,0.9999901801181993
gemm,13998578.959872,0.9999909481900994
gemm,16257297.413825,0.9999917162619995
gemm,18880467.793137,0.9999924843338995
gemm,21926895.658841,0.999996628956631
gemm,25464875.049783,0.9999971907971925
gemm,29573719.48088,0.999997752637754
gemm,34345539.973157,0.9999983144783156
gemm,39887309.975005,0.999998876318877
gemm,46323263.465522,0.9999994381594385
gemm,53797680.0,1.0
gemver,1.0,1.837835519847092e-05
gemver,1.135053,1.893815886887901e-05
gemver,1.288346,1.949796489637075e-05
gemver,1.462342,2.0057771611839908e-05
gemver,1.659836,2.061757614983793e-05
gemver,1.884002,2.1177380215925094e-05
gemver,2.138443,0.0024846466353742117
gemver,2.427247,0.002485603628738617
gemver,2.755055,0.0024865606222060593
gemver,3.127134,0.0024969262117267915
gemver,3.549464,0.0025265999469157962
gemver,4.028831,0.03410175223162469
gemver,4.572938,0.5905538772372447
gemver,5.190529,0.982733796702931
gemver,5.891528,0.9827346822010377
gemver,6.687198,0.9827355676977292
gemver,7.590327,0.9827364531955083
gemver,8.615426,0.9827373386927475
gemver,9.778968,0.9827382241899566
gemver,11.099651,0.9827391096876534
gemver,12.598696,0.9827399951849363
gemver,14.300192,0.9827408806821984
gemver,16.231481,0.9827417661795808
gemver,18.423597,0.9827426516769359
gemver,20.911766,0.9827435371744164
gemver,23.735971,0.9827444226720067
gemver,26.941593,0.9827453081692146
gemver,30.580146,0.9827461936666655
gemver,34.710098,0.9827470791641458
gemver,39.397813,0.9827479646614548
gemver,44.71862,0.9827488501588242
gemver,50.75802,0.9827497356562129
gemver,57.613062,0.9827506211536892
gemver,65.393899,0.9827515066509976
gemver,74.225565,0.9827523921483909
gemver,84.249977,0.9827532776457679
gemver,95.62822,0.9827541631431793
gemver,108.543133,0.9827550486405895
gemver,123.202248,0.9827559341379728
gemver,139.841126,0.9827568196353682
gemver,158.72714,0.9827577051327441
gemver,180.163775,0.9827585906301721
gemver,204.495498,0.9827594761275393
gemver,232.113303,0.9827603616249391
gemver,263.460985,0.982761247122326
gemver,299.042277,0.9827621326197165
gemver,339.428943,0.9827630181171246
gemver,385.269963,0.9827639036145114
gemver,437.301967,0.9953233287019123
gemver,496.361068,0.9957719803370498
gemver,563.3963,0.9962206319774259
gemver,639.484865,0.9966692836145389
gemver,725.849447,0.9971179352536679
gemver,823.877856,0.9976356302332502
gemver,935.145331,0.9984012247214363
gemver,1061.439853,0.9991668192114987
gemver,1204.790874,0.9999234414473962
gemver,1367.501934,0.9999249681260348
gemver,1552.187669,0.999926494804666
gemver,1761.815834,0.9999280214833
gemver,1999.754987,0.9999295481619297
gemver,2269.828624,0.9999299034932977
gemver,2576.376613,0.9999302576907386
gemver,2924.324939,0.9999306118881797
gemver,3319.264857,0.999930966085621
gemver,3767.542739,0.9999313202830624
gemver,4276.362056,0.9999316744805034
gemver,4853.899133,0.9999320286779443
gemver,5509.434535,0.9999323828753856
gemver,6253.502198,0.9999327370728269
gemver,7098.058701,0.9999330912702682
gemver,8056.6754,0.9999334454677095
gemver,9144.756508,0.9999337996651506
gemver,10379.786629,0.9999341538625919
gemver,11781.611721,0.999934508060033
gemver,13372.758007,0.9999348622574743
gemver,15178.793949,0.9999352164549155
gemver,17228.74112,0.9999355706523568
gemver,19555.540549,0.9999359248497979
gemver,22196.582068,0.9999362790472393
gemver,25194.305125,0.9999366332446804
gemver,28596.880762,0.9999369874421216
gemver,32458.985683,0.9999373416395628
gemver,36842.680862,0.9999376958370041
gemver,41818.408817,0.9999380500344452
gemver,47466.125567,0.9999384042318865
gemver,53876.585457,0.9999387584293278
gemver,61152.799515,0.999939112626769
gemver,69411.690751,0.9999394668242102
gemver,78785.973024,0.9999398210216515
gemver,89426.283645,0.9999401752190926
gemver,101503.603999,0.9999405294165339
gemver,115212.007084,0.999940883613975
gemver,130771.776109,0.9999412378114163
gemver,148432.944268,0.9999415920088576
gemver,168479.312584,0.9999728674692463
gemver,191233.010359,0.9999739891084339
gemver,217059.67154,0.9999751107476215
gemver,246374.310171,0.999976232386809
gemver,279647.989337,0.9999773540259966
gemver,317415.390777,0.9999784756651843
gemver,360283.406796,0.999980325646514
gemver,408940.892547,0.9999822337710449
gemver,464169.735387,0.9999841418955759
gemver,526857.419193,0.9999857770885303
gemver,598011.28552,0.9999873037721375
gemver,678774.720792,0.9999888304557446
gemver,770445.52961,0.9999903571393518
gemver,874496.789457,0.9999922765000449
gemver,992600.521879,0.9999940043378512
gemver,1126654.560556,0.9999945618109999
gemver,1278813.047993,0.9999951192841486
gemver,1451521.050879,0.9999956767572973
gemver,1647553.850387,0.999996234230446
gemver,1870061.538742,0.9999967917035948
gemver,2122619.638722,0.9999974148521055
gemver,2409286.559478,0.9999980611390791
gemver,2734668.811967,0.9999987074260528
gemver,3103995.031942,0.9999993537130264
gemver,3523200.0,1.0
gesummv,1.0,2.3852780637902862e-05
gesummv,1.117696,2.449095321939635e-05
gesummv,1.249244,2.512912420128371e-05
gesummv,1.396275,2.5767296693132277e-05
gesummv,1.56061,2.6405465664219003e-05
gesummv,1.744287,2.704363642226681e-05
gesummv,1.949583,2.7681810172404582e-05
gesummv,2.17904,0.993910430638232
gesummv,2.435504,0.9939115216002911
gesummv,2.722153,0.9939126125632413
gesummv,3.042538,0.9939314130004728
gesummv,3.400632,0.9939467892411947
gesummv,3.800872,0.9939621654758667
gesummv,4.248219,0.9939694528172951
gesummv,4.748216,0.993969879473886
gesummv,5.307061,0.9939703061308497
gesummv,5.93168,0.9939707327880073
gesummv,6.629813,0.9939711594445533
gesummv,7.410114,0.9939715861015003
gesummv,8.282254,0.9939720127588484
gesummv,9.25704,0.9939724394156589
gesummv,10.346554,0.993972866072411
gesummv,11.5643,0.9939732927294493
gesummv,12.925369,0.9939737193863111
gesummv,14.44663,0.9939741460431619
gesummv,16.146937,0.9939745727000235
gesummv,18.047364,0.9939749993571161
gesummv,20.171462,0.9939754260139586
gesummv,22.545558,0.9939758526709197
gesummv,25.199074,0.9939762793277157
gesummv,28.164899,0.993976705984714
gesummv,31.479788,0.9939771326415752
gesummv,35.184826,0.9939775592985064
gesummv,39.325931,0.993977985955407
gesummv,43.954427,0.9939784126123495
gesummv,49.127677,0.9939788392692583
gesummv,54.909796,0.9939792659261234
gesummv,61.372447,0.9939796925830598
gesummv,68.595724,0.9939801192399562
gesummv,76.66915,0.9939805458968475
gesummv,85.692785,0.9939809725537824
gesummv,95.778463,0.9939813992106888
gesummv,107.051183,0.9939818258676095
gesummv,119.650654,0.9939822525245153
gesummv,133.73303,0.9939826791814386
gesummv,149.472841,0.9939831058383334
gesummv,167.065162,0.9939835324952498
gesummv,186.728025,0.9939839591521712
gesummv,208.705123,0.9939843858090777
gesummv,233.268832,0.9939848124659777
gesummv,260.723587,0.9940726124442506
gesummv,291.409649,0.9943963360491566
gesummv,325.707332,0.9947200596671135
gesummv,364.041706,0.9950437832754241
gesummv,406.887874,0.995367506887166
gesummv,454.776855,0.9956912305012852
gesummv,508.302166,0.9999483492074761
gesummv,568.12718,0.999948670010388
gesummv,634.993345,0.9999489908132999
gesummv,709.729374,0.999949311616209
gesummv,793.261517,0.9999496324191173
gesummv,886.625041,0.9999499532220298
gesummv,990.977056,0.9999502740249403
gesummv,1107.610861,0.9999505948278494
gesummv,1237.971972,0.9999509156307606
gesummv,1383.676033,0.9999512364336692
gesummv,1546.528846,0.9999515572365795
gesummv,1728.548746,0.9999518780394899
gesummv,1931.991618,0.9999521988424005
gesummv,2159.378855,0.9999525196453111
gesummv,2413.528607,0.9999528404482211
gesummv,2697.590709,0.9999531612511309
gesummv,3015.085719,0.9999534820540416
gesummv,3369.948547,0.9999538028569512
gesummv,3766.577229,0.9999541236598619
gesummv,4209.887427,0.9999544444627716
gesummv,4705.37336,0.9999547652656819
gesummv,5259.17589,0.9999550860685921
gesummv,5878.158634,0.9999554068715022
gesummv,6569.993028,0.9999557276744128
gesummv,7343.253401,0.9999560484773228
gesummv,8207.523248,0.999956369280233
gesummv,9173.513998,0.9999566900831433
gesummv,10253.197771,0.9999570108860535
gesummv,11459.955755,0.9999573316889638
gesummv,12808.744045,0.9999576524918738
gesummv,14316.27901,0.9999579732947843
gesummv,16001.244459,0.9999582940976944
gesummv,17884.52321,0.9999586149006046
gesummv,19989.4559,0.9999589357035148
gesummv,22342.130259,0.999959256506425
gesummv,24971.704433,0.9999595773093353
gesummv,27910.768358,0.9999598981122455
gesummv,31195.747669,0.9999602189151557
gesummv,34867.355141,0.999960539718066
gesummv,38971.095273,0.9999608605209761
gesummv,43557.828251,0.9999611813238863
gesummv,48684.400289,0.9999615021267966
gesummv,54414.348158,0.9999618229297068
gesummv,60818.686641,0.999962143732617
gesummv,67976.788658,0.9999624645355272
gesummv,75977.368988,0.9999627853384374
gesummv,84919.583762,0.9999631061413476
gesummv,94914.259369,0.9999634269442579
gesummv,106085.265996,0.9999637477471681
gesummv,118571.052823,0.9999640685500782
gesummv,132526.363918,0.9999803130264723
gesummv,148124.156065,0.9999807166443965
gesummv,165557.742335,0.9999811202623206
gesummv,185043.187925,0.9999815238802447
gesummv,206821.987993,0.9999819274981688
gesummv,231164.060656,0.999982331116093
gesummv,258371.09225,0.9999827347340172
gesummv,288780.276315,0.9999831383519413
gesummv,322768.492646,0.9999835419698655
gesummv,360756.978191,0.9999839455877896
gesummv,403216.547708,0.9999938310725148
gesummv,450673.428858,0.9999964762024586
gesummv,503715.784069,0.9999982381012293
gesummv,563001.0,1.0
gramschmidt,1.0,0.1867082427382921
gramschmidt,1.163033,0.1867089519576098
gramschmidt,1.352646,0.18670966117776389
gramschmidt,1.573173,0.18671037040025965
gramschmidt,1.829652,0.18671107961928554
gramschmidt,2.127946,0.18801445789780782
gramschmidt,2.474872,0.18801688273843245
gramschmidt,2.878359,0.18801930758195154
gramschmidt,3.347627,0.189024768991998
gramschmidt,3.893402,0.19040890643756514
gramschmidt,4.528156,0.19105468514533214
gramschmidt,5.266396,0.19153965321483532
gramschmidt,6.124993,0.19213255716883032
gramschmidt,7.123571,0.1934309995216504
gramschmidt,8.28495,0.19497075931912614
gramschmidt,9.635673,0.19673319178163762
gramschmidt,11.206608,0.19797977001281503
gramschmidt,13.033658,0.19981563060900526
gramschmidt,15.158577,0.20262263692336374
gramschmidt,17.62993,0.20474843065126047
gramschmidt,20.504195,0.20826219785765487
gramschmidt,23.847061,0.21139222803065813
gramschmidt,27.734925,0.21636151891528557
gramschmidt,32.25664,0.2209447363483634
gramschmidt,37.515545,0.226485052521253
gramschmidt,43.631827,0.23314541054970866
gramschmidt,50.745266,0.2411133945912285
gramschmidt,59.018433,0.24991335642471418
gramschmidt,68.6404,0.2605025994524708
gramschmidt,79.831069,0.2724614286964614
gramschmidt,92.846188,0.2868084198654316
gramschmidt,107.983206,0.3026145798499454
gramschmidt,125.58806,0.32188841420145814
gramschmidt,146.063091,0.3443709667468759
gramschmidt,169.876234,0.37016685124194065
gramschmidt,197.57171,0.3999950624328953
gramschmidt,229.782471,0.43670543247942645
gramschmidt,267.244657,0.47766989531772336
gramschmidt,310.814426,0.5247509855686519
gramschmidt,361.487516,0.5795374921217752
gramschmidt,420.422006,0.6432483967190039
gramschmidt,488.964777,0.7125563023981936
gramschmidt,568.6823,0.747152468617738
gramschmidt,661.396432,0.9740907781142474
gramschmidt,769.226051,0.9999577722277391
gramschmidt,894.635484,0.9999579730237925
gramschmidt,1040.490826,0.999958173819846
gramschmidt,1210.125441,0.9999583746159001
gramschmidt,1407.416141,0.9999585754119544
gramschmidt,1636.871788,0.9999587762080089
gramschmidt,1903.736337,0.9999589770040627
gramschmidt,2214.108685,0.999959177800117
gramschmidt,2575.08205,0.9999593785961713
gramschmidt,2994.90608,0.9999595793922252
gramschmidt,3483.175392,0.9999597801882795
gramschmidt,4051.048843,0.9999599809843335
gramschmidt,4711.504556,0.9999601817803875
gramschmidt,5479.63652,0.9999603825764417
gramschmidt,6372.999545,0.9999605833724959
gramschmidt,7412.010458,0.9999607841685498
gramschmidt,8620.414712,0.9999609849646041
gramschmidt,10025.829055,0.9999611857606582
gramschmidt,11660.372684,0.9999613865567122
gramschmidt,13561.401296,0.9999615873527663
gramschmidt,15772.360807,0.9999617881488205
gramschmidt,18343.780261,0.9999619889448745
gramschmidt,21334.426621,0.9999621897409287
gramschmidt,24812.647817,0.9999623905369828
gramschmidt,28857.934766,0.999962591333037
gramschmidt,33562.738047,0.999962792129091
gramschmidt,39034.580762,0.9999629929251452
gramschmidt,45398.515851,0.9999631937211992
gramschmidt,52799.984046,0.9999633945172534
gramschmidt,61408.137755,0.9999635953133075
gramschmidt,71419.706856,0.9999637961093616
gramschmidt,83063.494739,0.9999639969054157
gramschmidt,96605.607361,0.9999642084556062
gramschmidt,112355.534797,0.9999656576343989
gramschmidt,130673.224302,0.9999671068131918
gramschmidt,151977.306505,0.9999676194647499
gramschmidt,176754.662756,0.9999678405331061
gramschmidt,205571.552255,0.9999680616014621
gramschmidt,239086.553293,0.9999682826698182
gramschmidt,278065.614324,0.9999685037381743
gramschmidt,323399.558881,0.9999687248065303
gramschmidt,376124.444365,0.9999689458748864
gramschmidt,437445.239994,0.9999691669432424
gramschmidt,508763.365053,0.9999693880115985
gramschmidt,591708.716783,0.9999696090799546
gramschmidt,688176.919894,0.9999698301483106
gramschmidt,800372.648977,0.9999700512166667
gramschmidt,930860.013919,0.9999702722850228
gramschmidt,1082621.159806,0.9999704933533788
gramschmidt,1259124.420573,0.9999707144217349
gramschmidt,1464403.583952,0.999970935490091
gramschmidt,1703150.079257,0.999971156558447
gramschmidt,1980820.194828,0.9999713776268031
gramschmidt,2303759.775505,0.9999715986951592
gramschmidt,2679349.249918,0.9999718197635152
gramschmidt,3116172.302064,0.9999720408318713
gramschmidt,3624212.041952,0.9999722619002274
gramschmidt,4215079.158597,0.9999724829685834
gramschmidt,4902277.269537,0.9999727040369395
gramschmidt,5701511.531143,0.9999729251052956
gramschmidt,6631047.562681,0.9999731461736516
gramschmidt,7712128.886939,0.9999733672420077
gramschmidt,8969462.427549,0.9999735883103638
gramschmidt,10431783.158533,0.9999738093787198
gramschmidt,12132510.810506,0.9999842926644121
gramschmidt,14110513.641825,0.9999867817533241
gramschmidt,16410996.729853,0.9999892708422361
gramschmidt,19086535.083241,0.9999912723399323
gramschmidt,22198275.185877,0.9999929654133348
gramschmidt,25817332.432464,0.9999949570663619
gramschmidt,30026416.392586,0.9999968453313729
gramschmidt,34921721.046876,0.9999974762650984
gramschmidt,40615123.194552,0.9999981071988238
gramschmidt,47236739.274516,0.9999987381325491
gramschmidt,54937899.033331,0.9999993690662746
gramschmidt,63894604.0,1.0
heat-3d,1.0,0.007257047108312795
heat-3d,1.171677,0.00725883266149388
heat-3d,1.372827,0.007260618214737938
heat-3d,1.60851,0.007262403769174017
heat-3d,1.884654,0.00726418932133094
heat-3d,2.208205,0.007265812765479078
heat-3d,2.587303,0.007267338977104833
heat-3d,3.031483,0.007277426728698236
heat-3d,3.551919,0.007290333177965797
heat-3d,4.161702,0.008961393293108836
heat-3d,4.87617,0.015603437142169798
heat-3d,5.713296,0.022245483672797994
heat-3d,6.694138,0.02888753496549848
heat-3d,7.843367,0.03552958040605999
heat-3d,9.189892,0.04217162540803601
heat-3d,10.767585,0.048813673332303284
heat-3d,12.616131,0.05545571930965759
heat-3d,14.782029,0.06209776326440546
heat-3d,17.319763,0.06873981058436394
heat-3d,20.293167,0.07538185688686805
heat-3d,23.777036,0.08202390333928088
heat-3d,27.859005,0.08866594978973152
heat-3d,32.641755,0.09530799754455203
heat-3d,38.245591,0.10195004299436079
heat-3d,44.811478,0.1085920900240738
heat-3d,52.504576,0.11523413661077403
heat-3d,61.518401,0.12187618277268572
heat-3d,72.079692,0.1285182289908018
heat-3d,84.454114,0.13516027563122637
heat-3d,98.952939,0.14180232223691253
heat-3d,115.940877,0.14266906205311558
heat-3d,135.845254,0.1426786250160135
heat-3d,159.166752,0.14268818797819777
heat-3d,186.492015,0.14269775094086903
heat-3d,218.508395,0.1427073139032941
heat-3d,256.02125,0.14271687686585802
heat-3d,299.974197,0.14272643982830804
heat-3d,351.472852,0.14273600279078777
heat-3d,411.812639,0.1427455657532702
heat-3d,482.511377,0.1427551287158083
heat-3d,565.347458,0.14276469167826772
heat-3d,662.404585,0.1427742546407597
heat-3d,776.124184,0.14278381760329126
heat-3d,909.366816,0.1602043380773108
heat-3d,1065.484137,0.748934613577942
heat-3d,1248.403204,0.9999454133105604
heat-3d,1462.725258,0.9999455331570825
heat-3d,1713.841468,0.9999456530036043
heat-3d,2008.068543,0.9999457728501261
heat-3d,2352.807625,0.9999458926966481
heat-3d,2756.730461,0.9999460125431701
heat-3d,3229.997537,0.999946132389692
heat-3d,3784.513661,0.9999462522362139
heat-3d,4434.227421,0.9999463720827357
heat-3d,5195.482058,0.9999464919292577
heat-3d,6087.42657,0.9999466117757797
heat-3d,7132.497393,0.9999467316223016
heat-3d,8356.982788,0.9999468514688236
heat-3d,9791.684101,0.9999469713153456
heat-3d,11472.690558,0.9999470911618675
heat-3d,13442.287075,0.9999472110083895
heat-3d,15750.017915,0.9999473308549114
heat-3d,18453.932945,0.9999474507014333
heat-3d,21622.04786,0.9999475705479552
heat-3d,25334.055079,0.9999476903944772
heat-3d,29683.328374,0.9999478102409992
heat-3d,34779.27164,0.9999479300875211
heat-3d,40750.070902,0.9999480499340431
heat-3d,47745.918767,0.999948169780565
heat-3d,55942.792453,0.9999482896270869
heat-3d,65546.880408,0.9999484094736089
heat-3d,76799.768887,0.9999485293201308
heat-3d,89984.518933,0.9999486491666528
heat-3d,105432.786648,0.9999487690131748
heat-3d,123533.165838,0.9999488888596967
heat-3d,144740.962914,0.9999490087062186
heat-3d,169589.649897,0.9999491285527405
heat-3d,198704.28366,0.9999531465637698
heat-3d,232817.228935,0.9999532981810572
heat-3d,272786.580594,0.9999534497983444
heat-3d,319617.748619,0.9999536014156317
heat-3d,374488.748713,0.999953753032919
heat-3d,438779.834721,0.9999539046502063
heat-3d,514108.218255,0.9999540562674936
heat-3d,602368.748886,0.9999542078847808
heat-3d,705781.578179,0.9999543595020682
heat-3d,826948.006546,0.9999545111193555
heat-3d,968915.917718,0.9999546627366428
heat-3d,1135256.44681,0.9999548143539301
heat-3d,1330153.810518,0.9999549659712174
heat-3d,1558510.559095,0.9999551175885046
heat-3d,1826070.89767,0.999955269205792
heat-3d,2139565.178983,0.9999554208230793
heat-3d,2506879.202202,0.9999555724403666
heat-3d,2937252.576443,0.9999557240576539
heat-3d,3441511.138726,0.9999558756749412
heat-3d,4032339.27275,0.9999560272922284
heat-3d,4724598.978512,0.9999561789095158
heat-3d,5535703.718831,0.9999563305268031
heat-3d,6486056.446708,0.9999564821440904
heat-3d,7599562.831871,0.9999566337613777
heat-3d,8904232.596506,0.999956785378665
heat-3d,10432884.08646,0.9999569369959522
heat-3d,12223969.801083,0.9999578603923832
heat-3d,14322543.647515,0.9999602268676449
heat-3d,16781394.250238,0.9999625933429064
heat-3d,19662372.823754,0.999964959818168
heat-3d,23037949.010393,0.9999673262934297
heat-3d,26993033.819615,0.9999696927686913
heat-3d,31627115.523963,0.9999720592439529
heat-3d,37056762.239125,0.999975702345805
heat-3d,43418554.139298,0.9999797789591047
heat-3d,50872519.066352,0.9999838555724044
heat-3d,59606157.953886,0.999987932185704
heat-3d,69839161.32381,0.9999890976509103
heat-3d,81828935.496676,0.9999899894473449
heat-3d,95877077.524932,0.9999908812437794
heat-3d,112336961.722974,0.999991773040214
heat-3d,131622628.629532,0.9999973606224744
heat-3d,154219200.0,1.0
jacobi-2d,1.0,7.199308866348831e-05
jacobi-2d,1.168426,7.378944714679357e-05
jacobi-2d,1.36522,7.558581139959952e-05
jacobi-2d,1.59516,7.738218041861138e-05
jacobi-2d,1.863827,7.917854250455675e-05
jacobi-2d,2.177745,8.083219161718471e-05
jacobi-2d,2.544534,8.236763964008763e-05
jacobi-2d,2.973101,8.39030915633378e-05
jacobi-2d,3.47385,0.00010030295643959409
jacobi-2d,4.058938,0.00018788418495039694
jacobi-2d,4.742571,0.0009529817741569124
jacobi-2d,5.541346,0.0017180793984395534
jacobi-2d,6.474655,0.002483176309808711
jacobi-2d,7.565158,0.0032482732978173635
jacobi-2d,8.839331,0.004013370551277986
jacobi-2d,10.328108,0.004778467574086273
jacobi-2d,12.067635,0.0055435648407690325
jacobi-2d,14.100144,0.006308661957400931
jacobi-2d,16.474981,0.0070737589879775725
jacobi-2d,19.249804,0.007838856189167005
jacobi-2d,22.491981,0.0086039534644913
jacobi-2d,26.280226,0.009369050645291449
jacobi-2d,30.706511,0.010134147707789918
jacobi-2d,35.8783,0.010899244846932858
jacobi-2d,41.921156,0.011664342089007362
jacobi-2d,48.981788,0.012429439230460337
jacobi-2d,57.231617,0.013194536348788338
jacobi-2d,66.870936,0.013959633506251061
jacobi-2d,78.133771,0.014724730636367846
jacobi-2d,91.293566,0.015489827797496218
jacobi-2d,106.669819,0.015989000182061043
jacobi-2d,124.635839,0.015996224475785244
jacobi-2d,145.627813,0.016003448769780854
jacobi-2d,170.155391,0.016010673063773167
jacobi-2d,198.814062,0.0160178973576955
jacobi-2d,232.299612,0.016025121651688366
jacobi-2d,271.425014,0.016032345945531924
jacobi-2d,317.14017,0.016039570239511372
jacobi-2d,370.554968,0.01604679453346754
jacobi-2d,432.966231,0.021473549890806732
jacobi-2d,505.889203,0.08345760602445841
jacobi-2d,591.094333,0.9115428554939038
jacobi-2d,690.650262,0.9999561010015431
jacobi-2d,806.974044,0.9999562093473782
jacobi-2d,942.889829,0.999956317693213
jacobi-2d,1101.69743,0.9999564260390486
jacobi-2d,1287.252434,0.999956534384884
jacobi-2d,1504.059811,0.9999566427307193
jacobi-2d,1757.383288,0.9999567510765546
jacobi-2d,2053.373143,0.9999568594223899
jacobi-2d,2399.215523,0.9999569677682253
jacobi-2d,2803.306913,0.9999570761140607
jacobi-2d,3275.457987,0.9999571844598961
jacobi-2d,3827.131797,0.9999572928057314
jacobi-2d,4471.722077,0.9999574011515667
jacobi-2d,5224.878419,0.999957509497402
jacobi-2d,6104.886221,0.9999576178432373
jacobi-2d,7133.110627,0.9999577261890727
jacobi-2d,8334.515234,0.9999578345349079
jacobi-2d,9738.268173,0.9999579428807434
jacobi-2d,11378.450257,0.9999580512265787
jacobi-2d,13294.882412,0.999958159572414
jacobi-2d,15534.09246,0.9999582679182494
jacobi-2d,18150.444741,0.9999583762640847
jacobi-2d,21207.459987,0.99995848460992
jacobi-2d,24779.357506,0.9999585929557553
jacobi-2d,28952.857097,0.9999587013015907
jacobi-2d,33829.284471,0.999958809647426
jacobi-2d,39527.031269,0.9999589179932613
jacobi-2d,46184.42942,0.9999590263390966
jacobi-2d,53963.109607,0.999959134684932
jacobi-2d,63051.925402,0.9999592430307673
jacobi-2d,73671.538312,0.9999593513766026
jacobi-2d,86079.775085,0.999959459722438
jacobi-2d,100577.887315,0.9999595680682734
jacobi-2d,117517.865337,0.9999596764141087
jacobi-2d,137310.983977,0.999959784759944
jacobi-2d,160437.787621,0.9999598931057794
jacobi-2d,187459.75705,0.9999600014516147
jacobi-2d,219032.94127,0.9999621129733984
jacobi-2d,255923.885298,0.9999640429446798
jacobi-2d,299028.240621,0.9999643628890529
jacobi-2d,349392.510139,0.999964682833426
jacobi-2d,408239.455537,0.9999650027777991
jacobi-2d,476997.783928,0.9999653227221722
jacobi-2d,557336.834512,0.9999656426665453
jacobi-2d,651207.107392,0.9999659626109184
jacobi-2d,760887.618507,0.9999662825552916
jacobi-2d,889041.230394,0.9999666024996647
jacobi-2d,1038779.302114,0.9999669224440378
jacobi-2d,1213737.227938,0.999967242388411
jacobi-2d,1418162.698741,0.999967562332784
jacobi-2d,1657018.828958,0.9999678822771572
jacobi-2d,1936104.652843,0.9999682022215303
jacobi-2d,2262195.915492,0.9999685221659034
jacobi-2d,2643209.576792,0.9999688421102765
jacobi-2d,3088396.022202,0.9999691620546496
jacobi-2d,3608563.646901,0.9999694819990227
jacobi-2d,4216341.265862,0.9999698019433958
jacobi-2d,4926484.720722,0.9999701218877689
jacobi-2d,5756235.127364,0.999970441832142
jacobi-2d,6725737.461872,0.9999707617765151
jacobi-2d,7858529.647441,0.9999710817208882
jacobi-2d,9182114.016463,0.9999714016652613
jacobi-2d,10728625.021957,0.9999717216096344
jacobi-2d,12535609.409269,0.9999761613818047
jacobi-2d,14646937.78934,0.9999784413304433
jacobi-2d,17113869.74503,0.999980721279082
jacobi-2d,19996298.329539,0.9999830012277205
jacobi-2d,23364204.171301,0.9999852811763592
jacobi-2d,27299354.488618,0.9999875611249979
jacobi-2d,31897288.263327,0.9999898410736364
jacobi-2d,37269635.770252,0.9999920477197416
jacobi-2d,43546828.776797,0.9999929378973407
jacobi-2d,50881267.211881,0.9999938280749396
jacobi-2d,59451019.185726,0.9999947182525387
jacobi-2d,69464144.190894,0.9999956084301377
jacobi-2d,81163744.444802,0.9999968749219185
jacobi-2d,94833867.011994,0.9999984374609592
jacobi-2d,110806400.0,1.0
lu,1.0,3.1249023468016627e-06
lu,1.17894,3.495969339793246e-06
lu,1.389901,3.867038727210683e-06
lu,1.63861,4.2381058784836275e-06
lu,1.931824,4.609174186043978e-06
lu,2.277505,5.188048979604817e-06
lu,2.685043,5.822393995534338e-06
lu,3.165506,7.999749168466774e-06
lu,3.731944,1.3364109018950396e-05
lu,4.399739,0.008999893619561836
lu,5.187031,0.024526857882835592
lu,6.115201,0.04005381421471042
lu,7.209458,0.05558076769338056
lu,8.499522,0.07110772258781575
lu,10.02043,0.08663467095201378
lu,11.813491,0.10216162802088054
lu,13.927403,0.11768858322180896
lu,16.419579,0.13321553570737177
lu,19.357707,0.14874249239389808
lu,22.821585,0.16426944845488328
lu,26.90529,0.1797964006507632
lu,31.719736,0.19532335562427025
lu,37.395681,0.2108503096736994
lu,44.087283,0.22637726508986888
lu,51.976283,0.2419042193565031
lu,61.276945,0.25743117435963175
lu,72.241871,0.2729581279312336
lu,85.168867,0.2884850824659703
lu,100.409026,0.30401203696773016
lu,118.376267,0.3195389918232301
lu,139.558574,0.33506594598161693
lu,164.531254,0.35059290051016845
lu,193.972558,0.366119855201785
lu,228.682103,0.38164680968503933
lu,269.60259,0.397173763795342
lu,317.845411,0.4127007185306972
lu,374.720825,0.42822767294224334
lu,441.773553,0.44375462724196885
lu,520.82473,0.4592815817232974
lu,614.021363,0.4748085361249423
lu,723.894648,0.4903354906198198
lu,853.428712,0.500191914002149
lu,1006.141665,0.5007002070341263
lu,1186.18115,0.5012085000691361
lu,1398.436988,0.8719436101213359
lu,1648.67399,0.9999843799443012
lu,1943.688524,0.9999844046277305
lu,2291.493104,0.9999844293111598
lu,2701.534007,0.9999844539945891
lu,3184.94783,0.9999844786780184
lu,3754.863961,0.9999845033614477
lu,4426.761164,0.999984528044877
lu,5218.887983,0.9999845527283063
lu,6152.758364,0.9999845774117355
lu,7253.735971,0.9999846020951648
lu,8551.723052,0.9999846267785941
lu,10081.972579,0.9999846514620234
lu,11886.045709,0.9999846761454527
lu,14012.940572,0.999984700828882
lu,16520.423048,0.9999847255123113
lu,19476.59567,0.9999847501957406
lu,22961.747275,0.9999847748791699
lu,27070.533621,0.9999847995625992
lu,31914.548216,0.9999848242460285
lu,37625.353164,0.9999848489294578
lu,44358.052358,0.9999848736128871
lu,52295.504055,0.9999848982963164
lu,61653.287261,0.9999849229797457
lu,72685.556795,0.999984947663175
lu,85691.946063,0.9999849723466042
lu,101025.705021,0.9999849970300335
lu,119103.294346,0.9999850217134628
lu,140415.696393,0.9999850463968921
lu,165541.750139,0.9999850710803214
lu,195163.872296,0.9999850957637507
lu,230086.591555,0.99998512044718
lu,271258.399368,0.9999851451306093
lu,319797.510713,0.9999851698140386
lu,377022.234505,0.9999851944974679
lu,444486.778507,0.9999852191808972
lu,524023.461181,0.9999852438643265
lu,617792.476956,0.9999852685477558
lu,728340.566515,0.9999852932311851
lu,858670.185569,0.9999853179146144
lu,1012321.050732,0.9999853425980437
lu,1193466.277248,0.9999853672814729
lu,1407025.719656,0.9999853919649022
lu,1658799.593683,0.9999854166483315
lu,1955626.00851,0.9999854413317608
lu,2305566.687938,0.9999854660151901
lu,2718125.924589,0.9999854906986194
lu,3204508.713876,0.9999855153820487
lu,3777925.078605,0.999985540065478
lu,4453948.849553,0.9999855647489073
lu,5250940.646435,0.9999855894323366
lu,6190546.547285,0.9999856141157659
lu,7298285.989982,0.9999856387991952
lu,8604244.873164,0.9999856634826245
lu,10143892.680967,0.9999856881660538
lu,11959045.824451,0.9999857128494831
lu,14099003.363834,0.9999857375329124
lu,16621885.957405,0.9999857622163416
lu,19596214.402621,0.9999857868997709
lu,23102770.642126,0.9999858115832002
lu,27236791.779094,0.9999858362666295
lu,32110556.690764,0.9999858609500588
lu,37856435.491871,0.9999858856334881
lu,44630484.670557,0.9999859103169174
lu,52616685.539676,0.9999859350003467
lu,62031941.118659,0.9999899331827126
lu,73131967.159868,0.9999924605764502
lu,86218237.318118,0.9999928398224637
lu,101646171.092231,0.9999932190684772
lu,119834786.920885,0.9999935983144906
lu,141278082.608186,0.9999945084782375
lu,166558452.168172,0.9999957732970469
lu,196362503.486086,0.9999970382559167
lu,231499706.399716,0.9999983041614205
lu,272924377.677596,0.9999991753268528
lu,321761600.0,1.0
ludcmp,1.0,3.1131505706405e-06
ludcmp,1.180188,3.485198049902151e-06
ludcmp,1.392843,3.857244375823865e-06
ludcmp,1.643817,4.229292409072104e-06
ludcmp,1.940013,4.601339775361437e-06
ludcmp,2.289579,0.0012535622154911394
ludcmp,2.702133,0.0012541982339189675
ludcmp,3.189025,0.001266115783066148
ludcmp,3.763649,0.001280458485419945
ludcmp,4.441812,0.0012886544938512303
ludcmp,5.242173,0.0012935727253435775
ludcmp,6.186748,0.001299421776994774
ludcmp,7.301525,0.0013063765353372376
ludcmp,8.617171,0.0013145648798359435
ludcmp,10.169881,0.0013241894482401708
ludcmp,12.00237,0.0013355569562673586
ludcmp,14.16505,0.0013490519052852987
ludcmp,16.71742,0.0013649515953520607
ludcmp,19.729696,0.001383700257203609
ludcmp,23.284747,0.001405830976451575
ludcmp,27.480375,0.0014319553441129041
ludcmp,32.432004,0.0014627809428279831
ludcmp,38.275857,0.0014991592094545168
ludcmp,45.172701,0.001542094643893008
ludcmp,53.312272,0.001592776767322118
ludcmp,62.918494,0.0016525791845314539
ludcmp,74.255642,0.0017231719387930055
ludcmp,87.635605,0.0018064798805448126
ludcmp,103.426474,0.0019047977148085248
ludcmp,122.062667,0.002020826400309476
ludcmp,144.056874,0.0021577686180972206
ludcmp,170.01417,0.002319385657363367
ludcmp,200.648655,0.0025101284676028266
ludcmp,236.803101,0.0027352354788792864
ludcmp,279.472138,0.003000906449005639
ludcmp,329.829617,0.003314445836489807
ludcmp,389.260901,0.003684483115135892
ludcmp,459.400979,0.100025986681704
ludcmp,542.179446,0.21951116448210148
ludcmp,639.873585,0.33899634159645237
ludcmp,755.17102,0.4584815195529612
ludcmp,891.243649,0.5255656802103558
ludcmp,1051.834911,0.6931710497821836
ludcmp,1241.362763,0.9999766733915765
ludcmp,1465.041229,0.9999767961042805
ludcmp,1729.023833,0.9999769188169845
ludcmp,2040.57289,0.9999770415296884
ludcmp,2408.259296,0.9999771642423921
ludcmp,2842.198319,0.999977286955096
ludcmp,3354.327874,0.9999774096677999
ludcmp,3958.736944,0.9999775323805038
ludcmp,4672.053174,0.9999776550932078
ludcmp,5513.900309,0.9999777778059116
ludcmp,6507.438055,0.9999779005186155
ludcmp,7679.999214,0.9999780232313193
ludcmp,9063.841627,0.9999781459440232
ludcmp,10697.035604,0.999978268656727
ludcmp,12624.511265,0.9999783913694309
ludcmp,14899.294588,0.9999785140821349
ludcmp,17583.966188,0.9999786367948388
ludcmp,20752.382944,0.9999787595075427
ludcmp,24491.709848,0.9999788822202464
ludcmp,28904.817963,0.9999790049329503
ludcmp,34113.114464,0.9999791276456542
ludcmp,40259.882623,0.9999792503583581
ludcmp,47514.223614,0.999979373071062
ludcmp,56075.708586,0.9999794957837659
ludcmp,66179.868979,0.9999796184964698
ludcmp,78104.676133,0.9999797412091737
ludcmp,92178.188443,0.9999829111665225
ludcmp,108787.576433,0.9999829541003301
ludcmp,128389.774047,0.9999829970341376
ludcmp,151524.049163,0.9999830399679452
ludcmp,178826.839171,0.9999830829017529
ludcmp,211049.259736,0.9999831258355604
ludcmp,249077.768423,0.999983168769368
ludcmp,293958.551669,0.9999832117031756
ludcmp,346926.305974,0.9999832546369831
ludcmp,409438.205127,0.9999832975707907
ludcmp,483213.9879,0.9999833405045984
ludcmp,570283.269071,0.9999833834384059
ludcmp,673041.375304,0.9999834263722135
ludcmp,794315.241983,0.9999834693060211
ludcmp,937441.183852,0.9999835122398286
ludcmp,1106356.678979,0.9999835551736362
ludcmp,1305708.691068,0.9999835981074439
ludcmp,1540981.510143,0.9999836410412514
ludcmp,1818647.628563,0.999983683975059
ludcmp,2146345.803051,0.9999837269088666
ludcmp,2533091.201355,0.9999837698426742
ludcmp,2989523.414754,0.9999838127764817
ludcmp,3528199.159423,0.9999838557102894
ludcmp,4163937.719009,0.999983898644097
ludcmp,4914228.631759,0.9999839415779045
ludcmp,5799712.837911,0.9999839845117121
ludcmp,6844750.523988,0.9999840274455197
ludcmp,8078091.285726,0.9999840703793272
ludcmp,9533665.046201,0.9999841133131349
ludcmp,11251515.487795,0.9999841562469425
ludcmp,13278901.677223,0.99998419918075
ludcmp,15671598.190006,0.9999842421145576
ludcmp,18495429.501544,0.9999842850483652
ludcmp,21828080.85679,0.9999843279821727
ludcmp,25761235.436614,0.9999843709159804
ludcmp,30403096.615533,0.999984413849788
ludcmp,35881364.6996,0.9999862002067518
ludcmp,42346750.036244,0.9999870244598068
ludcmp,49977119.143746,0.9999878487128618
ludcmp,58982387.922814,0.9999886729659169
ludcmp,69610296.565336,0.9999908743202097
ludcmp,82153225.03143,0.9999913964786605
ludcmp,96956236.592529,0.9999919186371115
ludcmp,114426570.72306,0.9999928205234905
ludcmp,135044846.495707,0.9999943450308528
ludcmp,159378284.692174,0.9999961120546429
ludcmp,188096312.377437,0.999998627385322
ludcmp,221988979.22841,0.9999989705389914
ludcmp,261988692.260946,0.999999313692661
ludcmp,309195866.89021,0.9999996568463305
ludcmp,364909200.0,1.0
mvt,1.0,6.1875253301818205e-06
mvt,1.131407,6.738580154926012e-06
mvt,1.280082,7.289635678248824e-06
mvt,1.448294,7.840691318518156e-06
mvt,1.63861,8.391746225909927e-06
mvt,1.853934,8.94279906622011e-06
mvt,2.097554,9.644672139188028e-06
mvt,2.373188,1.058670890404439e-05
mvt,2.685041,1.1528741884141905e-05
mvt,3.037874,0.9900183167192332
mvt,3.437072,0.9900369048449311
mvt,3.888728,0.9900554929929459
mvt,4.399734,0.9901620674080196
mvt,4.97789,0.990294702752889
mvt,5.63202,0.9904273381424388
mvt,6.372106,0.9905599733103503
mvt,7.209446,0.9906926087212982
mvt,8.156818,0.9908252440762697
mvt,9.228681,0.9909578793898347
mvt,10.441394,0.9910905146721746
mvt,11.813467,0.9912231500509231
mvt,13.365839,0.9913557853417577
mvt,15.122204,0.9914884206671546
mvt,17.109368,0.9916210560125742
mvt,19.357659,0.9917536913396479
mvt,21.901391,0.9918863266563162
mvt,24.779388,0.9920189620074704
mvt,28.035573,0.9921515973175565
mvt,31.719644,0.9922842326446725
mvt,35.887828,0.9924168679784285
mvt,40.603741,0.9925495033213854
mvt,45.939357,0.9926821386377899
mvt,51.976111,0.9928147739682733
mvt,58.806137,0.9929474093014409
mvt,66.533676,0.9930800446284422
mvt,75.276668,0.9932126799576858
mvt,85.168551,0.9933453152930796
mvt,96.360296,0.9934779506182445
mvt,109.022715,0.993610585945426
mvt,123.349065,0.993743221275206
mvt,139.557997,0.9938758565976801
mvt,157.896898,0.9940084919316299
mvt,178.645658,0.994141127257186
mvt,202.120951,0.9942737625848108
mvt,228.681063,0.9944063979160812
mvt,258.731359,0.994539033242417
mvt,292.730476,0.994671668573474
mvt,331.197315,0.9948043039023735
mvt,374.718966,0.9949369392295122
mvt,423.959668,0.9954080871375771
mvt,479.670943,0.9962913648546333
mvt,542.703072,0.9971746425924974
mvt,614.018064,0.9980579203162651
mvt,694.704347,0.9989411980463013
mvt,785.993373,0.9998244757684155
mvt,889.278418,0.9999600252188486
mvt,1006.135843,0.9999603135151495
mvt,1138.349154,0.999960601811451
mvt,1287.936221,0.9999608901077506
mvt,1457.180079,0.9999611784040514
mvt,1648.663768,0.9999614667003526
mvt,1865.309757,0.9999617549966531
mvt,2110.42455,0.9999620432929544
mvt,2387.749146,0.9999623315892546
mvt,2701.516141,0.9999626198855557
mvt,3056.51432,0.9999629081818558
mvt,3458.161752,0.9999631964781567
mvt,3912.588475,0.9999634847744574
mvt,4426.730058,0.9999637730707579
mvt,5008.433454,0.9999640613670587
mvt,5666.576758,0.9999643496633593
mvt,6411.204711,0.9999646379596601
mvt,7253.682003,0.9999649262559609
mvt,8206.866723,0.9999652145522615
mvt,9285.306605,0.9999655028485622
mvt,10505.461055,0.9999657911448628
mvt,11885.952364,0.9999660794411637
mvt,13447.849918,0.9999663677374644
mvt,15214.991772,0.9999666560337651
mvt,17214.348466,0.9999669443300656
mvt,19476.434662,0.9999672326263663
mvt,22035.774859,0.999967520922667
mvt,24931.430319,0.9999678092189678
mvt,28207.595227,0.9999680975152685
mvt,31914.271196,0.9999683858115692
mvt,36108.030399,0.9999686741078698
mvt,40852.878994,0.9999689624041705
mvt,46221.233992,0.9999692507004713
mvt,52295.028511,0.999969538996772
mvt,59166.962254,0.9999698272930727
mvt,66941.916318,0.9999701155893733
mvt,75738.553909,0.999970403885674
mvt,85691.131412,0.9999706921819748
mvt,96951.547445,0.9999709804782755
mvt,109691.661168,0.9999712687745762
mvt,124105.915242,0.9999715570708768
mvt,140414.303459,0.9999718453671775
mvt,158865.728336,0.9999721336634783
mvt,179741.799931,0.999974192221138
mvt,203361.133838,0.9999764004353271
mvt,230084.213977,0.9999786086495163
mvt,260318.894384,0.9999808168637053
mvt,294526.623978,0.9999830250778945
mvt,333229.489304,0.9999851320840311
mvt,377018.182745,0.9999870219855356
mvt,426561.017804,0.9999889118870401
mvt,482614.129074,0.9999907511381079
mvt,546033.012535,0.9999914887969129
mvt,617785.582345,0.999992226455718
mvt,698966.943376,0.999992964114523
mvt,790816.104962,0.999993701773328
mvt,894734.890962,0.9999945056699755
mvt,1012309.334726,0.9999953212621822
mvt,1145333.885517,0.9999961368543887
mvt,1295838.795825,0.9999969409013943
mvt,1466121.107565,0.9999975527211156
mvt,1658779.710078,0.9999981645408367
mvt,1876755.005006,0.9999987763605578
mvt,2123373.783399,0.9999993881802789
mvt,2402400.0,1.0
nussinov,1.0,0.49672390013792
nussinov,1.168087,0.4971728318109417
nussinov,1.364427,0.4976217629766215
nussinov,1.593769,0.49807069384984515
nussinov,1.861661,0.4985196257558324
nussinov,2.174582,0.498727563625757
nussinov,2.5401,0.4987290954658532
nussinov,2.967058,0.4987306273103958
nussinov,3.465781,0.49873274174888027
nussinov,4.048334,0.49876693048705206
nussinov,4.728805,0.4987697139334537
nussinov,5.523655,0.4987728969110147
nussinov,6.452109,0.4987765946808779
nussinov,7.536624,0.49878091970543836
nussinov,8.803432,0.49878595419368155
nussinov,10.283173,0.49879187262550523
nussinov,12.01164,0.49879874517842404
nussinov,14.030639,0.49880681878913685
nussinov,16.389005,0.4988162715265246
nussinov,19.143781,0.4988272680922904
nussinov,22.3616,0.49884013972479035
nussinov,26.120291,0.4988551532392186
nussinov,30.510769,0.49887271328501037
nussinov,35.639229,0.49889321181211654
nussinov,41.629715,0.4989171581225008
nussinov,48.627124,0.4989451299468497
nussinov,56.800705,0.49897780132406827
nussinov,66.348158,0.49901597020513677
nussinov,77.500412,0.49906055297890267
nussinov,90.527214,0.49911262903857656
nussinov,105.74365,0.4991734576029767
nussinov,123.51777,0.49924451330537534
nussinov,144.279485,0.499327510773767
nussinov,168.530973,0.4994244606604315
nussinov,196.858817,0.4995377046319149
nussinov,229.9482,0.4996699846363875
nussinov,268.599474,0.499824501473196
nussinov,313.747519,0.50000498838615
nussinov,366.484358,0.5002158136230591
nussinov,428.085568,0.5004620746341574
nussinov,500.041133,0.5012534376958395
nussinov,584.091483,0.5742552981436023
nussinov,682.269593,0.6598583610997254
nussinov,796.950156,0.7473623305911316
nussinov,930.907015,0.8336081355226203
nussinov,1087.380264,0.9114104249324103
nussinov,1270.154612,0.9719403259185599
nussinov,1483.650929,0.9996949362548335
nussinov,1733.033174,0.999968240359092
nussinov,2024.333301,0.9999684834858773
nussinov,2364.597155,0.9999687266126621
nussinov,2762.054896,0.9999689697394469
nussinov,3226.320066,0.999969212866232
nussinov,3768.622116,0.9999694559930167
nussinov,4402.078022,0.9999696991198015
nussinov,5142.00955,0.9999699422465863
nussinov,6006.313855,0.9999701853733711
nussinov,7015.896368,0.9999704285001562
nussinov,8195.176448,0.999970671626941
nussinov,9572.678029,0.9999709147537259
nussinov,11181.719543,0.9999711578805108
nussinov,13061.219813,0.9999714010072956
nussinov,15256.639406,0.9999716441340806
nussinov,17821.080213,0.9999718872608655
nussinov,20816.569855,0.9999721303876504
nussinov,24315.561983,0.9999723735144352
nussinov,28402.688756,0.9999726166412202
nussinov,33176.807887,0.999972859768005
nussinov,38753.393773,0.9999731028947899
nussinov,45267.330542,0.9999733460215748
nussinov,52876.17457,0.9999735891483597
nussinov,61763.965398,0.9999738322751446
nussinov,72145.67719,0.9999740754019295
nussinov,84272.418452,0.9999743185287143
nussinov,98437.50573,0.9999745616554993
nussinov,114983.55823,0.9999748047822842
nussinov,134310.784952,0.999975047909069
nussinov,156886.664773,0.9999752910358539
nussinov,183257.253632,0.9999755341626388
nussinov,214060.392306,0.9999757772894237
nussinov,250041.13423,0.9999760319282914
nussinov,292069.766544,0.9999767053712266
nussinov,341162.86023,0.9999773788141618
nussinov,398507.858508,0.9999780522570969
nussinov,465491.798214,0.9999787257000321
nussinov,543734.858871,0.9999793991429673
nussinov,635129.550909,0.9999800230427855
nussinov,741886.490919,0.9999801494612043
nussinov,866587.87112,0.9999802758796231
nussinov,1012249.916348,0.9999804022980419
nussinov,1182395.839238,0.9999805287164606
nussinov,1381141.05822,0.9999806551348794
nussinov,1613292.739536,0.9999807815532982
nussinov,1884466.070971,0.9999809079717169
nussinov,2201220.079662,0.9999810343901357
nussinov,2571216.279108,0.9999811608085545
nussinov,3003403.982652,0.9999812872269732
nussinov,3508236.765729,0.9999814136453921
nussinov,4097925.312581,0.9999815400638108
nussinov,4786732.763175,0.9999816664822295
nussinov,5591319.704073,0.9999817929006484
nussinov,6531147.14773,0.9999819193190671
nussinov,7628947.247325,0.9999820457374858
nussinov,8911273.132576,0.9999821721559047
nussinov,10409141.165738,0.9999822985743234
nussinov,12158781.1524,0.9999824249927421
nussinov,14202512.652876,0.999982551411161
nussinov,16589768.590026,0.9999826778295797
nussinov,19378290.91213,0.9999828042479985
nussinov,22635527.230976,0.9999829306664173
nussinov,26440262.216496,0.999983057084836
nussinov,30884523.207411,0.9999831835032548
nussinov,36075806.130016,0.9999833099216736
nussinov,42139675.564693,0.9999834363400923
nussinov,49222801.849468,0.9999835627585111
nussinov,57496508.680811,0.9999836891769299
nussinov,67160917.019565,0.9999838155953487
nussinov,78449785.533052,0.9999839420137674
nussinov,91636164.651966,0.9999854826485974
nussinov,107039001.0,1.0
seidel-2d,1.0,6.2496093994125366e-06
seidel-2d,1.174531,7.700048694730954e-06
seidel-2d,1.379523,9.150487532798582e-06
seidel-2d,1.620293,1.0600929450640455e-05
seidel-2d,1.903084,1.2051367051830647e-05
seidel-2d,2.235232,1.3356189084275588e-05
seidel-2d,2.625349,1.4595959449896866e-05
seidel-2d,3.083554,1.7414334641271887e-05
seidel-2d,3.62173,2.7898494897267562e-05
seidel-2d,4.253835,3.4849206877759076e-05
seidel-2d,4.996261,3.60946970516975e-05
seidel-2d,5.868264,3.734018809788903e-05
seidel-2d,6.892459,3.85856795312562e-05
seidel-2d,8.095407,3.983117005143888e-05
seidel-2d,9.508307,4.1076660767880507e-05
seidel-2d,11.167803,4.2322152218623345e-05
seidel-2d,13.116931,4.3567642613990684e-05
seidel-2d,15.406244,4.48131338689833e-05
seidel-2d,18.095112,4.6058624515747776e-05
seidel-2d,21.253272,4.730411553936759e-05
seidel-2d,24.962628,4.85496061990721e-05
seidel-2d,29.319383,4.979509717069732e-05
seidel-2d,34.436527,5.104058808479109e-05
seidel-2d,40.446771,5.228607885682312e-05
seidel-2d,47.50599,5.3531569737564506e-05
seidel-2d,55.797262,5.47770605931283e-05
seidel-2d,65.535618,5.6022551365769895e-05
seidel-2d,76.973621,5.726804226709204e-05
seidel-2d,90.407911,5.851353315485346e-05
seidel-2d,106.186901,6.300963916323865e-05
seidel-2d,124.719817,7.469683720052743e-05
seidel-2d,146.487302,8.638403469004411e-05
seidel-2d,172.053889,9.807123185108499e-05
seidel-2d,202.082642,0.0002410596785789759
seidel-2d,237.352344,0.004184799959552352
seidel-2d,278.777707,0.008128540396734071
seidel-2d,327.433082,0.010012879427006037
seidel-2d,384.580334,0.010020772471885897
seidel-2d,451.701557,0.010028665516650695
seidel-2d,530.53752,0.011721985122793668
seidel-2d,623.132809,0.016462964627844547
seidel-2d,731.888855,0.13855881869044206
seidel-2d,859.626211,0.5811110156749032
seidel-2d,1009.657707,0.9999718814214364
seidel-2d,1185.874363,0.9999719685395937
seidel-2d,1392.846303,0.9999720556577508
seidel-2d,1635.94128,0.9999721427759077
seidel-2d,1921.463887,0.9999722298940646
seidel-2d,2256.819066,0.999972317012222
seidel-2d,2650.704147,0.9999724041303789
seidel-2d,3113.334419,0.9999724912485359
seidel-2d,3656.708055,0.9999725783666931
seidel-2d,4294.917282,0.9999726654848502
seidel-2d,5044.513857,0.9999727526030072
seidel-2d,5924.938337,0.9999728397211642
seidel-2d,6959.024257,0.9999729268393214
seidel-2d,8173.590315,0.9999730139574784
seidel-2d,9600.135905,0.9999731010756354
seidel-2d,11275.658046,0.9999731881937926
seidel-2d,13243.610886,0.9999732753119496
seidel-2d,15555.03267,0.9999733624301067
seidel-2d,18269.869408,0.9999734495482637
seidel-2d,21458.529549,0.9999735366664209
seidel-2d,25203.710006,0.9999736237845779
seidel-2d,29602.540874,0.9999737109027349
seidel-2d,34769.104468,0.999973798020892
seidel-2d,40837.394014,0.9999738851390491
seidel-2d,47964.788723,0.9999739722572062
seidel-2d,56336.135368,0.9999740593753632
seidel-2d,66168.54223,0.9999741464935202
seidel-2d,77717.009736,0.9999742336116774
seidel-2d,91281.043811,0.9999743207298344
seidel-2d,107212.423479,0.9999744078479915
seidel-2d,125924.324135,0.9999744949661485
seidel-2d,147902.033125,0.9999745820843056
seidel-2d,173715.535523,0.9999746692024627
seidel-2d,204034.296517,0.9999747563206197
seidel-2d,239644.62378,0.9999748434387769
seidel-2d,281470.060118,0.9999749305569339
seidel-2d,330595.335264,0.9999781710828083
seidel-2d,388294.498009,0.9999784290475683
seidel-2d,456063.958265,0.9999786870123283
seidel-2d,535661.295987,0.9999789449770883
seidel-2d,629150.84347,0.9999792029418483
seidel-2d,738957.223163,0.9999794609066083
seidel-2d,867928.229507,0.9999797188713683
seidel-2d,1019408.685593,0.9999799768361283
seidel-2d,1197327.190122,0.9999802348008883
seidel-2d,1406298.004388,0.9999804927656483
seidel-2d,1651740.721718,0.9999807507304084
seidel-2d,1940020.822948,0.9999810086951684
seidel-2d,2278614.763192,0.9999812666599284
seidel-2d,2676303.871392,0.9999815246246884
seidel-2d,3143402.091362,0.9999817825894484
seidel-2d,3692023.470728,0.9999820405542084
seidel-2d,4336396.334997,0.9999822985189684
seidel-2d,5093232.294775,0.9999825564837284
seidel-2d,5982159.656206,0.9999828144484884
seidel-2d,7026232.475014,0.9999830724132485
seidel-2d,8252528.456295,0.9999833303780085
seidel-2d,9692851.20641,0.9999835883427685
seidel-2d,11384555.049664,0.9999838463075285
seidel-2d,13371513.801132,0.9999841042722885
seidel-2d,15705258.620463,0.9999843622370485
seidel-2d,18446314.456538,0.9999879012271639
seidel-2d,21665769.743271,0.9999883386146843
seidel-2d,25447120.056119,0.9999887760022048
seidel-2d,29888433.543962,0.9999892133897254
seidel-2d,35104894.296163,0.9999896507772458
seidel-2d,41231789.606241,0.9999900881647663
seidel-2d,48428018.605918,0.9999905255522868
seidel-2d,56880213.264867,0.9999909629398073
seidel-2d,66807578.633031,0.9999914003273278
seidel-2d,78467577.855679,0.9999918377148482
seidel-2d,92162609.400319,0.9999922751023688
seidel-2d,108247849.667262,0.9999927124898893
seidel-2d,127140464.379534,0.9999931498774097
seidel-2d,149330427.64666,0.9999935872649303
seidel-2d,175393229.291397,0.9999980437038203
seidel-2d,206004800.0,1.0
symm,1.0,0.1463240699897074
symm,1.156748,0.14632484220925052
symm,1.338066,0.14632561442904923
symm,1.547805,0.14632638664801204
symm,1.79042,0.1463271588665536
symm,2.071064,0.14649502226408648
symm,2.395699,0.14713131889862058
symm,2.77122,0.14776761574594183
symm,3.205603,0.14812271801132276
symm,3.708075,0.14814132403477956
symm,4.289308,0.14870317709941844
symm,4.961648,0.14985456821908327
symm,5.739375,0.15063866053193287
symm,6.639011,0.15140224740337788
symm,7.679661,0.15233049090923226
symm,8.883432,0.15335281806140574
symm,10.275892,0.15461005340941578
symm,11.886616,0.15602754552661563
symm,13.749818,0.1576646642432525
symm,15.905073,0.15956360955670165
symm,18.39816,0.16175595367103743
symm,21.282033,0.16428977600026992
symm,24.617947,0.16723403473674586
symm,28.476759,0.17063923433865197
symm,32.940431,0.17456671320237582
symm,38.103774,0.17913183477115704
symm,44.076461,0.18439957015279618
symm,50.985353,0.19048505224122658
symm,58.9772,0.19753573091927823
symm,68.221753,0.20569730579627676
symm,78.915369,0.21512621679405264
symm,91.285187,0.22604060468129686
symm,105.593949,0.23866525370252042
symm,122.145579,0.2532675377382193
symm,141.291642,0.2701566553724401
symm,163.43881,0.28969569481410495
symm,189.0575,0.3122955108730635
symm,218.691866,0.6913297096059836
symm,252.971357,0.7230412898821658
symm,292.624085,0.758024668950675
symm,338.492296,0.7984907357953145
symm,391.550253,0.8452996070781799
symm,452.924933,0.9515678132379153
symm,523.919965,0.9999376456997155
symm,606.043319,0.999937878262766
symm,701.039337,0.9999381108258184
symm,810.925781,0.9999383433888699
symm,938.036694,0.9999385759519208
symm,1085.071976,0.9999388085149722
symm,1255.154729,0.9999390410780228
symm,1451.897597,0.9999392736410742
symm,1679.479496,0.9999395062041251
symm,1942.734381,0.9999397387671771
symm,2247.253915,0.9999399713302282
symm,2599.506247,0.9999402038932794
symm,3006.973392,0.9999404364563306
symm,3478.310156,0.9999406690193817
symm,4023.527969,0.9999409015824332
symm,4654.207528,0.9999411341454842
symm,5383.744784,0.9999413667085355
symm,6227.635473,0.9999415992715868
symm,7203.804256,0.9999418318346383
symm,8332.985445,0.9999420643976895
symm,9639.163414,0.9999422969607408
symm,11150.082036,0.9999425295237919
symm,12897.83398,0.9999427620868432
symm,14919.54237,0.9999429946498944
symm,17258.149306,0.9999432272129458
symm,19963.327967,0.9999434597759971
symm,23092.537702,0.9999436923390482
symm,26712.244492,0.9999439249020996
symm,30899.332719,0.9999441574651508
symm,35742.738234,0.9999443900282021
symm,41345.337391,0.9999446225912533
symm,47826.132201,0.9999448551543046
symm,55322.777987,0.9999453591840108
symm,63994.507258,0.999945870274468
symm,74025.51188,0.9999463813649251
symm,85628.855412,0.9999468924553822
symm,99050.998675,0.9999474035458392
symm,114577.034707,0.9999479146362963
symm,132536.744283,0.9999484257267535
symm,153311.600619,0.9999523380046689
symm,177342.872057,0.9999526422463861
symm,205140.994828,0.9999529464881034
symm,237296.414965,0.9999532507298206
symm,274492.129683,0.9999535549715378
symm,317518.19457,0.999953859213255
symm,367288.504772,0.9999541634549721
symm,424860.206579,0.9999544676966894
symm,491456.151743,0.9999547719384065
symm,568490.871458,0.9999550761801238
symm,657600.621713,0.999955380421841
symm,760678.138188,0.9999556846635582
symm,879912.838905,0.9999559889052755
symm,1017837.328563,0.9999562931469926
symm,1177381.192331,0.9999565973887099
symm,1361933.221697,0.999956901630427
symm,1575413.394103,0.9999572058721443
symm,1822356.135219,0.9999575101138615
symm,2108006.632419,0.9999578143555787
symm,2438432.245181,0.9999581185972959
symm,2820651.378841,0.9999584228390132
symm,3262782.559033,0.9999587270807303
symm,3774216.873232,0.9999590313224476
symm,4365817.442157,0.9999593355641647
symm,5050150.157884,0.9999672020097395
symm,5841750.589684,0.9999687935994809
symm,6757432.726788,0.9999703851892222
symm,7816646.115926,0.9999719767789635
symm,9041888.979435,0.9999735683687049
symm,10459186.088757,0.9999896314171274
symm,12098641.543605,0.9999908204291799
symm,13995078.1981,0.9999920094412323
symm,16188777.315621,0.9999935937424268
symm,18726334.162987,0.9999956368198805
symm,21661647.717242,0.9999969899199121
symm,25057065.506891,0.9999979932799414
symm,28984707.904601,0.9999989966399707
symm,33528000.0,1.0
syr2k,1.0,0.1867151849706091
syr2k,1.157315,0.18671587102374423
syr2k,1.339378,0.186716557076847
syr2k,1.550082,0.18671724312922458
syr2k,1.793932,0.18671792917934998
syr2k,2.076145,0.18673205889231223
syr2k,2.402753,0.1867344045184583
syr2k,2.780742,0.186736750149111
syr2k,3.218194,0.18674591187737247
syr2k,3.724463,0.18676244174845927
syr2k,4.310377,0.19815369097048338
syr2k,4.988463,0.22040830702868516
syr2k,5.773222,0.24266292444775905
syr2k,6.681436,0.26491756020018514
syr2k,7.732525,0.28717218374904563
syr2k,8.948965,0.3094267921098049
syr2k,10.35677,0.33168141639629156
syr2k,11.986044,0.35393604552747815
syr2k,13.871627,0.3761906742291062
syr2k,16.053839,0.3984452910533456
syr2k,18.579347,0.42069992256430944
syr2k,21.502154,0.44295454680442403
syr2k,24.884761,0.46520916544092183
syr2k,28.799504,0.4874637939422273
syr2k,33.330093,0.5097184165238762
syr2k,38.573411,0.5319730397910376
syr2k,44.641581,0.55422766410467
syr2k,51.664365,0.5764822907892259
syr2k,59.791936,0.5987369142345562
syr2k,69.198095,0.6209915388198948
syr2k,80.083982,0.643246162601697
syr2k,92.68238,0.6655007855068661
syr2k,107.262694,0.6877554100629792
syr2k,124.136708,0.7100100348662357
syr2k,143.665254,0.732264658732001
syr2k,166.265931,0.75451928348345
syr2k,192.422029,0.776773907464503
syr2k,222.692869,0.7990285312269816
syr2k,257.725763,0.8349332925463705
syr2k,298.26985,0.8888647182572147
syr2k,345.192123,0.942796143398548
syr2k,399.495967,0.9967275696905763
syr2k,462.342611,0.9999513871647338
syr2k,535.075964,0.9999516097177955
syr2k,619.251354,0.9999518322708605
syr2k,716.668782,0.9999520548239255
syr2k,829.411416,0.9999522773769882
syr2k,959.89014,0.9999524999300521
syr2k,1110.895104,0.9999527224831166
syr2k,1285.655389,0.9999529450361802
syr2k,1487.90806,0.9999531675892436
syr2k,1721.978078,0.9999533901423073
syr2k,1992.870784,0.9999536126953718
syr2k,2306.378932,0.9999538352484356
syr2k,2669.206564,0.9999540578014994
syr2k,3089.112367,0.9999542803545634
syr2k,3575.075584,0.9999545029076272
syr2k,4137.488026,0.9999547254606909
syr2k,4788.376292,0.9999549480137548
syr2k,5541.658941,0.9999551705668187
syr2k,6413.444129,0.9999553931198825
syr2k,7422.374065,0.9999556156729466
syr2k,8590.023651,0.9999558382260103
syr2k,9941.361845,0.9999560607790742
syr2k,11505.285591,0.999956283332138
syr2k,13315.23775,0.9999565058852019
syr2k,15409.922242,0.9999567284382658
syr2k,17834.13169,0.9999569509913296
syr2k,20639.705259,0.9999571735443935
syr2k,23886.637185,0.9999573960974574
syr2k,27644.359685,0.9999576186505212
syr2k,31993.227699,0.9999578523088407
syr2k,37026.237188,0.9999580909442938
syr2k,42851.013757,0.9999583295797467
syr2k,49592.114119,0.9999585682151998
syr2k,57393.689605,0.9999588068506529
syr2k,66422.568687,0.9999590454861059
syr2k,76871.824436,0.999959284121559
syr2k,88964.903178,0.9999595227570119
syr2k,102960.402665,0.999959761392465
syr2k,119157.60191,0.9999600000279181
syr2k,137902.860959,0.9999602386633711
syr2k,159597.027432,0.9999604772988241
syr2k,184704.008226,0.9999607159342772
syr2k,213760.689681,0.9999610906531331
syr2k,247388.418322,0.9999639827713066
syr2k,286306.287706,0.9999644761617259
syr2k,331346.515475,0.99996477752352
syr2k,383472.239457,0.9999650788853142
syr2k,443798.113355,0.9999653802471083
syr2k,513614.142437,0.9999656816089025
syr2k,594413.268946,0.9999659829706967
syr2k,687923.297094,0.9999662843324909
syr2k,796143.840334,0.9999665856942851
syr2k,921389.080992,0.9999668870560793
syr2k,1066337.256613,0.9999671884178734
syr2k,1234087.931253,0.9999674897796675
syr2k,1428228.276391,0.9999677911414617
syr2k,1652909.778814,0.9999680925032559
syr2k,1912937.015784,0.9999683938650501
syr2k,2213870.395867,0.9999686952268443
syr2k,2562145.062413,0.9999689965886385
syr2k,2965208.502315,0.9999692979504327
syr2k,3431679.802672,0.9999695993122267
syr2k,3971533.960892,0.9999699006740209
syr2k,4596315.189499,0.9999702020358151
syr2k,5319383.77696,0.9999705033976093
syr2k,6156201.783384,0.9999711627618283
syr2k,7124663.680386,0.9999725649018508
syr2k,8245479.005516,0.9999739670418732
syr2k,9542615.213904,0.9999753691818958
syr2k,11043810.197045,0.9999767713219182
syr2k,12781165.428387,0.9999906830936229
syr2k,14791832.419531,0.9999913670891982
syr2k,17118807.166171,0.9999920510847734
syr2k,19811849.572173,0.9999927350803486
syr2k,22928547.512706,0.9999934190759238
syr2k,26535548.290294,0.9999976887886047
syr2k,30709983.817175,0.9999988443943024
syr2k,35541120.0,1.0
syrk,1.0,0.2715755986252213
syrk,1.155557,0.2715765861008416
syrk,1.335313,0.2715775735816777
syrk,1.54303,0.27157856105603945
syrk,1.78306,0.2715795485350393
syrk,2.060428,0.27159996414724463
syrk,2.380943,0.27160334035851363
syrk,2.751316,0.27160671656547397
syrk,3.179303,0.2716163793410877
syrk,3.673867,0.271635413337476
syrk,4.245364,0.27824142909738564
syrk,4.905761,0.2942576433049445
syrk,5.668888,0.3102738669305328
syrk,6.550725,0.3262900907980387
syrk,7.569739,0.3423063264230664
syrk,8.747267,0.35832254675718106
syrk,10.107968,0.37433876652820536
syrk,11.680337,0.3903549963823918
syrk,13.497299,0.40637122132006875
syrk,15.596902,0.4223874409192846
syrk,18.023114,0.4384036635109736
syrk,20.826742,0.4544198914554617
syrk,24.066494,0.47043611495817317
syrk,27.810213,0.48645233801410964
syrk,32.136295,0.5024685615991906
syrk,37.135331,0.5184847861076473
syrk,42.912003,0.5345010089267437
syrk,49.58728,0.5505172350374901
syrk,57.300944,0.5665334585817987
syrk,66.214525,0.582549682394354
syrk,76.514679,0.5985659066005883
syrk,88.417097,0.6145821303765657
syrk,102.171023,0.6305983539547183
syrk,118.064474,0.646614578690037
syrk,136.430266,0.662630802030535
syrk,157.652993,0.6786470266341669
syrk,182.177069,0.6946632502613324
syrk,210.516046,0.7106794747462875
syrk,243.263357,0.7289145001180278
syrk,281.104752,0.8065413147147829
syrk,324.832653,0.884168129549445
syrk,375.362749,0.9617949444485501
syrk,433.753171,0.9999386198087403
syrk,501.226651,0.9999389401430413
syrk,579.196124,0.9999392604773402
syrk,669.29432,0.9999395808116421
syrk,773.407949,0.9999399011459419
syrk,893.717214,0.9999402214802395
syrk,1032.741467,0.9999405418145407
syrk,1193.391959,0.99994086214884
syrk,1379.03281,0.9999411824831386
syrk,1593.551455,0.9999415028174389
syrk,1841.440044,0.999941823151738
syrk,2127.889517,0.9999421434860373
syrk,2458.898302,0.9999424638203369
syrk,2841.397925,0.9999427841546361
syrk,3283.398164,0.9999431044889359
syrk,3794.154774,0.9999434248232354
syrk,4384.363312,0.9999437451575348
syrk,5066.383107,0.9999440654918343
syrk,5854.496072,0.9999443858261341
syrk,6765.205775,0.9999447061604335
syrk,7817.583036,0.9999450264947329
syrk,9033.665281,0.9999453468290325
syrk,10438.918018,0.999945667163332
syrk,12062.768101,0.9999459874976316
syrk,13939.219946,0.9999463078319311
syrk,16107.567606,0.9999466281662306
syrk,18613.217611,0.9999469485005301
syrk,21508.639809,0.9999472688348295
syrk,24854.466117,0.9999475891691291
syrk,28720.760189,0.9999479095034286
syrk,33188.484595,0.9999483136282703
syrk,38351.196224,0.9999487220270727
syrk,44317.005425,0.9999491304258752
syrk,51210.8399,0.9999495388246775
syrk,59177.060772,0.99994994722348
syrk,68382.485592,0.9999503556222824
syrk,79019.881602,0.9999507640210848
syrk,91312.002398,0.9999511724198872
syrk,105516.252529,0.9999515808186896
syrk,121930.077705,0.9999519892174921
syrk,140897.193492,0.9999523976162944
syrk,162814.782929,0.999953441930267
syrk,188141.813779,0.9999556185013515
syrk,217408.649605,0.999957469630662
syrk,251228.155897,0.9999578834853388
syrk,290308.533862,0.9999582973400155
syrk,335468.150582,0.9999587111946923
syrk,387652.676129,0.999959125049369
syrk,447954.886476,0.9999595389040457
syrk,517637.546892,0.9999599527587224
syrk,598159.855026,0.9999603666133992
syrk,691207.997397,0.9999607804680759
syrk,798730.459175,0.9999611943227527
syrk,922978.826658,0.9999616081774294
syrk,1066554.936868,0.9999620220321062
syrk,1232465.361611,0.9999624358867829
syrk,1424184.366941,0.9999628497414595
syrk,1645726.666418,0.9999632635961363
syrk,1901731.491672,0.999963677450813
syrk,2197559.740762,0.9999640913054898
syrk,2539406.238664,0.9999645051601666
syrk,2934429.460712,0.9999649190148433
syrk,3390901.435457,0.99996533286952
syrk,3918380.966021,0.9999657467241968
syrk,4527913.797295,0.9999661605788734
syrk,5232263.920616,0.9999665744335502
syrk,6046180.859567,0.999976738618775
syrk,6986708.534055,0.9999787445597169
syrk,8073542.170442,0.9999807505006588
syrk,9329440.731669,0.9999827564416008
syrk,10780703.503894,0.9999847623825427
syrk,12457720.819678,0.9999912418407743
syrk,14395610.45019,0.9999929060159967
syrk,16634952.992867,0.9999945701912192
syrk,19222641.654023,0.9999960350389125
syrk,22212864.221343,0.9999973566926084
syrk,25668237.789395,0.9999986783463042
syrk,29661120.0,1.0
trisolv,1.0,1.2343926479573888e-05
trisolv,1.121019,1.3361132249090796e-05
trisolv,1.256684,1.437834086442969e-05
trisolv,1.408767,1.5395548903069625e-05
trisolv,1.579255,1.6412757076895977e-05
trisolv,1.770376,1.7429968575894323e-05
trisolv,1.984625,1.8447173748044545e-05
trisolv,2.224803,0.9949406116019589
trisolv,2.494047,0.9949423505301604
trisolv,2.795875,0.9949440894599512
trisolv,3.13423,0.9949545528374804
trisolv,3.513533,0.99497906170417
trisolv,3.938738,0.9950035705128082
trisolv,4.415401,0.9950071461499307
trisolv,4.94975,0.9950074518642084
trisolv,5.548765,0.9950077575782094
trisolv,6.220273,0.9950080632924935
trisolv,6.973046,0.9950083690065973
trisolv,7.816919,0.9950086747206834
trisolv,8.762917,0.9950089804347996
trisolv,9.823399,0.9950092861489136
trisolv,11.01222,0.9950095918630812
trisolv,12.344911,0.9950098975771836
trisolv,13.838884,0.9950102032914188
trisolv,15.513656,0.9950105090055456
trisolv,17.391108,0.9950108147197141
trisolv,19.495768,0.9950111204338892
trisolv,21.855132,0.9950114261480012
trisolv,24.500025,0.9950117318621619
trisolv,27.465,0.9950120375762127
trisolv,30.788796,0.9950123432904293
trisolv,34.514834,0.9950126490045236
trisolv,38.691795,0.9950129547186563
trisolv,43.374249,0.9950132604327957
trisolv,48.62337,0.9950135661469179
trisolv,54.507737,0.9950138718610934
trisolv,61.104225,0.9950141775752217
trisolv,68.499015,0.995014483289337
trisolv,76.788718,0.9950147890034785
trisolv,86.081635,0.9950150947176177
trisolv,96.499175,0.9950154004317757
trisolv,108.177437,0.9950157061458968
trisolv,121.268995,0.9950160118600395
trisolv,135.944884,0.995016317574178
trisolv,152.396839,0.9950166232883193
trisolv,170.839798,0.995016929002459
trisolv,191.514711,0.9950172347165984
trisolv,214.691687,0.9950175404307312
trisolv,240.673525,0.995017846144871
trisolv,269.799667,0.9950181518590119
trisolv,302.450634,0.9950184575731494
trisolv,339.052998,0.9950187632872854
trisolv,380.084955,0.9950190690014252
trisolv,426.082571,0.9953041563218281
trisolv,477.646785,0.995940663043766
trisolv,535.451265,0.9966541971969797
trisolv,600.251203,0.9974540819471658
trisolv,672.893184,0.9983507681613901
trisolv,754.326247,0.9993559728271704
trisolv,845.614282,0.9999569196299966
trisolv,947.949931,0.9999571857798921
trisolv,1062.670169,0.9999574519297885
trisolv,1191.27377,0.9999577180796848
trisolv,1335.440888,0.9999579842295796
trisolv,1497.055011,0.9999582503794763
trisolv,1678.227561,0.9999585165293713
trisolv,1881.325487,0.9999587826792673
trisolv,2109.002182,0.9999590488291633
trisolv,2364.232152,0.9999593149790598
trisolv,2650.349874,0.9999595811289559
trisolv,2971.093363,0.9999598472788521
trisolv,3330.653004,0.9999601134287478
trisolv,3733.726302,0.999960379578644
trisolv,4185.579248,0.9999606457285397
trisolv,4692.115122,0.9999609118784357
trisolv,5259.951613,0.9999611780283315
trisolv,5896.50728,0.9999614441782277
trisolv,6610.098468,0.9999617103281236
trisolv,7410.047963,0.9999619764780198
trisolv,8306.806786,0.9999622426279157
trisolv,9312.090735,0.9999625087778116
trisolv,10439.033445,0.9999627749277077
trisolv,11702.357973,0.9999630410776035
trisolv,13118.569153,0.9999633072274996
trisolv,14706.169219,0.9999635733773955
trisolv,16485.899536,0.9999638395272916
trisolv,18481.01157,0.9999641056771875
trisolv,20717.570669,0.9999643718270835
trisolv,23224.796585,0.9999646379769794
trisolv,26035.445229,0.9999649041268754
trisolv,29186.236607,0.9999651702767715
trisolv,32718.334554,0.9999654364266675
trisolv,36677.884525,0.9999657025765635
trisolv,41116.616465,0.9999659687264595
trisolv,46092.52064,0.9999662348763554
trisolv,51670.60526,0.9999665010262514
trisolv,57923.74578,0.9999667671761474
trisolv,64933.636994,0.9999670333260434
trisolv,72791.860341,0.9999672994759393
trisolv,81601.080383,0.9999675656258353
trisolv,91476.386076,0.9999678317757313
trisolv,102546.794358,0.9999680979256274
trisolv,114956.93571,0.9999683640755233
trisolv,128868.943691,0.9999686302254193
trisolv,144464.573151,0.9999688963753153
trisolv,161947.574784,0.9999876817736407
trisolv,181546.35705,0.9999883197402991
trisolv,203516.970242,0.9999889577069575
trisolv,228146.451681,0.9999895956736159
trisolv,255756.575742,0.9999902336402743
trisolv,286708.057712,0.9999908716069327
trisolv,321405.266389,0.9999915095735911
trisolv,360301.507,0.9999921475402495
trisolv,403904.943453,0.9999927855069078
trisolv,452785.237298,0.9999934234735662
trisolv,507580.990126,0.9999943452424717
trisolv,569008.086649,0.9999957589318538
trisolv,637869.047443,0.9999971726212358
trisolv,715063.513564,0.9999985863106179
trisolv,801600.0,1.0
trmm,1.0,0.0029655729281362403
trmm,1.153493,0.002967085144601174
trmm,1.330546,0.0029685973602618337
trmm,1.534775,0.002970109573296177
trmm,1.770352,0.0029716217884506167
trmm,2.042089,0.002988348580182755
trmm,2.355535,0.002993518876786876
trmm,2.717093,0.002998689177248003
trmm,3.134148,0.0030112051967599194
trmm,3.615217,0.0030403536796940857
trmm,4.170127,0.0030611560920479537
trmm,4.810212,0.003061691972391342
trmm,5.548546,0.003062227853059177
trmm,6.400208,0.0030627637330699784
trmm,7.382595,0.0030632996135859097
trmm,8.515771,0.0030638354938778093
trmm,9.822881,0.003064371373985053
trmm,11.330624,0.003064907254408539
trmm,13.069794,0.003065443134566813
trmm,15.075915,0.0030659790149254154
trmm,17.389961,0.0030665148951989967
trmm,20.059197,0.0030670507755390783
trmm,23.138141,0.0030675866557422216
trmm,26.689682,0.0030681225360867466
trmm,30.786359,0.003068658416379419
trmm,35.511847,0.003069194296684705
trmm,40.962664,0.0030697301769963864
trmm,47.250143,0.00307026605732365
trmm,54.502705,0.00307080193761475
trmm,62.868484,0.0030713378179145364
trmm,72.51835,0.0030718736981731895
trmm,83.649403,0.003072409578479935
trmm,96.488993,0.003072945458756252
trmm,111.29937,0.0030734813390666787
trmm,128.383035,0.0030740172193780254
trmm,148.088921,0.0030745530996746794
trmm,170.81952,0.0030750889799528347
trmm,197.039106,0.0030756248602553378
trmm,227.283212,0.09568491560809464
trmm,262.169575,0.5107577248573371
trmm,302.410746,0.652546062868854
trmm,348.828653,0.8160966832586165
trmm,402.371379,0.9999192646771531
trmm,464.132534,0.9999197027860179
trmm,535.373588,0.9999201408948795
trmm,617.54964,0.999920579003747
trmm,712.339133,0.9999210171126116
trmm,821.678141,0.9999214552214748
trmm,947.799912,0.9999218933303388
trmm,1093.280482,0.9999223314392057
trmm,1261.091287,0.9999227695480689
trmm,1454.659862,0.9999232076569338
trmm,1677.939842,0.9999236457657997
trmm,1935.491715,0.9999240838746632
trmm,2232.575976,0.999924521983528
trmm,2575.260566,0.9999249600923933
trmm,2970.544811,0.9999253982012576
trmm,3426.502387,0.9999258363101227
trmm,3952.446219,0.9999262744189874
trmm,4559.118702,0.9999267125278523
trmm,5258.911111,0.9999271506367169
trmm,6066.116696,0.999927588745582
trmm,6997.222617,0.9999280268544467
trmm,8071.246698,0.9999284649633114
trmm,9310.125863,0.9999289030721761
trmm,10739.164201,0.9999293411810412
trmm,12387.549795,0.9999297792899059
trmm,14288.950895,0.9999302173987705
trmm,16482.203588,0.9999306555076353
trmm,19012.105026,0.9999310936165
trmm,21930.328405,0.9999315317253649
trmm,25296.478391,0.9999319698342297
trmm,29179.308542,0.9999324079430945
trmm,33658.125603,0.9999328460519592
trmm,38824.409341,0.9999332841608239
trmm,44783.681018,0.9999337222696887
trmm,51657.658663,0.9999342695796181
trmm,59586.74316,0.9999349202041588
trmm,68732.885931,0.9999355708286993
trmm,79282.896797,0.99993622145324
trmm,91452.259561,0.9999368720777806
trmm,105489.533262,0.9999375227023212
trmm,121681.428991,0.9999381733268619
trmm,140358.665959,0.9999388239514024
trmm,161902.726433,0.999939474575943
trmm,186753.647501,0.9999401252004837
trmm,215419.00883,0.9999407758250243
trmm,248484.299966,0.9999414379688882
trmm,286624.87895,0.9999421383376067
trmm,330619.766499,0.9999428387063252
trmm,381367.557484,0.9999435390750436
trmm,439904.774726,0.9999442394437621
trmm,507427.039949,0.9999449398124804
trmm,585313.494339,0.9999456401811989
trmm,675154.967481,0.9999463405499174
trmm,778786.470024,0.9999470409186358
trmm,898324.673749,0.9999477412873542
trmm,1036211.144554,0.9999484416560727
trmm,1195262.211397,0.9999491420247911
trmm,1378726.489772,0.9999498423935096
trmm,1590351.234628,0.999950542762228
trmm,1834458.87799,0.9999512431309464
trmm,2116035.314566,0.9999519434996649
trmm,2440831.738565,0.9999526438683833
trmm,2815482.111748,0.9999533442371018
trmm,3247638.661988,0.9999540446058202
trmm,3746128.179905,0.9999547449745386
trmm,4321132.305923,0.9999554453432571
trmm,4984395.49011,0.9999638168559648
trmm,5749464.872384,0.9999668559165374
trmm,6631966.98263,0.99996989497711
trmm,7649926.91232,0.9999729340376826
trmm,8824136.476722,0.9999759730982551
trmm,10178578.88739,0.9999926979752297
trmm,11740918.608877,0.9999939149793581
trmm,13543066.404983,0.9999951319834864
trmm,15621831.115591,0.9999963489876149
trmm,18019671.476636,0.9999975659917433
trmm,20785563.339102,0.9999987829958716
trmm,23976000.0,1.0
