workload,config,k,truth,truth_unique,m_meas,sd_meas,u_meas,m_pred,sd_pred,u_pred,truth_pred,alpha_pred,alpha_meas,m_program,baseline_fp
2mm,MEDIUM,100,1652420,216738.0,1391216.9,817.5185753562989,174056.4,1391334.4501723666,1037.1720789757069,173825.74744324034,1653844.134072387,1.1886747531245985,1.1877515288953147,1388959.8732460819,107244.1340723869
2mm,MEDIUM,250,1652420,216738.0,1001338.5,1191.6516843617032,125238.45,1001338.425815596,1579.0599674454484,125128.96914062194,1653844.134072387,1.6516335450977238,1.650211192319081,1000222.1099330392,107244.1340723869
2mm,MEDIUM,500,1652420,216738.0,663113.35,1719.6376997556943,82928.55,662883.6451688169,1643.4311119741371,82850.44130960286,1653844.134072387,2.494923726246409,2.4919118277440804,662272.7087688546,107244.1340723869
2mm,MEDIUM,750,1652420,216738.0,492574.75,2047.549263593457,61597.8,492786.94462338835,1564.29668444301,61600.210228687356,1653844.134072387,3.3561037931642743,3.3546583538843597,492363.8006659645,107244.1340723869
2mm,MEDIUM,1000,1652420,216738.0,391966.6,1573.5869651347755,49016.35,391638.5180503173,1471.8943930763478,48963.22724581604,1653844.134072387,4.222884261501323,4.2157163390962396,391314.4070845442,107244.1340723869
2mm,MEDIUM,2500,1652420,216738.0,175289.0,1170.7367450950653,21921.65,175021.00504940332,1094.0306706575852,21899.200637408572,1653844.134072387,9.449403707889546,9.42683225986799,174885.84073975493,107244.1340723869
2mm,MEDIUM,5000,1652420,216738.0,90800.7,870.8316110114755,11356.8,91013.41427881322,819.4657572983755,11403.085810634984,1653844.134072387,18.171432718763317,18.198317854377777,90944.80431076305,107244.1340723869
2mm,MEDIUM,7500,1652420,216738.0,61563.85,784.8296010164102,7701.1,61506.65787645,682.3654812886742,7716.408459983213,1653844.134072387,26.88886359903518,26.840751512454144,61460.68062350682,107244.1340723869
2mm,MEDIUM,10000,1652420,216738.0,46567.4,683.2302840570171,5826.05,46457.010163718754,596.8303752692428,5836.045560532642,1653844.134072387,35.59945266051536,35.484480559361266,46422.43695159553,107244.1340723869
2mm,MEDIUM,25000,1652420,216738.0,18860.85,381.9646270478328,2361.8,18855.280044622472,384.3287877181323,2387.2039657538858,1653844.134072387,87.71252032101552,87.61110978561412,18841.38487619582,107244.1340723869
2mm,MEDIUM,50000,1652420,216738.0,9465.7,267.49581403512803,1187.0,9503.801469080378,273.4266430806373,1218.1355430844656,1653844.134072387,174.01922161915897,174.5692341823637,9496.842775692297,107244.1340723869
2mm,MEDIUM,75000,1652420,216738.0,6268.25,187.031062717006,787.1,6368.921639217396,223.71476765958772,825.7753072400294,1653844.134072387,259.6741218935156,263.6174370837156,6364.2800319588705,107244.1340723869
2mm,MEDIUM,100000,1652420,216738.0,4760.25,165.55929928260562,598.5,4797.915678562702,193.94598054773545,628.8970743542975,1653844.134072387,344.70054183357894,347.12882726747546,4794.433542384921,107244.1340723869
2mm,MINI,100,121735,25409.0,6205.8,143.69690323733496,934.3,6140.04310686957,162.65665287767405,676.4450954861452,122260.1340723869,19.911934158182127,19.61632666215476,3765.466180584869,107244.1340723869
2mm,MINI,250,121735,25409.0,2855.7,145.26132531262047,424.5,2843.737476119453,117.1376018531357,316.97504800484506,122260.1340723869,42.99276395907767,42.62877753265399,1727.421593562653,107244.1340723869
2mm,MINI,500,121735,25409.0,1575.0,77.99527651014988,236.4,1545.7461274097818,87.0114543179881,182.41010988002503,122260.1340723869,79.09457569029082,77.29206349206349,934.8097274475431,107244.1340723869
2mm,MINI,750,121735,25409.0,1090.9,72.3521359667243,161.65,1078.5846694591503,72.28555252398226,135.21097707123036,122260.1340723869,113.35237513962952,111.59134659455495,655.4407120352967,107244.1340723869
2mm,MINI,1000,121735,25409.0,850.35,78.85781675368582,125.1,836.6268100321861,63.161786071570724,110.95399832576919,122260.1340723869,146.13461176038982,143.15869935908742,512.5158442590855,107244.1340723869
2mm,MINI,2500,121735,25409.0,390.2,52.59137411761503,58.7,381.7811142873818,40.816009459790145,64.91368285432195,122260.1340723869,320.2362020986634,311.98103536647875,246.61680463897858,107244.1340723869
2mm,MINI,5000,121735,25409.0,219.25,33.87884761601955,33.6,216.87118938017642,29.81394227698825,46.285474744045125,122260.1340723869,563.7453938524965,555.2337514253136,148.26122133000663,107244.1340723869
2mm,MINI,7500,121735,25409.0,154.15,26.76068404443944,23.85,156.41541548025995,25.133076188830515,38.047366061017755,122260.1340723869,781.6373705686091,789.7178073305222,110.438162537079,107244.1340723869
2mm,MINI,10000,121735,25409.0,126.75,24.71069446722677,19.7,123.9109995204678,22.351305175992504,32.89587574077121,122260.1340723869,986.6770064443859,960.4339250493097,89.33778739724337,107244.1340723869
2mm,MINI,25000,121735,25409.0,59.45,16.875628643261354,9.9,57.89591308248744,15.362892452060835,19.382538764903842,122260.1340723869,2111.723048537058,2047.6871320437342,44.00074465583572,107244.1340723869
2mm,MINI,50000,121735,25409.0,36.0,11.634793554362346,5.9,31.610649224212466,11.385291628947273,11.907725668426306,122260.1340723869,3867.688170692193,3381.527777777778,24.65195583613215,107244.1340723869
2mm,MINI,75000,121735,25409.0,24.15,10.032971958287806,4.1,21.881141898604792,9.485269987523647,8.637845399366897,122260.1340723869,5587.46589364162,5040.786749482402,17.23953464007962,107244.1340723869
2mm,MINI,100000,121735,25409.0,17.3,12.71178483471973,3.05,16.757544020881195,8.30876294089605,6.7832130064951635,122260.1340723869,7295.8265196881675,7036.705202312139,13.275407843099462,107244.1340723869
2mm,MINI2,100,135132,27084.0,11802.8,267.4976832167258,1633.9,11775.511446217073,227.26796869535642,1380.8801007633738,135636.1340723869,11.518491973099012,11.449147659877317,9400.934519932372,107244.1340723869
2mm,MINI2,250,135132,27084.0,5551.65,173.57488145951368,763.3,5511.941776611544,174.34190472882835,650.6479918896135,135636.1340723869,24.607686287239588,24.340871632757832,4395.625894054744,107244.1340723869
2mm,MINI2,500,135132,27084.0,3003.9,110.75287806644123,412.7,2963.8420782218436,132.50153261049928,360.27080259041,135636.1340723869,45.76361712016781,44.98551882552681,2352.905678259605,107244.1340723869
2mm,MINI2,750,135132,27084.0,2090.1,114.7500257997907,287.4,2044.5475947194225,110.94198417307827,256.8818143202492,135636.1340723869,66.34041409586287,64.65336586766183,1621.4036372955688,107244.1340723869
2mm,MINI2,1000,135132,27084.0,1572.35,108.9206736937242,218.4,1569.363573481558,97.32056335017337,203.68535493056694,135636.1340723869,86.42747694945194,85.94269723662035,1245.2526077084574,107244.1340723869
2mm,MINI2,2500,135132,27084.0,728.05,85.61817010793669,101.05,684.1340916970964,63.03420853281803,104.37926035241597,135636.1340723869,198.25957472155974,185.6081313096628,548.9697820486932,107244.1340723869
2mm,MINI2,5000,135132,27084.0,393.85,41.573365714626775,55.2,378.20291073242015,45.0152849728444,69.31907824860399,135636.1340723869,358.6332368773066,343.1052431128602,309.59294268225034,107244.1340723869
2mm,MINI2,7500,135132,27084.0,275.9,42.197405757126575,39.45,272.71389303051825,37.08885158235274,56.62027177282346,135636.1340723869,497.35689137483155,489.7861544037695,226.7366400873373,107244.1340723869
2mm,MINI2,10000,135132,27084.0,218.9,42.319461741676996,31.8,217.7276300413721,32.492052232563005,49.501041966265106,135636.1340723869,622.9624326807472,617.3229785290087,183.15441791814766,107244.1340723869
2mm,MINI2,25000,135132,27084.0,105.0,26.954152106669458,16.0,107.37529884550129,22.103783894057006,32.09782056248095,135636.1340723869,1263.19680159912,1286.9714285714285,93.48013041884957,107244.1340723869
2mm,MINI2,50000,135132,27084.0,63.0,17.59784675823482,9.95,61.97665385747828,16.757536589965984,22.01957290698818,135636.1340723869,2188.5036643684602,2144.9523809523807,55.01796046939797,107244.1340723869
2mm,MINI2,75000,135132,27084.0,44.75,18.095870421612478,7.2,44.39307242787569,14.178159846243961,17.115142984001697,135636.1340723869,3055.3445989292927,3019.709497206704,39.75146516935051,107244.1340723869
2mm,MINI2,100000,135132,27084.0,39.25,16.5047839954615,6.4,34.79918082180826,12.546969990283754,14.079114494829868,135636.1340723869,3897.6818094345845,3442.853503184713,31.317044644026527,107244.1340723869
2mm,MINI3,100,157704,29905.0,23285.25,317.02795410532923,3068.85,23098.66953240127,306.272663719874,2796.274863244658,158212.1340723869,6.84940463131253,6.772699455663993,20724.092606116566,107244.1340723869
2mm,MINI3,250,157704,29905.0,11198.2,319.0170099408165,1469.05,11166.027998819005,250.62657610721183,1357.4192939800841,158212.1340723869,14.169061199660298,14.082977621403439,10049.712116262206,107244.1340723869
2mm,MINI3,500,157704,29905.0,6086.5,192.47569908131797,798.95,6031.0333789173965,195.48674474119406,743.8442714177993,158212.1340723869,26.233005876811585,25.910457570032037,5420.096978955158,107244.1340723869
2mm,MINI3,750,157704,29905.0,4149.8,175.00694723052376,545.7,4148.270847248323,165.18205696789505,520.2615561905693,158212.1340723869,38.13929704646309,38.002795315436884,3725.126889824469,107244.1340723869
2mm,MINI3,1000,157704,29905.0,3182.6,155.07940241254335,419.4,3170.384645959586,145.57822620619902,404.4383123267225,158212.1340723869,49.9031353416426,49.55193866649909,2846.2736801864858,107244.1340723869
2mm,MINI3,2500,157704,29905.0,1324.25,86.41446942680251,177.05,1342.8648774174662,95.10043916963708,187.9544620836548,158212.1340723869,117.81686805053158,119.08929582782707,1207.700567769063,107244.1340723869
2mm,MINI3,5000,157704,29905.0,745.45,69.38107962929314,99.45,712.2365067986972,68.00461572170252,112.45595570335882,158212.1340723869,222.13426658443268,211.55543631363605,643.6265387485274,107244.1340723869
2mm,MINI3,7500,157704,29905.0,501.0,53.363697496765674,68.3,499.1015723468347,55.74589102204874,86.56430301779038,158212.1340723869,316.9938602446286,314.7784431137725,453.1243194036537,107244.1340723869
2mm,MINI3,10000,157704,29905.0,389.8,57.473655292069076,53.1,391.6203899580002,48.39910414479172,73.33823568965518,158212.1340723869,403.9936074047486,404.57670600307847,357.04717783477577,107244.1340723869
2mm,MINI3,25000,157704,29905.0,183.35,32.69198356590931,26.5,190.7076439856315,31.338732171613128,46.95106158680517,158212.1340723869,829.6056244305922,860.1254431415326,176.8124755589798,107244.1340723869
2mm,MINI3,50000,157704,29905.0,123.4,31.508394871342162,18.1,113.18495000919592,23.389013178772952,34.01275063945262,158212.1340723869,1397.819533953345,1277.9902755267422,106.2262566211156,107244.1340723869
2mm,MINI3,75000,157704,29905.0,96.45,19.741687124618196,14.15,83.01737095142057,19.91265013290379,27.72240070243867,158212.1340723869,1905.7714338480819,1635.0855365474338,78.3757636928954,107244.1340723869
2mm,MINI3,100000,157704,29905.0,61.7,22.176564206386885,9.55,66.32134814867646,17.76864692191012,23.712873870800752,158212.1340723869,2385.5385707436685,2555.9805510534843,62.83921197089473,107244.1340723869
2mm,SMALL,100,230868,39047.0,62367.2,449.12366132045946,7953.95,62480.37205735036,464.64993707922537,7718.987678863316,231444.1340723869,3.7042694601745603,3.701753485806642,60105.79513106566,107244.1340723869
2mm,SMALL,250,230868,39047.0,32549.3,466.6728934421694,4139.35,32495.134976882775,409.97234741163606,4023.557785782469,231444.1340723869,7.1224241486314055,7.092871428878655,31378.819094325976,107244.1340723869
2mm,SMALL,500,230868,39047.0,18131.7,319.3224900184436,2305.45,18088.729437081776,335.045700545855,2251.076809191488,231444.1340723869,12.794935922803287,12.732838068134813,17477.793037119536,107244.1340723869
2mm,SMALL,750,230868,39047.0,12629.35,246.96734815078568,1604.9,12547.925113172776,288.61886128462515,1570.3311940893175,231444.1340723869,18.444813145196214,18.280275706984128,12124.781155748922,107244.1340723869
2mm,SMALL,1000,230868,39047.0,9542.35,230.77769549252764,1213.15,9614.527019372306,257.02408888230366,1210.2174355831075,231444.1340723869,24.072336954906902,24.194040252139146,9290.416053599205,107244.1340723869
2mm,SMALL,2500,230868,39047.0,4076.4,197.5239892159673,519.35,4032.6978487544793,171.29444774303434,525.3116217952305,231444.1340723869,57.39188571835841,56.63526641153959,3897.533539106076,107244.1340723869
2mm,SMALL,5000,230868,39047.0,2125.8,97.15998743255749,272.55,2078.3611267185966,123.3593072761221,285.0136583783489,231444.1340723869,111.3589602389266,108.60287891617273,2009.7511586684266,107244.1340723869
2mm,SMALL,7500,230868,39047.0,1401.8,87.95010547254378,181.4,1415.3618075420075,101.35560018524306,203.0784539222971,231444.1340723869,163.52294716382454,164.6939649022685,1369.3845545988265,107244.1340723869
2mm,SMALL,10000,230868,39047.0,1107.35,123.18461754618552,143.45,1081.4664895112787,88.05674913193515,161.58951224612963,231444.1340723869,214.00952902107758,208.48692825213348,1046.8932773880542,107244.1340723869
2mm,SMALL,25000,230868,39047.0,462.45,60.99393843912516,61.5,475.72902854715323,56.029011534671696,85.46612608439975,231444.1340723869,486.5041235326817,499.22802465131366,461.8338601205015,107244.1340723869
2mm,SMALL,50000,230868,39047.0,265.3,40.55288944212562,36.1,270.24695442392726,39.86419430808204,58.8396687359582,231444.1340723869,856.4171780057447,870.2148511119487,263.288261035847,107244.1340723869
2mm,SMALL,75000,230868,39047.0,198.0,41.165903111038006,27.6,198.33012316433903,32.94270005060459,48.73021081307941,231444.1340723869,1166.9641019715857,1166.0,193.68851590581386,107244.1340723869
2mm,SMALL,100000,230868,39047.0,155.15,26.51767037477582,22.15,160.03595016093743,28.978245360721573,42.776343207752866,231444.1340723869,1446.2008932345452,1488.030937802127,156.5538139831557,107244.1340723869
2mm,SMALL2,100,463737,68159.0,248938.05,626.056704595059,31275.65,248945.11774872502,735.9049781824476,31027.08089028515,464244.1340723869,1.8648453051446297,1.8628610612158327,246570.54082244032,107244.1340723869
2mm,SMALL2,250,463737,68159.0,146302.55,752.9502307589795,18358.5,146280.12840860538,781.3736952252843,18246.681964748117,464244.1340723869,3.173665070730662,3.1697123529289137,145163.81252604857,107244.1340723869
2mm,SMALL2,500,463737,68159.0,86191.8,658.1656006619794,10811.05,85933.41076284948,692.2203284444427,10731.662008856927,464244.1340723869,5.402370625711132,5.380291396629378,85322.47436288724,107244.1340723869
2mm,SMALL2,750,463737,68159.0,60593.4,553.1188508430118,7599.4,60755.25879506138,614.8710863097982,7596.24950014527,464244.1340723869,7.6412172917963765,7.653259265860638,60332.11483763753,107244.1340723869
2mm,SMALL2,1000,463737,68159.0,47148.95,600.4996581794896,5914.6,46979.99650571257,556.4841201835025,5880.912052458458,464244.1340723869,9.88174049812747,9.835574281081552,46655.88553993947,107244.1340723869
2mm,SMALL2,2500,463737,68159.0,19949.7,270.3276958764957,2504.55,19922.17528664032,382.3326447415588,2511.8418192457757,464244.1340723869,23.302883715901547,23.245311959578338,19787.010976991915,107244.1340723869
2mm,SMALL2,5000,463737,68159.0,10191.65,219.5985032544141,1281.55,10193.785959089088,278.2147538689465,1300.4985429941528,464244.1340723869,45.541875799192425,45.50166067319816,10125.175991038917,107244.1340723869
2mm,SMALL2,7500,463737,68159.0,6956.4,310.3981144815222,875.55,6865.650943613053,229.38323534444226,885.882392589086,464244.1340723869,67.61837120546623,66.66336035880629,6819.673690669872,107244.1340723869
2mm,SMALL2,10000,463737,68159.0,5176.65,191.04236923286223,652.1,5184.86424650893,199.63233108638974,676.3255078275163,464244.1340723869,89.53833928920541,89.58245197183507,5150.291034385706,107244.1340723869
2mm,SMALL2,25000,463737,68159.0,2127.8,115.1793110077089,269.9,2129.8176752809327,127.40593484029871,294.4259438792477,464244.1340723869,217.97365073099553,217.94200582761536,2115.922506854281,107244.1340723869
2mm,SMALL2,50000,463737,68159.0,1115.85,92.05448901258654,142.75,1102.0257550427998,90.37225547105204,164.96616663415708,464244.1340723869,421.26432340445336,415.5908052157548,1095.0670616547195,107244.1340723869
2mm,SMALL2,75000,463737,68159.0,756.55,56.816857209439995,97.6,758.1397620997112,73.8683595941012,121.35098046214799,464244.1340723869,612.3463736905665,612.9627916198533,753.4981548411861,107244.1340723869
2mm,SMALL2,100000,463737,68159.0,578.1,77.48541458677374,75.1,585.9009574997136,64.00817064477978,99.4173272943075,464244.1340723869,792.3594049982651,802.1743642968345,582.4188213219319,107244.1340723869
2mm,SMALL3,100,947608,128637.0,682917.1,1018.9140194086036,85523.55,683035.1795184718,974.6168514534592,85288.33861150351,949044.1340723869,1.3894513233439116,1.3875886253250944,680660.6025921871,107244.1340723869
2mm,SMALL3,250,947608,128637.0,447519.4,1246.3302933010912,56009.85,447422.46005303395,1204.732531609271,55889.47342030169,949044.1340723869,2.1211365517052823,2.117467980159072,446306.1441704772,107244.1340723869
2mm,SMALL3,500,947608,128637.0,280639.55,971.6358141110094,35116.5,280241.3003787334,1154.361270610709,35020.14821084242,949044.1340723869,3.386524872635821,3.376601765503116,279630.36397877114,107244.1340723869
2mm,SMALL3,750,947608,128637.0,203469.8,1153.4122648175608,25460.95,203481.65387529632,1062.3268624660848,25437.04888517585,949044.1340723869,4.66402801430938,4.6572415169229044,203058.50991787246,107244.1340723869
2mm,SMALL3,1000,947608,128637.0,159608.95,881.9212564801736,19971.4,159630.9681898058,981.0051087985349,19962.283513252096,949044.1340723869,5.94523822560511,5.937060547043258,159306.8572240327,107244.1340723869
2mm,SMALL3,2500,947608,128637.0,69404.95,799.4847995658479,8686.2,69548.44925861471,702.1913887905864,8715.1311629469,949044.1340723869,13.645798636622114,13.653320116216495,69413.2849489663,107244.1340723869
2mm,SMALL3,5000,947608,128637.0,35881.6,499.0162322009173,4492.1,35854.80704496784,518.7383014017468,4508.258441220021,949044.1340723869,26.46909054292578,26.409301703380006,35786.19707691767,107244.1340723869
2mm,SMALL3,7500,947608,128637.0,24244.6,462.3745804340663,3036.55,24169.56649208437,429.9007785446939,3049.2525726350445,949044.1340723869,39.2660801087683,39.08532209234222,24123.58923914119,107244.1340723869
2mm,SMALL3,10000,947608,128637.0,18375.35,470.87938728343335,2301.75,18238.21326493514,375.11135100835764,2308.625974586152,949044.1340723869,52.036025694305415,51.5695211247677,18203.640052811916,107244.1340723869
2mm,SMALL3,25000,947608,128637.0,7399.85,237.64951526410306,928.85,7407.922461467257,240.51444913005494,955.6818921438273,949044.1340723869,128.1120501745119,128.05773089995066,7394.0272930406045,107244.1340723869
2mm,SMALL3,50000,947608,128637.0,3742.8,224.98645573269047,471.3,3751.8144194887414,170.86834429812262,498.02467987265703,949044.1340723869,252.95604418560578,253.1815752912258,3744.855726100661,107244.1340723869
2mm,SMALL3,75000,947608,128637.0,2607.65,127.61219006282897,329.3,2527.4284663906656,139.73652722319025,344.28234944851283,949044.1340723869,375.49792078890545,363.3953943205568,2522.7868591321403,107244.1340723869
2mm,SMALL3,100000,947608,128637.0,1925.9,146.5781271828135,243.9,1914.0284315106896,121.11376034199886,267.0573211447308,949044.1340723869,495.8359648416156,492.0338543018848,1910.546295332908,107244.1340723869
3mm,MEDIUM,100,2297260,297347.0,2000208.9,1010.0132828725574,250186.5,2000025.5311532954,1156.9670548887611,249915.41198977403,2298629.1485770857,1.1492999028125424,1.1485100381265176,1997650.9628979557,107237.14857708565
3mm,MEDIUM,250,2297260,297347.0,1479666.9,1489.8621589367688,185031.0,1480051.4590892384,1830.9768722046508,184971.453367661,2298629.1485770857,1.5530738032524665,1.5525521318345366,1478934.6910546012,107237.14857708565
3mm,MEDIUM,500,2297260,297347.0,998786.2,1738.816100563528,124888.85,998865.3257884693,1959.8950788124268,124851.58314244238,2298629.1485770857,2.301240306607528,2.300051802878334,998254.1967488679,107237.14857708565
3mm,MEDIUM,750,2297260,297347.0,748911.55,2725.0131139230534,93642.0,748554.6446326532,1889.7767456338725,93574.63100403172,2298629.1485770857,3.070756644232858,3.0674650431015515,748131.4023390003,107237.14857708565
3mm,MEDIUM,1000,2297260,297347.0,598077.85,2147.9921168874184,74781.8,597487.0114980554,1790.7283641160136,74697.75963133835,2298629.1485770857,3.8471617028357223,3.8410718604609753,597162.842743455,107237.14857708565
3mm,MEDIUM,2500,2297260,297347.0,269310.55,1809.779936462178,33676.25,269217.0171585085,1348.8697026491207,33677.19235958807,2298629.1485770857,8.538201532868587,8.530152272163122,269081.84512693336,107237.14857708565
3mm,MEDIUM,5000,2297260,297347.0,140296.9,1226.2699925941433,17545.85,140382.95286518522,1014.922558952733,17577.77363947482,2298629.1485770857,16.373990585484705,16.374274841425578,140314.34225040852,107237.14857708565
3mm,MEDIUM,7500,2297260,297347.0,95083.75,675.402560271318,11893.4,94949.92323381227,846.3923834990914,11900.313642846797,2298629.1485770857,24.208857367022382,24.160384923817162,94903.94631788574,107237.14857708565
3mm,MEDIUM,10000,2297260,297347.0,71949.65,901.2326806862053,9001.2,71742.50365004472,740.8509840081058,9000.2293298739,2298629.1485770857,32.03999068376049,31.92871681794144,71707.93098663689,107237.14857708565
3mm,MEDIUM,25000,2297260,297347.0,29195.05,435.2108351737481,3655.5,29121.28538130395,477.69800981075093,3673.926930340588,2298629.1485770857,78.9329563746805,78.68662667130216,29107.39065086742,107237.14857708565
3mm,MEDIUM,50000,2297260,297347.0,14697.15,361.8720732087808,1842.75,14666.559908643268,339.9810075241384,1866.9235006678155,2298629.1485770857,156.72585547633852,156.30649479661022,14659.601471453485,107237.14857708565
3mm,MEDIUM,75000,2297260,297347.0,9694.9,313.4535808830725,1217.2,9819.957672645905,278.1961598494677,1260.5978591814353,2298629.1485770857,234.07729699080662,236.95551269224026,9815.31624451253,107237.14857708565
3mm,MEDIUM,100000,2297260,297347.0,7295.35,261.24968395850937,917.0,7391.127082423184,241.1872359340868,956.4984621747055,2298629.1485770857,310.99846112015155,314.89373367967266,7387.645083719938,107237.14857708565
3mm,MINI,100,128431,26249.0,8405.3,229.58523242440583,1213.75,8285.653235113137,193.23397554932913,947.9239443425547,128837.14857708565,15.549425606070084,15.279763958454787,5911.084979773434,107237.14857708565
3mm,MINI,250,128431,26249.0,3850.25,156.7518572038051,554.45,3826.181149647097,142.06966808228097,443.075441388086,128837.14857708565,33.67251667866504,33.35653528991624,2709.4131150099606,107237.14857708565
3mm,MINI,500,128431,26249.0,2068.0,104.15979626465638,298.0,2064.4849257735705,106.17838377872921,250.56120766661553,128837.14857708565,62.40643705780989,62.103965183752415,1453.3558861721517,107237.14857708565
3mm,MINI,750,128431,26249.0,1458.4,76.62581672957022,210.55,1433.2924646748395,88.36441071490259,182.88745005713574,128837.14857708565,89.88894573328689,88.06294569391113,1010.0501710218268,107237.14857708565
3mm,MINI,1000,128431,26249.0,1137.1,96.68935607887441,162.35,1107.4980536463786,77.27181785736141,148.1802733895673,128837.14857708565,116.3317155753874,112.94609093307538,783.3292990458834,107237.14857708565
3mm,MINI,2500,128431,26249.0,514.35,67.97931186842996,74.75,498.6203210645038,49.909039645502055,82.89984283512898,128837.14857708565,258.3872801293606,249.6957324778847,363.4482894893838,107237.14857708565
3mm,MINI,5000,128431,26249.0,293.9,44.98760063091069,44.85,281.0597668300937,36.17148610271667,57.464531268760865,128837.14857708565,458.39769252697886,436.9887716910514,212.44915205340357,107237.14857708565
3mm,MINI,7500,128431,26249.0,201.85,32.860590698473935,31.25,202.31243211935163,30.29219945413621,46.75150288189804,128837.14857708565,636.8226965957278,636.2695070596978,156.33551619281974,107237.14857708565
3mm,MINI,10000,128431,26249.0,168.15,25.98840834720458,26.0,160.27044572238066,26.834255241137534,40.31739454061861,128837.14857708565,803.8734028372047,763.788284269997,125.69778231455629,107237.14857708565
3mm,MINI,25000,128431,26249.0,81.65,21.238681196048134,13.25,75.67522237443954,18.3596620635494,24.421552407963283,128837.14857708565,1702.5010899816314,1572.9454990814452,61.78049193790607,107237.14857708565
3mm,MINI,50000,128431,26249.0,39.95,11.23657093226352,6.8,42.139986990334855,13.623060261913311,15.782647888803377,128837.14857708565,3057.3609006247557,3214.7934918648307,35.1815498005507,107237.14857708565
3mm,MINI,75000,128431,26249.0,34.4,15.645412981715154,5.7,29.57484940073479,11.367234763754917,11.822913794646691,128837.14857708565,4356.3078489889,3733.4593023255816,24.933421267359478,107237.14857708565
3mm,MINI,100000,128431,26249.0,24.35,10.569444540501493,4.15,22.864266894051582,9.97127732468865,9.479867254931932,128837.14857708565,5634.868993355051,5274.373716632444,19.382268190805792,107237.14857708565
3mm,MINI2,100,149560,28891.0,17713.7,271.1991111614058,2373.75,17621.899599290373,276.74250610261197,2114.9580433271954,149957.14857708564,8.50970394719105,8.44318239554695,15247.331343950667,107237.14857708565
3mm,MINI2,250,149560,28891.0,8341.8,188.9861036383922,1114.0,8322.316513196716,218.04603751643265,1005.2987805980814,149957.14857708564,18.01867885453506,17.928984152101467,7205.54847855958,107237.14857708565
3mm,MINI2,500,149560,28891.0,4482.5,168.60495716006517,600.0,4467.65683085727,167.30310468824834,551.6702533853818,149957.14857708564,33.56505529730029,33.36530953708868,3856.5277912558513,107237.14857708565
3mm,MINI2,750,149560,28891.0,3130.4,146.92368230156984,418.8,3072.786561114095,140.510672483293,388.8603630963675,149957.14857708564,48.801680687745495,47.77664196268847,2649.5442674610827,107237.14857708565
3mm,MINI2,1000,149560,28891.0,2383.7,151.08070342491936,321.15,2351.8287730099046,123.4380524167774,304.96528107677796,149957.14857708564,63.761932968091166,62.74279481478374,2027.6600184094093,107237.14857708565
3mm,MINI2,2500,149560,28891.0,1015.1,84.6602497913681,138.25,1010.4569583925077,80.13590353595963,148.7386242995981,149957.14857708564,148.40528073125054,147.3352379075953,875.2849268173877,107237.14857708565
3mm,MINI2,5000,149560,28891.0,554.0,69.37768486981054,76.85,548.6401123851753,57.21575066859501,94.22266302652123,149957.14857708564,273.325163785705,269.96389891696754,480.02949760848514,107237.14857708565
3mm,MINI2,7500,149560,28891.0,411.25,53.242123212833334,57.65,390.9385884247173,47.0137180669953,74.98396240914734,149957.14857708564,383.58236566345704,363.67173252279633,344.9616724981854,107237.14857708565
3mm,MINI2,10000,149560,28891.0,316.85,46.00832304565865,45.05,309.7480607829149,41.019846307395326,64.54089319530995,149957.14857708564,484.12619016259873,472.0214612592709,275.17539737509054,107237.14857708565
3mm,MINI2,25000,149560,28891.0,159.65,27.646785289470916,23.7,150.50432789684038,27.390602811835446,40.640964689204374,149957.14857708564,996.3643615608862,936.7992483557782,136.6095974603069,107237.14857708565
3mm,MINI2,50000,149560,28891.0,92.8,21.685794525691836,14.35,86.91666184400968,20.625841461988127,28.173328864593362,149957.14857708564,1725.2980659360278,1611.6379310344828,79.95822465422552,107237.14857708565
3mm,MINI2,75000,149560,28891.0,68.8,16.542131218895523,11.05,62.65568071665702,17.44214695426986,22.387342293791068,149957.14857708564,2393.3527951795045,2173.837209302326,58.0142525832817,107237.14857708565
3mm,MINI2,100000,149560,28891.0,56.45,19.36484878384163,8.85,49.47763160001247,15.441704248875832,18.814470158856377,149957.14857708564,3030.8069268426307,2649.424269264836,45.99563289676668,107237.14857708565
3mm,MINI3,100,177828,32424.0,32876.7,307.49105250140445,4270.65,32830.23091927085,360.09617569823257,4015.9994605208826,178245.14857708564,5.4292992643088125,5.408937028351386,30455.662663931143,107237.14857708565
3mm,MINI3,250,177828,32424.0,16124.7,315.22140923818176,2088.75,16032.11236257551,301.1110291947583,1969.0347989110107,178245.14857708564,11.118007692683804,11.02829820089676,14915.344327938374,107237.14857708565
3mm,MINI3,500,177828,32424.0,8655.15,256.0767308938143,1119.8,8671.663349021033,236.61511525210094,1077.3469531958035,178245.14857708564,20.554897186732717,20.545917748392576,8060.534309419614,107237.14857708565
3mm,MINI3,750,177828,32424.0,6009.8,203.23608258170572,779.5,5960.510414144067,200.4084440303055,750.2224371447447,178245.14857708564,29.904343117011692,29.58967020533129,5537.268120491054,107237.14857708565
3mm,MINI3,1000,177828,32424.0,4562.05,179.72653935178386,593.0,4550.812813719967,176.81917096806626,580.415573200604,178245.14857708564,39.16776098540139,38.97984458741136,4226.644059119472,107237.14857708565
3mm,MINI3,2500,177828,32424.0,1915.0,76.81762407430375,251.8,1915.4620191377373,115.698733677191,262.9354461035971,178245.14857708564,93.05595558471283,92.86057441253264,1780.2899875626174,107237.14857708565
3mm,MINI3,5000,177828,32424.0,1049.35,76.90409269788059,139.1,1006.7236353168029,82.76116591418347,152.69251047879555,178245.14857708564,177.05469736090402,169.46490684709585,938.1130205401128,107237.14857708565
3mm,MINI3,7500,177828,32424.0,698.5,77.57135933753958,93.5,699.8853383263423,67.84461095929083,115.09751808358864,178245.14857708564,254.67764334559263,254.58554044380816,653.9084223998104,107237.14857708565
3mm,MINI3,10000,177828,32424.0,560.95,65.13506210781928,76.05,545.3254322555372,58.89582685852588,95.97511910351056,178245.14857708564,326.8601426488408,317.0122114270434,510.75276884771284,107237.14857708565
3mm,MINI3,25000,177828,32424.0,258.2,37.8342646148616,36.2,258.67061440240104,37.92845829486792,58.503535899144275,178245.14857708564,689.0815525717138,688.7219209914795,244.7758839658676,107237.14857708565
3mm,MINI3,50000,177828,32424.0,154.4,25.125788806680177,22.6,150.97799915994648,27.998699502725376,41.23142505336301,178245.14857708564,1180.6034625498796,1151.7357512953367,144.01956197016233,107237.14857708565
3mm,MINI3,75000,177828,32424.0,116.25,24.569718204154864,17.25,110.05028457565729,23.70325126919294,33.403236169195225,178245.14857708564,1619.6700377866428,1529.7032258064517,105.40885644228197,107237.14857708565
3mm,MINI3,100000,177828,32424.0,93.15,27.682932229843452,13.7,87.73481269224698,21.090647203041893,28.639276504907308,178245.14857708564,2031.6353692157247,1909.049919484702,84.25281398900118,107237.14857708565
3mm,SMALL,100,293320,46857.0,104846.75,634.8682312516752,13267.9,104783.8175040237,565.0898654108237,13010.197783615102,293829.14857708564,2.8041462467790184,2.797606983525956,102409.24924868399,107237.14857708565
3mm,SMALL,250,293320,46857.0,55997.4,359.1582850000972,7070.9,56104.64865473134,528.2549278357344,6978.102063338255,293829.14857708564,5.2371622605697725,5.238100340372946,54987.880620094205,107237.14857708565
3mm,SMALL,500,293320,46857.0,31597.65,529.9959557939056,3991.0,31504.282428839873,440.0747613824128,3931.452539685489,293829.14857708564,9.32664152058599,9.28296882837806,30893.153389238454,107237.14857708565
3mm,SMALL,750,293320,46857.0,21952.6,342.20344825848883,2773.4,21901.266815587165,381.29145744925216,2742.9538757482705,293829.14857708564,13.416080040080923,13.361515264706687,21478.024521934152,107237.14857708565
3mm,SMALL,1000,293320,46857.0,16731.7,428.66366400956446,2114.85,16791.867906768308,340.4714100205074,2110.841325439085,293829.14857708564,17.498300380188898,17.530794838540015,16467.699152167814,107237.14857708565
3mm,SMALL,2500,293320,46857.0,7006.15,163.7794650067422,887.9,7029.728296004063,227.8951517145505,903.2922061466693,293829.14857708564,41.79808041003635,41.86607480570642,6894.556264428943,107237.14857708565
3mm,SMALL,5000,293320,46857.0,3631.7,186.25508823851456,462.75,3603.008863292455,164.29899496761414,478.9105695668832,293829.14857708564,81.55104795067933,80.76658314288075,3534.398248515765,107237.14857708565
3mm,SMALL,7500,293320,46857.0,2397.9,128.00242596385263,306.9,2440.2822046953047,135.02730053922448,334.55296861646707,293829.14857708564,120.40785611259798,122.32369990408273,2394.3052887687727,107237.14857708565
3mm,SMALL,10000,293320,46857.0,1860.0,115.73108575713921,239.35,1854.8569379418414,117.32122438376612,261.666945215882,293829.14857708564,158.41067985713224,157.69892473118279,1820.284274534017,107237.14857708565
3mm,SMALL,25000,293320,46857.0,823.25,65.144273085126,107.95,793.488904929338,74.65314648132954,128.68037408026714,293829.14857708564,370.30026097624113,356.29517157607046,779.5941744928045,107237.14857708565
3mm,SMALL,50000,293320,46857.0,438.2,47.66285103118627,58.9,435.1750900407594,53.026285316298846,82.94700791463775,293829.14857708564,675.1975361217596,669.3747147421269,428.21665285097527,107237.14857708565
3mm,SMALL,75000,293320,46857.0,316.55,48.86013874207416,43.15,312.4401125559401,43.59185749951875,66.56720893703122,293829.14857708564,940.4334999542598,926.6150687095245,307.7986844225648,107237.14857708565
3mm,SMALL,100000,293320,46857.0,253.85,39.3449990134505,35.45,248.81229828234714,38.08361106840576,57.539810168002205,293829.14857708564,1180.9269501769334,1155.485522946622,245.33029957910136,107237.14857708565
3mm,SMALL2,100,642229,90474.0,392712.9,842.725272084882,49252.15,392404.2216509817,863.9962045851132,48962.74830198485,642629.1485770857,1.6376713427631342,1.6353651738967576,390029.653395642,107237.14857708565
3mm,SMALL2,250,642229,90474.0,238579.1,1109.6604933610631,29894.7,238707.1703592679,962.6275776543481,29803.417276414686,642629.1485770857,2.6921233560344757,2.6918912846934204,237590.40232463076,107237.14857708565
3mm,SMALL2,500,642229,90474.0,142447.35,893.8961010507232,17844.85,142584.95616916928,874.594694535223,17816.536940029902,642629.1485770857,4.50699124117022,4.50853596083044,141973.82712956786,107237.14857708565
3mm,SMALL2,750,642229,90474.0,101308.3,910.0153324330065,12692.7,101428.97402560351,784.4277940305542,12683.92217814915,642629.1485770857,6.335755189783031,6.339352254454965,101005.73173195051,107237.14857708565
3mm,SMALL2,1000,642229,90474.0,78814.25,792.9473915648371,9874.75,78677.10901662022,713.5356029197159,9846.521820853131,642629.1485770857,8.167930375292931,8.148640632880475,78352.94026201972,107237.14857708565
3mm,SMALL2,2500,642229,90474.0,33493.05,502.548083585829,4199.55,33537.74796651188,494.85764408527757,4217.278444864754,642629.1485770857,19.16136853371204,19.174993020940164,33402.57593493676,107237.14857708565
3mm,SMALL2,5000,642229,90474.0,17190.5,295.14358682191414,2158.1,17172.27450094736,361.23396333576386,2176.3029699708254,642629.1485770857,37.42248288318669,37.35952997295018,17103.663886170667,107237.14857708565
3mm,SMALL2,7500,642229,90474.0,11589.25,290.7996009191497,1456.1,11558.939909049795,298.12969742428925,1476.037096887007,642629.1485770857,55.59585512456506,55.415924240136334,11512.962993123263,107237.14857708565
3mm,SMALL2,10000,642229,90474.0,8722.85,219.196445178628,1097.3,8721.683085980203,259.5839751538594,1121.923617442999,642629.1485770857,73.68178162883369,73.62605111861376,8687.11042257238,107237.14857708565
3mm,SMALL2,25000,642229,90474.0,3593.2,133.97823861005426,454.85,3561.7015301965034,165.78590643434603,476.937527422293,642629.1485770857,180.42756899442696,178.73455415785372,3547.80679975997,107237.14857708565
3mm,SMALL2,50000,642229,90474.0,1856.9,105.33850198289325,236.85,1825.642901737131,117.61515653318096,258.96102634422465,642629.1485770857,352.00155954136096,345.86084334105226,1818.6844645473468,107237.14857708565
3mm,SMALL2,75000,642229,90474.0,1249.4,91.96532527334192,160.6,1244.9298142538435,96.1394535859499,185.74118442285004,642629.1485770857,516.1970909679351,514.0299343684968,1240.2883861204682,107237.14857708565
3mm,SMALL2,100000,642229,90474.0,969.95,83.67636590176654,125.5,954.1410337853856,83.30669621060512,148.98478131615892,642629.1485770857,673.515891070703,662.1258827774627,950.6590350821398,107237.14857708565
3mm,SMALL3,100,1310256,173972.0,1011836.9,1078.4423904287698,126641.35,1011710.0182275423,1092.121016624893,126375.97287405492,1311629.1485770857,1.2964477221200048,1.2949280659758504,1009335.4499722025,107237.14857708565
3mm,SMALL3,250,1310256,173972.0,684864.65,1517.6654951810615,85680.3,685069.7207095056,1427.3644715882144,85598.73607019441,1311629.1485770857,1.9145922070802834,1.9131605055101033,683952.9526748685,107237.14857708565
3mm,SMALL3,500,1310256,173972.0,436575.15,1706.4027807056593,54610.95,436587.00955535145,1407.8394952770523,54566.79361330268,1311629.1485770857,3.004278917764718,3.001215254693264,435975.88051575003,107237.14857708565
3mm,SMALL3,750,1310256,173972.0,318947.55,988.6454036764068,39897.05,319076.43415780703,1310.1067256428082,39889.85469467594,1311629.1485770857,4.110705173320282,4.108061027589019,318653.191864154,107237.14857708565
3mm,SMALL3,1000,1310256,173972.0,251041.75,1201.3328508040802,31403.1,251158.9583188301,1216.748044586147,31406.752983935163,1311629.1485770857,5.222306850437152,5.21927527990862,250834.7895642296,107237.14857708565
3mm,SMALL3,2500,1310256,173972.0,110074.6,971.0828139653951,13772.3,110092.77267121481,879.9262645142164,13786.661796995413,1311629.1485770857,11.91385335070254,11.903345549291117,109957.6006396397,107237.14857708565
3mm,SMALL3,5000,1310256,173972.0,56833.0,626.983421253158,7113.45,56857.04658293135,652.2240072418939,7137.032928612358,1311629.1485770857,23.068893433709245,23.05449298822867,56788.435968154656,107237.14857708565
3mm,SMALL3,7500,1310256,173972.0,38494.4,552.0384616653929,4819.8,38340.446729927105,541.1201481132443,4824.101872791474,1311629.1485770857,34.21006431709825,34.03757429652105,38294.46981400057,107237.14857708565
3mm,SMALL3,10000,1310256,173972.0,28917.8,417.10286501053923,3622.0,28931.68239076127,472.40932153755716,3648.7869376101794,1311629.1485770857,45.335391522061194,45.30967086016226,28897.109727353447,107237.14857708565
3mm,SMALL3,25000,1310256,173972.0,11813.55,327.29344229364125,1482.5,11737.114330016773,303.1641111722551,1500.253536804376,1311629.1485770857,111.75056421003707,110.91128407633607,11723.21959958024,107237.14857708565
3mm,SMALL3,50000,1310256,173972.0,5962.0,282.30685059831063,750.4,5929.710072210149,215.42069941930524,773.6884205377128,1311629.1485770857,221.19616854862676,219.76786313317677,5922.751635020364,107237.14857708565
3mm,SMALL3,75000,1310256,173972.0,3945.45,144.51751851555832,498.4,3984.9661408319607,176.17921092028487,529.9184048437586,1311629.1485770857,329.14436465029803,332.09291715773867,3980.3247126985852,107237.14857708565
3mm,SMALL3,100000,1310256,173972.0,2980.05,128.27621307984293,377.05,3010.783207171297,152.70178246329428,407.60807978730423,1311629.1485770857,435.64383694347515,439.6758443650274,3007.3012084680513,107237.14857708565
adi,MEDIUM,100,1373220,181838.0,1261032.95,241.60744041349332,157787.1,1261038.8846492274,224.1772168507077,157530.01609082712,1374723.7739384798,1.0901517714268385,1.088964408106862,1258663.457796665,107251.77393847992
adi,MEDIUM,250,1373220,181838.0,1136298.15,932.199113302576,142107.2,1136351.5330397023,954.0421494310222,141996.9182147642,1374723.7739384798,1.2097698062334106,1.2085032436249237,1135234.8816649737,107251.77393847992
adi,MEDIUM,500,1373220,181838.0,870477.85,1787.5807607813917,108846.9,870781.2442700461,1455.8528390285496,108828.37239833256,1374723.7739384798,1.578724602745522,1.5775473207043695,870169.8697298378,107251.77393847992
adi,MEDIUM,750,1373220,181838.0,686474.1,1690.18849462668,85834.2,686959.8501747895,1567.8440070855606,85862.22827808757,1374723.7739384798,2.0011704811987134,2.000395936277858,686536.269659269,107251.77393847992
adi,MEDIUM,1000,1373220,181838.0,562759.6,1850.0951156203082,70363.0,563571.4161523499,1566.5925213440498,70445.05070824508,1374723.7739384798,2.4393071304504406,2.4401538418891477,563246.901071839,107251.77393847992
adi,MEDIUM,2500,1373220,181838.0,267424.05,1130.2749770229402,33437.8,267576.14236539573,1292.8223413237388,33458.400835832756,1374723.7739384798,5.137691880097401,5.134990663704331,267440.73879370245,107251.77393847992
adi,MEDIUM,5000,1373220,181838.0,142109.35,1332.756789713081,17769.5,142107.49271436906,1001.5747533026325,17779.50348056679,1374723.7739384798,9.673830335615204,9.663122095766393,142038.74593776563,107251.77393847992
adi,MEDIUM,7500,1373220,181838.0,97035.95,832.8202861046126,12134.95,96718.47865547038,843.3170781886696,12107.492275298535,1374723.7739384798,14.213662094867182,14.151662347820576,96672.40599068836,107251.77393847992
adi,MEDIUM,10000,1373220,181838.0,73223.2,806.3363278956323,9157.1,73311.15606547536,741.6918643484303,9182.39535006602,1374723.7739384798,18.75190418100476,18.75389220902665,73276.50965814419,107251.77393847992
adi,MEDIUM,25000,1373220,181838.0,29819.05,600.1913269511384,3730.9,29938.389706914204,482.34765895555194,3762.262821548255,1374723.7739384798,45.918427390267766,46.05176891953298,29924.464040909163,107251.77393847992
adi,MEDIUM,50000,1373220,181838.0,15154.5,425.22408952902646,1896.85,15117.560448653698,344.2656298426753,1909.8755567905637,1374723.7739384798,90.93555660701239,90.61466891022468,15110.586297146205,107251.77393847992
adi,MEDIUM,75000,1373220,181838.0,10062.15,318.41800977232475,1260.5,10135.865127433211,281.9680348384223,1286.944161264327,1374723.7739384798,135.6296435138746,136.473815238294,10131.213167783284,107251.77393847992
adi,MEDIUM,100000,1373220,181838.0,7611.1,213.80879308391417,953.8,7637.088885805481,244.57237937097085,974.3343156691808,1374723.7739384798,180.00625558955875,180.42332908515195,7633.598967651944,107251.77393847992
adi,MINI,100,118363,24986.0,10046.9,147.68704465150194,1415.1,9991.537049097578,159.55460926268427,1147.38891891976,119043.77393847992,11.914460543308678,11.7810468900855,7616.11019653501,107251.77393847992
adi,MINI,250,118363,24986.0,5297.7,122.76254357605646,733.45,5292.484618717415,150.9875689318097,612.8285247447751,119043.77393847992,22.492984394790565,22.342337240689357,4175.833243988859,107251.77393847992
adi,MINI,500,118363,24986.0,3018.35,137.44597981905855,415.25,2994.556611909027,124.77861282215986,353.57891031506443,119043.77393847992,39.75338902095079,39.21447148276376,2383.182071700599,107251.77393847992
adi,MINI,750,118363,24986.0,2056.1,96.74214234377466,282.6,2108.4273758390564,107.55414548879347,254.27030078798816,119043.77393847992,56.46093164157765,57.56675258985458,1684.8468603185142,107251.77393847992
adi,MINI,1000,118363,24986.0,1643.8,126.7590337276951,226.1,1638.7270791981937,95.7419652416129,201.7751653474196,119043.77393847992,72.64405125759342,72.00571845723324,1314.2119986873072,107251.77393847992
adi,MINI,2500,118363,24986.0,731.65,71.49330112159569,100.2,743.399216268855,63.6861288344849,101.87931866198925,119043.77393847992,160.13438181434267,161.77543907606096,607.9956445755714,107251.77393847992
adi,MINI,5000,118363,24986.0,433.1,51.50053653271871,59.25,426.3052669423503,46.074373688680495,66.32294479364104,119043.77393847992,279.2453745465414,273.29254213807434,357.5584903389333,107251.77393847992
adi,MINI,7500,118363,24986.0,300.75,41.40032417874603,41.05,314.3953035218602,38.364542367561896,53.428183384886964,119043.77393847992,378.6436139628997,393.55943474646716,268.32263873984135,107251.77393847992
adi,MINI,10000,118363,24986.0,256.6,33.64739764708488,35.0,255.04780152410177,33.92503913407205,46.28720278708276,119043.77393847992,466.750833479466,461.27435697583786,220.40139419293666,107251.77393847992
adi,MINI,25000,118363,24986.0,135.45,26.490266335511162,18.65,131.59493038173588,24.10980954443249,29.489787377397363,119043.77393847992,904.6227965861067,873.8501291989664,117.66926437669278,107251.77393847992
adi,MINI,50000,118363,24986.0,81.8,15.378043130590953,11.85,77.78066130839395,19.129430465158435,20.589649209853285,119043.77393847992,1530.506065852039,1446.9804400977996,70.8065098009019,107251.77393847992
adi,MINI,75000,118363,24986.0,57.45,19.484069065993914,8.45,56.413744005442325,16.576286639553658,16.479000264840252,119043.77393847992,2110.190983370924,2060.278503046127,51.76178435551578,107251.77393847992
adi,MINI,100000,118363,24986.0,49.4,14.762684109106418,7.5,44.62225599765546,14.877058639257216,13.911194692050785,119043.77393847992,2667.8116396610408,2396.012145748988,41.13233784411821,107251.77393847992
adi,MINI2,100,133724,26906.0,20368.2,169.64067287869608,2704.85,20366.463300928917,225.92632063596994,2444.2547109325756,134403.77393847992,6.599269198219101,6.565332233579796,17991.036448366347,107251.77393847992
adi,MINI2,250,133724,26906.0,11000.45,189.5547344922334,1443.6,10949.874887901675,225.16495759967108,1320.024243933269,134403.77393847992,12.274457499690731,12.15622997241022,9833.22351317312,107251.77393847992
adi,MINI2,500,133724,26906.0,6226.8,153.8063033408203,814.45,6164.92615218321,188.2355104293103,750.1399414876745,134403.77393847992,21.801359922354134,21.47555726858097,5553.551611974783,107251.77393847992
adi,MINI2,750,133724,26906.0,4318.55,208.28585494080244,565.95,4306.999843387011,162.78596983087905,529.6539301065054,134403.77393847992,31.205892460117948,30.965022982250986,3883.419327866469,107251.77393847992
adi,MINI2,1000,133724,26906.0,3302.6,142.93038423247205,432.05,3321.108379249307,145.13194864254675,412.84428983488846,134403.77393847992,40.46955371232424,40.49052261854297,2996.5932987384203,107251.77393847992
adi,MINI2,2500,133724,26906.0,1416.75,98.69830425674948,186.1,1442.1032469732017,96.76967898868816,190.18476189092,134403.77393847992,93.19982755782361,94.38785953767426,1306.6996752799182,107251.77393847992
adi,MINI2,5000,133724,26906.0,797.1,82.81170779164272,104.95,783.6248757522252,69.66016566703328,111.85017467443909,134403.77393847992,171.51545094770208,167.7631413875298,714.8780991488082,107251.77393847992
adi,MINI2,7500,133724,26906.0,532.35,52.71799353261904,70.3,559.712755869246,57.26194612212944,85.09356826692726,134403.77393847992,240.12991043905717,251.19564196487272,513.6400910872271,107251.77393847992
adi,MINI2,10000,133724,26906.0,426.0,43.141139237818486,56.35,445.9463986537456,49.8533688820278,71.41405154929834,134403.77393847992,301.3899749930205,313.90610328638496,411.29999132258047,107251.77393847992
adi,MINI2,25000,133724,26906.0,231.0,35.43711999703434,31.45,228.60703186006134,32.96503952373596,44.32039515597567,134403.77393847992,587.9249332135739,578.8917748917748,214.68136585501824,107251.77393847992
adi,MINI2,50000,133724,26906.0,146.85,32.569399587245755,20.05,140.7193307101465,25.358030930687363,31.725114591752803,134403.77393847992,955.1194797488389,910.6162751106572,133.74517920265447,107251.77393847992
adi,MINI2,75000,133724,26906.0,103.2,19.01688999976489,14.4,104.95596642549344,22.13747701164705,25.90187617184677,134403.77393847992,1280.5729727989403,1295.7751937984497,100.30400677556689,107251.77393847992
adi,MINI2,100000,133724,26906.0,88.1,21.68166822092122,12.15,84.68515160879392,20.13965103924872,22.346446855656385,134403.77393847992,1587.0996436230398,1517.866061293984,81.19523345525667,107251.77393847992
adi,MINI3,100,155512,29630.0,41604.05,263.1586423673581,5356.9,41619.721659396935,249.9254347299165,5101.40057220683,156163.77393847992,3.7521580566174,3.737905324121089,39244.29480683437,107251.77393847992
adi,MINI3,250,155512,29630.0,25097.15,355.2347296618036,3204.45,25170.575215109482,310.2029324876093,3097.921113199061,156163.77393847992,6.204219514408927,6.196400786543491,24053.923840380925,107251.77393847992
adi,MINI3,500,155512,29630.0,14834.9,297.1958241542718,1889.9,14834.061789500505,282.44279546533966,1833.975178843942,156163.77393847992,10.52737787899819,10.482847878988062,14222.687249292077,107251.77393847992
adi,MINI3,750,155512,29630.0,10481.4,221.88057480023843,1333.7,10500.361839164754,251.66500243970475,1304.0308114920742,156163.77393847992,14.872227865140111,14.8369492625031,10076.781323644213,107251.77393847992
adi,MINI3,1000,155512,29630.0,8186.2,262.3185287514319,1043.15,8132.518932207412,227.81192086928425,1014.558014951425,156163.77393847992,19.202386768510397,18.996848354547897,7808.003851696525,107251.77393847992
adi,MINI3,2500,155512,29630.0,3550.6,218.36073485477144,454.0,3495.096600061028,156.18598384507735,447.50840047501157,156163.77393847992,44.680817673466635,43.79879456993184,3359.6930283677443,107251.77393847992
adi,MINI3,5000,155512,29630.0,1839.75,135.24203449644213,236.05,1833.1456630893358,113.48526078477772,243.7592291234543,156163.77393847992,85.18896074810695,84.52887620600625,1764.3988864859189,107251.77393847992
adi,MINI3,7500,155512,29630.0,1284.3,93.27666826224693,164.5,1265.320637657583,93.50834565429435,173.93468296186202,156163.77393847992,123.41834100451973,121.08697344857121,1219.247972875564,107251.77393847992
adi,MINI3,10000,155512,29630.0,984.3,98.67122440871903,126.85,978.7249161837392,81.35151979374342,138.62823870792536,156163.77393847992,159.55839210408206,157.99248196688004,944.078508852574,107251.77393847992
adi,MINI3,25000,155512,29630.0,467.3,54.5393146464572,60.75,456.74219826287174,51.98664123974794,74.10403341798786,156163.77393847992,341.9079177102922,332.78835865610955,442.81653225782867,107251.77393847992
adi,MINI3,50000,155512,29630.0,281.9,36.5871706016136,36.95,274.08974384765895,37.571878702022865,50.97740901165089,156163.77393847992,569.7541679096058,551.6566158212132,267.1155923401669,107251.77393847992
adi,MINI3,75000,155512,29630.0,220.0,32.44915050384297,29.1,206.95734222744858,31.616794156604765,41.924054551417605,156163.77393847992,754.5698657400329,706.8727272727273,202.30538257752204,107251.77393847992
adi,MINI3,100000,155512,29630.0,179.75,24.84027925938456,24.2,169.89075571326737,28.26383744906591,36.56867563207803,156163.77393847992,919.201125940277,865.1571627260083,166.40083755973012,107251.77393847992
adi,SMALL,100,218216,37468.0,101274.6,343.43181350351824,12815.25,101241.57447109192,296.1793098559062,12554.49356646584,218883.77393847992,2.161994961871904,2.1546962417032502,98866.14761852936,107251.77393847992
adi,SMALL,250,218216,37468.0,67728.3,380.40796659984846,8536.3,67843.14661721763,456.60041365546056,8432.26677805108,218883.77393847992,3.2263210781401215,3.22193233847594,66726.49524248908,107251.77393847992
adi,SMALL,500,218216,37468.0,42034.0,472.01371523338366,5291.75,41920.14993229161,451.97141263597695,5219.906085262525,218883.77393847992,5.2214453977864,5.191416472379502,41308.77539208318,107251.77393847992
adi,SMALL,750,218216,37468.0,30106.7,417.93604396139926,3787.95,30160.574076766654,414.77363518922425,3761.6837701888826,218883.77393847992,7.257281422474343,7.24808763497826,29736.993561246112,107251.77393847992
adi,SMALL,1000,218216,37468.0,23509.9,337.4252197856117,2958.05,23534.49377643573,381.16874097309824,2939.9248131144095,218883.77393847992,9.30055160810982,9.281876996499346,23209.978695924845,107251.77393847992
adi,SMALL,2500,218216,37468.0,10099.45,287.959148235703,1272.0,10171.10422915477,268.6814291253619,1282.495926692627,218883.77393847992,21.52015838271175,21.606721158082863,10035.700657461486,107251.77393847992
adi,SMALL,5000,218216,37468.0,5246.6,216.68419902074797,661.4,5264.197277763031,197.0713741872273,673.5803140174262,218883.77393847992,41.57970577263253,41.59188807989936,5195.450501159614,107251.77393847992
adi,SMALL,7500,218216,37468.0,3582.15,120.79442083665604,452.65,3574.1477876079975,162.89355619463032,463.55812722485473,218883.77393847992,61.240829127820746,60.91760534874307,3528.0751228259787,107251.77393847992
adi,SMALL,10000,218216,37468.0,2708.55,106.40808981908924,342.0,2718.5527264157677,141.9396655242629,357.0892012998922,218883.77393847992,80.51481650939459,80.5656162891584,2683.9063190846027,107251.77393847992
adi,SMALL,25000,218216,37468.0,1165.5,91.73962009261238,147.95,1160.2558554189256,90.7723573290722,162.7420270046863,218883.77393847992,188.65129869088148,187.22951522951524,1146.3301894138826,107251.77393847992
adi,SMALL,50000,218216,37468.0,627.7,62.7468598501362,80.65,635.2679117846242,64.43786166754468,97.06889344170747,218883.77393847992,344.55348661257176,347.6437788752589,628.2937602771322,107251.77393847992
adi,SMALL,75000,218216,37468.0,456.8,59.94172608722399,59.15,458.5780765720464,52.76475300702122,74.876698185151,218883.77393847992,477.3097213339885,477.70577933450085,453.9261169221199,107251.77393847992
adi,SMALL,100000,218216,37468.0,348.0,46.55500425359912,45.3,368.6227227637021,45.906338078595134,63.47828228749541,218883.77393847992,593.7880668273149,627.0574712643678,365.13280461016484,107251.77393847992
adi,SMALL2,100,306561,48511.0,193683.6,250.80762180981614,24366.0,193729.61975594907,246.8639123859489,24115.964287929433,307203.77393847995,1.5857346663121519,1.5827927609771812,191354.1929033865,107251.77393847992
adi,SMALL2,250,306561,48511.0,150001.35,517.1324044035654,18820.05,149704.15029296698,541.6991560432732,18665.351028376244,307203.77393847995,2.0520725266286237,2.0437216065055415,148587.49891823842,107251.77393847992
adi,SMALL2,500,306561,48511.0,100461.45,554.394451536753,12593.9,100598.32275304687,624.1164738614298,12554.987991798218,307203.77393847995,3.0537663604254823,3.0515287207182458,99986.94821283844,107251.77393847992
adi,SMALL2,750,306561,48511.0,74931.55,645.0723725206917,9393.15,74811.94205659808,605.3034563424042,9343.33358603365,307203.77393847995,4.106346734135957,4.091213914566027,74388.36154107754,107251.77393847992
adi,SMALL2,1000,306561,48511.0,59402.15,462.63834630700967,7444.35,59397.11202088049,572.4239815906245,7422.932645030115,307203.77393847995,5.1720321659828405,5.1607728003111,59072.59694036961,107251.77393847992
adi,SMALL2,2500,306561,48511.0,26478.5,431.07033252005135,3319.15,26463.168142837887,425.61009825598944,3319.125040452592,307203.77393847995,11.608730000894582,11.57773287761769,26327.764571144602,107251.77393847992
adi,SMALL2,5000,306561,48511.0,13630.8,372.10519169209476,1710.45,13773.303867699055,317.94777106259284,1737.5779445134008,307203.77393847995,22.304290741666538,22.49031604894797,13704.557091095638,107251.77393847992
adi,SMALL2,7500,306561,48511.0,9339.45,301.55482612270515,1172.15,9330.979419088622,264.431742400951,1183.7381203311375,307203.77393847995,32.92299341160536,32.824309782695984,9284.906754306603,107251.77393847992
adi,SMALL2,10000,306561,48511.0,7186.25,250.2924342276029,902.85,7068.310463669555,231.12991058873146,901.4970129716945,307203.77393847995,43.462122315860086,42.659384240737516,7033.66405633839,107251.77393847992
adi,SMALL2,25000,306561,48511.0,2937.4,152.07006695322366,369.95,2923.829230352829,148.6377978467007,383.8451323378269,307203.77393847995,105.06898650213185,104.36474433172192,2909.903564347786,107251.77393847992
adi,SMALL2,50000,306561,48511.0,1522.8,94.62146190284524,192.55,1521.327709722957,105.69095426617586,208.27917160994596,307203.77393847995,201.93136033420677,201.3140267927502,1514.353558215465,107251.77393847992
adi,SMALL2,75000,306561,48511.0,1048.9,51.69638081600765,133.05,1051.430684733827,86.45742034281825,149.38466067970117,307203.77393847995,292.17691512993036,292.26904376012965,1046.7787250839006,107251.77393847992
adi,SMALL2,100000,306561,48511.0,821.95,90.10839963183524,104.65,815.9993820994018,74.94577520817978,119.85909912489663,307203.77393847995,376.47549823886703,372.9679420889348,812.5094639458646,107251.77393847992
adi,SMALL3,100,559993,80190.0,448116.4,199.53271727502215,56170.95,448067.53517966415,225.41105807655444,55908.45817703054,560643.77393848,1.2512483719974836,1.2496596866349903,445692.10832710157,107251.77393847992
adi,SMALL3,250,559993,80190.0,380092.0,663.7187102348304,47582.15,380254.4270488631,689.8745451831977,47484.496346880966,560643.77393848,1.4743911814245272,1.473309093587868,379137.77567413455,107251.77393847992
adi,SMALL3,500,559993,80190.0,274620.85,1060.8319116320172,34365.3,274466.5635356029,917.872665390907,34288.79327145602,560643.77393848,2.0426669344215225,2.0391496130028,273855.18899539445,107251.77393847992
adi,SMALL3,750,559993,80190.0,210897.35,1035.0735684506994,26387.9,210500.26838818338,938.9631059211468,26304.58559074947,560643.77393848,2.663387454236387,2.655287038931499,210076.68787266285,107251.77393847992
adi,SMALL3,1000,559993,80190.0,169732.25,798.8081170686327,21235.75,169959.3610229006,913.0926184752055,21243.38374537124,560643.77393848,3.298693114425971,3.299272825288064,169634.8459423897,107251.77393847992
adi,SMALL3,2500,559993,80190.0,78347.9,672.1971750202947,9803.05,78173.68704228065,715.564813966782,9783.01856468472,560643.77393848,7.171770900805187,7.147517674372894,78038.28347058737,107251.77393847992
adi,SMALL3,5000,559993,80190.0,41020.3,464.42347961860395,5132.85,41068.743686955866,544.4031167218593,5149.619492267514,560643.77393848,13.651349508325719,13.651606643539905,40999.99691035245,107251.77393847992
adi,SMALL3,7500,559993,80190.0,27620.95,473.3583793101762,3456.9,27864.260465990978,455.5722520669955,3500.6774403544787,560643.77393848,20.120533061437595,20.27421214693919,27818.18780120896,107251.77393847992
adi,SMALL3,10000,559993,80190.0,21166.75,373.3104923307285,2649.9,21096.966453709494,399.43448820791497,2655.556180261095,560643.77393848,26.574615604979623,26.456258046228164,21062.32004637833,107251.77393847992
adi,SMALL3,25000,559993,80190.0,8619.1,208.70298714226692,1080.3,8630.280897917588,258.3145753874917,1098.1554505231604,560643.77393848,64.9624016379071,64.97116868350524,8616.355231912545,107251.77393847992
adi,SMALL3,50000,559993,80190.0,4379.15,228.58104056387336,549.7,4390.933903947859,184.02215664447465,567.8917912859625,560643.77393848,127.68212553470889,127.87709943710539,4383.959752440367,107251.77393847992
adi,SMALL3,75000,559993,80190.0,3005.15,91.75727419894869,377.6,2968.2148539573,150.62804854421972,389.727991849024,560643.77393848,188.88247701847303,186.34444204116267,2963.5628943073734,107251.77393847992
adi,SMALL3,100000,559993,80190.0,2226.2,135.55639727473306,280.05,2255.022836845653,130.61045060622286,300.3579733563541,560643.77393848,248.6199983334598,251.5465816189022,2251.532918692116,107251.77393847992
atax,MEDIUM,100,1395735,184656.0,50100.55,508.0500881854699,6419.15,50035.1402187364,549.1340913274048,6156.0786947244715,1396240.6614738326,27.905201331902923,27.85867620215746,47657.90828813486,107244.66147383262
atax,MEDIUM,250,1395735,184656.0,25346.0,393.7749824990227,3236.9,25285.29273662553,359.0516143583397,3113.1085167931187,1396240.6614738326,55.21947782124705,55.067268997080404,24167.77895448059,107244.66147383262
atax,MEDIUM,500,1395735,184656.0,15603.5,369.1935022522243,1986.75,15547.403358579719,273.756011126743,1923.659854653752,1396240.6614738326,89.80539253220877,89.45012336975678,14936.734135297836,107244.66147383262
atax,MEDIUM,750,1395735,184656.0,11588.5,303.1088913245535,1474.05,11553.773630644899,240.32366909188707,1436.0600923321063,1396240.6614738326,120.84715402165088,120.44138585666825,11130.784245813174,107244.66147383262
atax,MEDIUM,1000,1395735,184656.0,9259.9,196.12157883366748,1176.0,9256.0557954359,220.4798308012573,1155.2745483821786,1396240.6614738326,150.8461803095774,150.72894955669068,8931.924008091337,107244.66147383262
atax,MEDIUM,2500,1395735,184656.0,4271.0,178.65933475398623,542.2,4286.606335842604,163.8323457198194,546.9979163198248,1396240.6614738326,325.72169032624225,326.79349098571765,4151.074372252162,107244.66147383262
atax,MEDIUM,5000,1395735,184656.0,2280.4,132.15636671442613,290.65,2286.502653163809,124.85572859078597,301.74159493363805,1396240.6614738326,610.6446714775815,612.057095246448,2217.478279195887,107244.66147383262
atax,MEDIUM,7500,1395735,184656.0,1585.25,132.9075163214513,202.75,1569.359582248883,104.80381767415288,213.74251069893268,1396240.6614738326,889.6881742506889,880.451032960101,1522.9704318409608,107244.66147383262
atax,MEDIUM,10000,1395735,184656.0,1233.45,119.89182624349328,158.05,1200.3241680336982,92.0750501925744,168.44648360819633,1396240.6614738326,1163.21965237197,1131.569986622887,1165.3446313892614,107244.66147383262
atax,MEDIUM,25000,1395735,184656.0,502.4,81.04670518320057,65.65,517.4652525979284,59.81180425383011,84.6036961811212,1396240.6614738326,2698.2307593872674,2778.1349522292994,503.18393536986514,107244.66147383262
atax,MEDIUM,50000,1395735,184656.0,288.7,55.65977475983701,38.3,283.84325791845225,42.71314647976987,55.78143024923225,1396240.6614738326,4919.055226863871,4834.5514374783515,276.53194245736796,107244.66147383262
atax,MEDIUM,75000,1395735,184656.0,207.35,35.28720507641918,28.0,204.5085961493556,35.06149898392106,45.7693098687452,1396240.6614738326,6827.295711590224,6731.29973474801,199.5550400900333,107244.66147383262
atax,MEDIUM,100000,1395735,184656.0,155.45,31.74482966604666,21.35,164.06581229073723,30.517949436331023,40.502060930447094,1396240.6614738326,8510.247454842005,8978.674815053073,160.30863627990692,107244.66147383262
atax,MINI,100,120601,25264.0,3288.9,151.9642963607605,568.45,3315.7433130658032,103.93137006921427,316.1540813463463,121104.66147383262,36.5241365327091,36.669099090881446,938.5113824642623,107244.66147383262
atax,MINI,250,120601,25264.0,1569.65,100.30809118857132,262.5,1578.0745123333518,71.45703747972303,149.7020050647491,121104.66147383262,76.74204261417697,76.83305195425731,460.560730188409,107244.66147383262
atax,MINI,500,120601,25264.0,874.6,58.48742554915904,144.95,876.6012862255086,52.745314032322,89.68744490259772,121104.66147383262,138.1525025993152,137.89275097187286,265.932062943626,107244.66147383262
atax,MINI,750,120601,25264.0,604.85,74.03717060760053,100.25,618.1552004103999,43.836772013821744,68.73273425509868,121104.66147383262,195.91303509770674,199.38993138794743,195.16581557867488,107244.66147383262
atax,MINI,1000,120601,25264.0,475.55,39.22737363251921,77.3,482.2210891146291,38.37520849380136,57.88105781124848,121104.66147383262,251.13928902650036,253.6031962990222,158.0893017700662,107244.66147383262
atax,MINI,2500,120601,25264.0,214.05,42.346285489247364,35.4,220.12930682935936,25.24544290962052,36.24531141870417,121104.66147383262,550.1523773375209,563.4244335435645,84.59734323891752,107244.66147383262
atax,MINI,5000,120601,25264.0,122.95,23.21404973853459,20.3,121.98476203935418,18.75850274737215,25.698169858387956,121104.66147383262,992.785159795306,980.8946726311508,52.96038807143215,107244.66147383262
atax,MINI,7500,120601,25264.0,84.6,21.33788328672492,14.3,85.90022921168472,15.838571270665808,20.371612493772247,121104.66147383262,1409.8293169322435,1425.5437352245863,39.51107880376252,107244.66147383262
atax,MINI,10000,120601,25264.0,66.25,26.767763408524385,11.35,66.68675444467584,14.034441974520954,16.936834897328488,121104.66147383262,1816.0227241873429,1820.3924528301886,31.707217800239015,107244.66147383262
atax,MINI,25000,120601,25264.0,29.35,14.521399816532115,4.95,28.98585842994202,9.401737899528637,8.453378835843816,121104.66147383262,4178.060200167577,4109.0630323679725,14.7045412018788,107244.66147383262
atax,MINI,50000,120601,25264.0,12.6,8.324978267713059,2.4,15.108054955558016,6.823238370842412,4.606877243166793,121104.66147383262,8015.900248580981,9571.507936507936,7.796739494473726,107244.66147383262
atax,MINI,75000,120601,25264.0,7.95,6.565259444907518,1.6,10.260671709464141,5.62558959915286,3.165673593058669,121104.66147383262,11802.80052836397,15169.937106918238,5.307115650141814,107244.66147383262
atax,MINI,100000,120601,25264.0,6.2,5.257575987387904,1.05,7.780136594445392,4.896749247713645,2.41121896402798,121104.66147383262,15565.878568288244,19451.774193548386,4.022960583615087,107244.66147383262
atax,MINI2,100,130562,26509.0,3859.2,139.65091817588757,642.7,3884.81012005957,115.9463051313706,387.28743238986533,131056.66147383262,33.73566723302888,33.831364013267,1507.578189458029,107244.66147383262
atax,MINI2,250,130562,26509.0,1875.85,125.43577723491133,303.3,1862.8761731500433,81.92508303164541,185.3064155135368,131056.66147383262,70.35178363585028,69.60151398032892,745.3623910051006,107244.66147383262
atax,MINI2,500,130562,26509.0,1076.55,93.9789870130552,170.05,1033.511401724848,61.67810219058633,109.4129089958596,131056.66147383262,126.80717528138491,121.27815707584413,422.8421784429654,107244.66147383262
atax,MINI2,750,130562,26509.0,743.75,46.42126894567097,117.3,727.1958463403519,51.64567861775366,82.66519746265686,131056.66147383262,180.22196102106685,175.5455462184874,304.20646150862683,107244.66147383262
atax,MINI2,1000,130562,26509.0,548.05,50.77761110443938,88.0,566.3690463194818,45.35505390617347,68.8721033064179,131056.66147383262,231.397994515232,238.23008849557525,242.23725897491892,107244.66147383262
atax,MINI2,2500,130562,26509.0,279.95,44.26650747699131,43.5,258.99254392000415,29.721790348199814,42.370620168096416,131056.66147383262,506.0248433804816,466.3761385961779,123.46058032956229,107244.66147383262
atax,MINI2,5000,130562,26509.0,151.05,29.166446114454335,23.45,146.5056318773699,21.83891783568353,31.32349275009499,131056.66147383262,894.5503308946609,864.362793776895,77.48125790944786,107244.66147383262
atax,MINI2,7500,130562,26509.0,102.3,23.21546671374156,17.1,105.3126779749118,18.439757820424006,26.047085908854257,131056.66147383262,1244.4528426582572,1276.2658846529814,58.923527566989605,107244.66147383262
atax,MINI2,10000,130562,26509.0,87.8,18.54042524919676,14.85,83.14008377461371,16.40622072903098,22.51181593541756,131056.66147383262,1576.3354512501696,1487.0387243735763,48.16054713017688,107244.66147383262
atax,MINI2,25000,130562,26509.0,40.65,16.033763717460985,6.75,38.033501612298,11.2563016791074,12.593100565760883,131056.66147383262,3445.821602485739,3211.8573185731857,23.75218438423478,107244.66147383262
atax,MINI2,50000,130562,26509.0,18.05,9.654423583872944,3.2,20.339825448207744,8.30976993249417,7.2657569087562655,131056.66147383262,6443.352319200004,7233.351800554016,13.028509987123453,107244.66147383262
atax,MINI2,75000,130562,26509.0,9.55,8.055563621693883,1.8,13.94209113128137,6.902491115075583,5.103057429437277,131056.66147383262,9400.07207238701,13671.413612565444,8.988535071959042,107244.66147383262
atax,MINI2,100000,130562,26509.0,8.15,6.335156708899614,1.6,10.619978259740229,6.033218510148115,3.931890233542363,131056.66147383262,12340.577190318876,16019.877300613496,6.862802248909924,107244.66147383262
atax,MINI3,100,165206,30840.0,5666.75,179.8083409458087,864.75,5652.017111992449,147.35509727850388,608.1883063814759,165728.66147383262,29.322038166195494,29.15357127101072,3274.785181390908,107244.66147383262
atax,MINI3,250,165206,30840.0,2806.7,149.40552374767074,419.9,2788.160606568994,107.10596117082966,300.96700053605036,165728.66147383262,59.44014167740936,58.861296184130836,1670.6468244240514,107244.66147383262
atax,MINI3,500,165206,30840.0,1555.05,115.08371095127144,230.25,1559.2008956029981,83.6382266085641,175.13454487406122,165728.66147383262,106.29076852199952,106.23838461785795,948.5316723211156,107244.66147383262
atax,MINI3,750,165206,30840.0,1084.9,87.2382702113796,162.25,1095.064817216976,71.28505723863178,128.72125637034557,165728.66147383262,151.34141730077621,152.2776292745875,672.075432385251,107244.66147383262
atax,MINI3,1000,165206,30840.0,862.05,53.58856417675618,127.15,849.7231677383379,63.20904501147252,104.48037666497845,165728.66147383262,195.03841694106518,191.6431761498753,525.5913803937751,107244.66147383262
atax,MINI3,2500,165206,30840.0,381.85,39.335634039165534,55.9,381.2322469982337,41.915473014795325,58.6300379170916,165728.66147383262,434.7183712258225,432.64632709178994,245.70028340779186,107244.66147383262
atax,MINI3,5000,165206,30840.0,214.4,33.04287485899749,32.4,214.38921454712346,30.337798546103212,41.87384941046252,165728.66147383262,773.0270472043961,770.5503731343283,145.36484057920143,107244.66147383262
atax,MINI3,7500,165206,30840.0,169.65,29.654634855635173,25.65,155.89739975850267,25.187510224115993,35.534964136143515,165728.66147383262,1063.0623841742026,973.804892425582,109.50824935058048,107244.66147383262
atax,MINI3,10000,165206,30840.0,116.05,28.772199667112876,18.35,125.17918578867354,22.178992580023923,31.832838702195723,165728.66147383262,1323.9314541765305,1423.5760448082724,90.1996491442367,107244.66147383262
atax,MINI3,25000,165206,30840.0,57.05,15.191670155228591,8.75,62.51423363558098,15.276968589002024,21.42886446665745,165728.66147383262,2651.0548372059943,2895.8106923751097,48.23291640751776,107244.66147383262
atax,MINI3,50000,165206,30840.0,34.0,13.62273641264563,5.55,35.82824562255363,11.610740287846726,14.204946671674547,165728.66147383262,4625.642662489385,4859.0,28.51693016146934,107244.66147383262
atax,MINI3,75000,165206,30840.0,24.4,14.579726370979381,4.1,25.35227503904533,9.815153470751309,10.61821396014314,165728.66147383262,6537.033115118545,6770.737704918033,20.398718979723004,107244.66147383262
atax,MINI3,100000,165206,30840.0,15.15,8.934115571931647,2.8,19.660718406123543,8.674058334354566,8.47243078214188,165728.66147383262,8429.430606269943,10904.686468646865,15.903542395293238,107244.66147383262
atax,SMALL,100,224842,38295.0,8332.95,201.63971909271578,1201.9,8333.7994129094,187.60419585958343,943.4110939960947,225344.66147383262,27.039847050405893,26.982281184934504,5956.567482307859,107244.66147383262
atax,SMALL,250,224842,38295.0,4231.65,137.83028274695405,598.45,4235.0704129028945,135.55198666377842,481.8307263277889,225344.66147383262,53.20918886903983,53.133411317098535,3117.5566307579516,107244.66147383262
atax,SMALL,500,224842,38295.0,2386.45,89.1559691894226,335.05,2413.323924471815,108.3024582946311,281.8999253902633,225344.66147383262,93.37522376866669,94.21609503656059,1802.6547011899324,107244.66147383262
atax,SMALL,750,224842,38295.0,1729.55,81.11231654155145,241.45,1703.2051427368149,93.75183892063663,204.73903133177694,225344.66147383262,132.30623594274437,130.00028909253854,1280.21575790509,107244.66147383262
atax,SMALL,1000,224842,38295.0,1308.4,87.4037214671995,182.6,1322.1147379328077,83.94334196944145,163.5319146400954,225344.66147383262,170.44259095558547,171.84500152858453,997.9829505882449,107244.66147383262
atax,SMALL,2500,224842,38295.0,575.2,64.68270736123333,81.45,583.9199949132695,56.80058057903097,84.15203568563177,225344.66147383262,385.9170150652289,390.8936022253129,448.3880313228277,107244.66147383262
atax,SMALL,5000,224842,38295.0,305.8,46.98891246599395,44.05,320.2727737510411,41.212844315566684,55.774839590289126,225344.66147383262,703.6023038567764,735.2583387835186,251.24839978311905,107244.66147383262
atax,SMALL,7500,224842,38295.0,234.7,39.018349259641525,33.6,229.3911550938679,34.031923761897765,45.74510270029968,225344.66147383262,982.3598533327083,957.997443544951,183.0020046859457,107244.66147383262
atax,SMALL,10000,224842,38295.0,188.25,33.89437928873195,27.25,182.84564465876792,29.721581267748473,40.427597530601204,225344.66147383262,1232.4311136553329,1194.3798140770252,147.8661080143311,107244.66147383262
atax,SMALL,25000,224842,38295.0,95.9,26.157216977346806,14.4,93.06766579143326,19.740291136948816,28.674775625179254,225344.66147383262,2421.299165048741,2344.5464025026067,78.78634856337004,107244.66147383262
atax,SMALL,50000,224842,38295.0,50.9,15.193142497435097,8.1,56.22603502834038,14.987989964440178,21.254785061722384,225344.66147383262,4007.8348288341704,4417.328094302554,48.914719567256085,107244.66147383262
atax,SMALL,75000,224842,38295.0,39.05,15.295252101292911,6.25,41.2083434728731,12.809698907459092,17.01900668941662,225344.66147383262,5468.423199835101,5757.797695262484,36.25478741355078,107244.66147383262
atax,SMALL,100000,224842,38295.0,27.55,9.735853434869648,4.6,32.713749264183186,11.431845592794161,14.1904545629963,225344.66147383262,6888.3777170888925,8161.234119782214,28.95657325335288,107244.66147383262
atax,SMALL2,100,278411,44991.0,10580.4,310.4944104929562,1482.3,10562.960214890447,217.3447686698818,1222.0561942437257,278880.6614738326,26.4017525201599,26.313844467127897,8185.728284288906,107244.66147383262
atax,SMALL2,250,278411,44991.0,5437.95,159.95607127221564,749.75,5439.552885780062,154.97967023695566,632.391035437435,278880.6614738326,51.26904128515327,51.197785930359785,4322.039103635119,107244.66147383262
atax,SMALL2,500,278411,44991.0,3074.1,89.37496411482536,421.55,3142.4782013364147,124.60131365097283,373.04420999833894,278880.6614738326,88.74545616743877,90.56666991965129,2531.808978054532,107244.66147383262
atax,SMALL2,750,278411,44991.0,2208.75,95.04396489603054,301.75,2229.748754047495,108.70146831630838,270.556982757429,278880.6614738326,125.07268407151324,126.04912280701754,1806.7593692157698,107244.66147383262
atax,SMALL2,1000,278411,44991.0,1737.4,127.40090059997301,236.05,1734.5546295883469,97.86696702164033,215.08690264925764,278880.6614738326,160.77940510874424,160.24576954069298,1410.422842243784,107244.66147383262
atax,SMALL2,2500,278411,44991.0,761.35,60.75773721575671,104.55,763.4600999466207,67.09740998875559,106.60393550856375,278880.6614738326,365.28518188878667,365.6806987587837,627.9281363561789,107244.66147383262
atax,SMALL2,5000,278411,44991.0,390.05,56.665663045808024,54.2,413.2423072404587,48.90767456093851,67.53448602747255,278880.6614738326,674.8598983877919,713.7828483527753,344.21793327253664,107244.66147383262
atax,SMALL2,7500,278411,44991.0,289.6,37.662490064980254,40.35,292.744943458821,40.390923624792464,53.96070708474589,278880.6614738326,952.6404049163752,961.363950276243,246.3557930508988,107244.66147383262
atax,SMALL2,10000,278411,44991.0,230.15,42.938481085091226,32.3,231.3712818266793,35.229369670669485,46.90931310150357,278880.6614738326,1205.3382739295307,1209.6936780360634,196.39174518224246,107244.66147383262
atax,SMALL2,25000,278411,44991.0,117.35,22.212549795578457,17.7,115.87992594129618,23.010247238344945,32.62387587690889,278880.6614738326,2406.634792078753,2372.484022155944,101.59860871323296,107244.66147383262
atax,SMALL2,50000,278411,44991.0,68.8,18.509172690431374,10.25,70.99024153237826,17.214991529381656,25.11450922393536,278880.6614738326,3928.4365773940444,4046.671511627907,63.67892607129397,107244.66147383262
atax,SMALL2,75000,278411,44991.0,47.7,12.528283790561343,7.65,52.90443032859817,14.706519259193861,20.843161602248582,278880.6614738326,5271.4046771066,5836.70859538784,47.95087426927584,107244.66147383262
atax,SMALL2,100000,278411,44991.0,37.85,14.787174385790866,6.25,42.567773705613654,13.163975584930437,17.85166725184253,278880.6614738326,6551.450479944998,7355.640686922061,38.81059769478335,107244.66147383262
atax,SMALL3,100,451051,66571.0,17256.4,277.83702151857983,2315.25,17236.194541705256,293.4853462157452,2056.2104850955766,451552.6614738326,26.19793251818092,26.138186411997864,14858.962611103714,107244.66147383262
atax,SMALL3,250,451051,66571.0,8952.2,214.63104204780424,1185.75,8990.21953695034,202.36621642216244,1076.2243668337196,451552.6614738326,50.227100641750084,50.384374790554276,7872.705754805398,107244.66147383262
atax,SMALL3,500,451051,66571.0,5379.05,146.31777781685705,708.35,5341.202640705521,162.24105342723544,647.8847649194773,451552.6614738326,84.54138362632632,83.85328264284585,4730.533417423639,107244.66147383262
atax,SMALL3,750,451051,66571.0,3840.5,138.44265390786407,505.95,3844.012930691631,143.1246934706784,472.3400048379477,451552.6614738326,117.46907973917439,117.44590548105715,3421.023545859906,107244.66147383262
atax,SMALL3,1000,451051,66571.0,3014.75,169.94267609371906,396.4,3012.4585810087974,130.14632475974207,374.8248965787905,451552.6614738326,149.8950605729553,149.61472758935236,2688.3267936642346,107244.66147383262
atax,SMALL3,2500,451051,66571.0,1328.05,68.86101563064697,174.5,1332.878776328905,91.70677021390878,177.78197125274372,451552.6614738326,338.779992219192,339.6340499228192,1197.346812738463,107244.66147383262
atax,SMALL3,5000,451051,66571.0,689.9,86.97543512848597,91.6,709.5059857793365,67.65475307544658,104.61634195288765,451552.6614738326,636.4324903867267,653.7918538918684,640.4816118114145,107244.66147383262
atax,SMALL3,7500,451051,66571.0,495.95,74.35298103959038,66.0,493.4857682226477,56.06983594573173,79.24666150626419,451552.6614738326,915.026715157678,909.4686964411735,447.09661781472556,107244.66147383262
atax,SMALL3,10000,451051,66571.0,386.65,50.105441452579726,51.95,383.74752490206833,48.93526778816631,66.3259837447032,451552.6614738326,1176.6920492557392,1166.5614897193846,348.7679882576315,107244.66147383262
atax,SMALL3,25000,451051,66571.0,188.65,36.791410610859195,26.25,181.5310311322806,31.54917232982791,41.97775475818409,451552.6614738326,2487.4681681546163,2390.940895838855,167.24971390421737,107244.66147383262
atax,SMALL3,50000,451051,66571.0,104.85,21.602326872718816,15.1,109.58375223942271,22.870280343510398,32.365891450375514,451552.6614738326,4120.616900279736,4301.869337148308,102.27243677833842,107244.66147383262
atax,SMALL3,75000,451051,66571.0,80.0,15.297058540778357,11.85,82.78671446712563,19.213409364504933,27.99690824000011,451552.6614738326,5454.409736880461,5638.1375,77.83315840780331,107244.66147383262
atax,SMALL3,100000,451051,66571.0,64.55,13.911279028562626,9.75,67.8213130975182,17.10672448841937,25.01444498683674,451552.6614738326,6657.975802157632,6987.621998450813,64.0641370866879,107244.66147383262
bicg,MEDIUM,100,1398879,185050.0,53037.45,501.88544247509515,6789.25,53108.610734000045,549.5475087995375,6538.005784280162,1399374.9300263505,26.34930401465902,26.37530650512044,50735.27861950644,107242.93002635064
bicg,MEDIUM,250,1398879,185050.0,27735.1,420.5291028166644,3535.55,27713.638005600256,365.42678414862144,3416.211475549148,1399374.9300263505,50.49408994025146,50.437135615159136,26601.384070499244,107242.93002635064
bicg,MEDIUM,500,1398879,185050.0,16982.9,294.2632011974094,2158.35,16965.518333574404,288.1842111742344,2100.6290338784775,1399374.9300263505,82.48347633782677,82.36985438293813,16356.878292080852,107242.93002635064
bicg,MEDIUM,750,1398879,185050.0,12493.65,249.16392300314212,1588.05,12438.025899072514,255.95195056433332,1546.3711186003409,1399374.9300263505,112.50779998220618,111.96719933726334,12016.199604615857,107242.93002635064
bicg,MEDIUM,1000,1398879,185050.0,9923.55,257.6310039776392,1260.1,9853.423330495803,234.91719013432876,1229.776243885583,1399374.9300263505,142.01916258843383,140.96558187342234,9530.13293361118,107242.93002635064
bicg,MEDIUM,2500,1398879,185050.0,4468.85,140.82399429224085,568.1,4427.348365281132,170.74432392338412,564.5409286526219,1399374.9300263505,316.0751796719054,313.02885529834293,4292.29661551158,107242.93002635064
bicg,MEDIUM,5000,1398879,185050.0,2321.5,129.92042098713227,296.35,2331.8704649315446,127.88001344413095,307.40967010671795,1399374.9300263505,600.1083469563268,602.5754899849236,2263.2619528790465,107242.93002635064
bicg,MEDIUM,7500,1398879,185050.0,1622.95,120.11112179539147,208.15,1594.5713359982701,106.57402423722877,216.90725295238855,1399374.9300263505,877.5869090549542,861.9359807757478,1548.5810847204216,107242.93002635064
bicg,MEDIUM,10000,1398879,185050.0,1213.0,69.94509124644618,155.8,1218.1155050325247,93.26901281318472,170.69184202171778,1399374.9300263505,1148.8031506412735,1153.2390766694148,1183.5270319063943,107242.93002635064
bicg,MEDIUM,25000,1398879,185050.0,544.6,54.854256659663285,71.65,526.8592532094113,60.138979879184085,85.81959457702014,1399374.9300263505,2656.069759621626,2568.6356959236136,512.9538187140323,107242.93002635064
bicg,MEDIUM,50000,1398879,185050.0,304.55,38.80243481237255,41.1,292.09336107136255,42.83559783569924,56.979857614844306,1399374.9300263505,4790.848120935085,4593.265473649647,285.1288125623723,107242.93002635064
bicg,MEDIUM,75000,1398879,185050.0,202.35,22.983460872640798,27.9,212.56816510868848,35.14946652886497,47.12229877963178,1399374.9300263505,6583.182055087292,6913.165307635286,207.9224918094468,107242.93002635064
bicg,MEDIUM,100000,1398879,185050.0,180.0,34.387880361974524,25.1,171.80312950404442,30.63173212049,41.90548339802001,1399374.9300263505,8145.223745725818,7771.55,168.3178825038271,107242.93002635064
bicg,MINI,100,120961,25310.0,3388.8,131.13657003292408,583.35,3382.28092716668,107.30348022624064,322.2145584259906,121422.93002635064,35.8997175696065,35.694346081208685,1008.9488126730757,107242.93002635064
bicg,MINI,250,120961,25310.0,1644.7,82.20647944753442,276.05,1595.570375798909,73.26568921357828,151.4530132237199,121422.93002635064,76.10001530991929,73.54593542895361,483.3164406978964,107242.93002635064
bicg,MINI,500,120961,25310.0,918.5,72.72768241511402,150.9,887.1124651335465,53.6161349658525,90.82040059572421,121422.93002635064,136.87433645526733,131.6940664126293,278.47242363999436,107242.93002635064
bicg,MINI,750,120961,25310.0,635.55,66.2248760702979,104.7,627.2890822596065,44.398194452214554,69.95026164671476,121422.93002635064,193.56774007442266,190.32491542758243,205.46278780294915,107242.93002635064
bicg,MINI,1000,120961,25310.0,484.9,49.69687059934883,80.95,490.57980433015484,38.817855735612646,59.16649798677783,121422.93002635064,247.50902698113177,249.45555784697876,167.28940744553006,107242.93002635064
bicg,MINI,2500,120961,25310.0,217.6,29.928687171165286,37.45,224.68609837438345,25.733566694020322,36.752034225567876,121422.93002635064,540.411404643422,555.8869485294118,89.63434860483183,107242.93002635064
bicg,MINI,5000,120961,25310.0,118.5,26.533990117940185,20.4,123.48311960434468,19.287658580417176,25.13563082220465,121422.93002635064,983.3160225900095,1020.7679324894515,54.87460755184648,107242.93002635064
bicg,MINI,7500,120961,25310.0,87.1,21.331715947460903,14.9,86.2071542116336,16.312456245357644,19.408407879252824,121422.93002635064,1408.501778498155,1388.760045924225,40.2169029337851,107242.93002635064
bicg,MINI,10000,120961,25310.0,67.6,24.5729847382724,11.1,66.45260530752807,14.450678699582555,15.842990768223562,121422.93002635064,1827.2109793804468,1789.363905325444,31.864132181397824,107242.93002635064
bicg,MINI,25000,120961,25310.0,30.55,16.99682632914621,4.95,28.200293182323108,9.635513008593348,7.551282960523249,121422.93002635064,4305.732895800623,3959.443535188216,14.29485868694407,107242.93002635064
bicg,MINI,50000,120961,25310.0,15.35,11.150997123221998,2.55,14.430521141826162,6.966093021373254,4.032490507133233,121422.93002635064,8414.313581123013,7880.195439739414,7.465972632835894,107242.93002635064
bicg,MINI,75000,120961,25310.0,8.9,7.846554725013492,1.6,9.699265546106314,5.733608908066409,2.7504222547268724,121422.93002635064,12518.7757206106,13591.123595505618,5.053592246864628,107242.93002635064
bicg,MINI,100000,120961,25310.0,7.1,6.942621983083913,1.2,7.304877061991469,4.986053152140091,2.0868658984336705,121422.93002635064,16622.17296689838,17036.76056338028,3.819630061774152,107242.93002635064
bicg,MINI2,100,131010,26566.0,4053.0,111.16890894395559,667.05,4008.365637188385,120.42812477471088,400.47514717870376,131470.93002635066,32.79913608843559,32.32420429311621,1635.0335226947805,107242.93002635064
bicg,MINI2,250,131010,26566.0,1949.05,133.27513093715484,314.95,1896.3117686111375,84.81985610997388,189.04569592508085,131470.93002635066,69.32980757833941,67.21736230471255,784.0578335101247,107242.93002635064
bicg,MINI2,500,131010,26566.0,1094.15,92.75847244605916,173.1,1048.858665601764,63.12398509606244,111.04652020099212,131470.93002635066,125.34665950528382,119.73678197687701,440.21862410821177,107242.93002635064
bicg,MINI2,750,131010,26566.0,743.25,60.83184328864891,117.3,738.6586391494642,52.54798405006357,83.94741233045835,131470.93002635066,177.98604532363441,176.26639757820382,316.8323446928068,107242.93002635064
bicg,MINI2,1000,131010,26566.0,592.7,45.98409335960931,94.4,576.3853896646153,45.99529724871129,70.1263585195241,131470.93002635066,228.09552841519874,221.039311624768,253.0949927799906,107242.93002635064
bicg,MINI2,2500,131010,26566.0,290.3,48.482335361503196,46.25,266.1001102500512,30.09002808253426,43.60328622763333,131470.93002635066,494.06567288833116,451.291767137444,131.04836048049964,107242.93002635064
bicg,MINI2,5000,131010,26566.0,154.45,32.18446012727588,24.6,150.3641149311385,22.35728768915833,31.61959938314096,131470.93002635066,874.3504398410469,848.2356749757204,81.75560287864027,107242.93002635064
bicg,MINI2,7500,131010,26566.0,106.25,22.0427216774011,17.75,107.35780004365475,18.9956875605699,25.690892616046497,131470.93002635066,1224.60529158469,1233.035294117647,61.367548765806255,107242.93002635064
bicg,MINI2,10000,131010,26566.0,97.2,28.292829666300893,15.45,84.15614303516293,16.942957932181606,21.783410888310698,131470.93002635066,1562.2261820081062,1347.8395061728395,49.56766990903268,107242.93002635064
bicg,MINI2,25000,131010,26566.0,38.85,15.322068707380351,6.35,37.40684082420873,11.608553077982931,11.488336047013986,131470.93002635066,3514.6226500171624,3372.200772200772,23.501406328829688,107242.93002635064
bicg,MINI2,50000,131010,26566.0,18.35,11.54522001796232,3.2,19.574224296310867,8.528701693675426,6.425438525626929,131470.93002635066,6716.533336706929,7139.509536784741,12.609675787320597,107242.93002635064
bicg,MINI2,75000,131010,26566.0,14.35,8.505570929814485,2.35,13.268627869014086,7.065803032590052,4.45824798546175,131470.93002635066,9908.404344760593,9129.616724738677,8.6229545697724,107242.93002635064
bicg,MINI2,100000,131010,26566.0,9.6,6.79318543991349,1.5,10.03774522749485,6.166268232690898,3.41290776723732,131470.93002635066,13097.655603594378,13646.875,6.552498227277534,107242.93002635064
bicg,MINI3,100,165910,30929.0,5962.85,154.4767994844125,901.7,5971.359070548109,152.93936698089414,645.8493263486693,166382.93002635066,27.86349440062703,27.823943248614334,3598.026956054505,107242.93002635064
bicg,MINI3,250,165910,30929.0,2946.95,124.58033763927523,438.25,2889.4714335897606,112.64934112539106,313.19065404783595,166382.93002635066,57.582479650834735,56.29888528817931,1777.2174984887479,107242.93002635064
bicg,MINI3,500,165910,30929.0,1647.25,57.976288256493284,242.55,1597.1543695524865,86.81639763623039,179.5835383757363,166382.93002635066,104.17460778883272,100.71938078615875,988.5143280589343,107242.93002635064
bicg,MINI3,750,165910,30929.0,1115.95,65.8335021094883,163.9,1117.6166228071706,73.33149882191609,131.31995903959805,166382.93002635066,148.87299153482414,148.67153546305838,695.7903283505134,107242.93002635064
bicg,MINI3,1000,165910,30929.0,874.75,76.06498260663292,128.05,866.2561179777821,64.66193002684318,106.38033883383278,166382.93002635066,192.07128997225516,189.66561874821377,542.9657210931573,107242.93002635064
bicg,MINI3,2500,165910,30929.0,427.5,47.383652521896096,63.8,390.6563920732718,42.36865213649995,59.93278632521193,166382.93002635066,425.9060734763141,388.093567251462,255.60464230372017,107242.93002635064
bicg,MINI3,5000,165910,30929.0,232.5,50.82840068101172,34.85,222.1300645218356,30.61645747114693,43.26094798355488,166382.93002635066,749.0338166718312,713.5913978494624,153.5215524693374,107242.93002635064
bicg,MINI3,7500,165910,30929.0,171.05,36.78740488121903,26.2,162.12267823766416,25.549501108913066,36.60919018387916,166382.93002635066,1026.277950962796,969.9503069277988,116.13242695981567,107242.93002635064
bicg,MINI3,10000,165910,30929.0,130.4,22.186767037559743,20.2,130.05759445877052,22.635985903050592,32.495420821547185,166382.93002635066,1279.30191788297,1272.3159509202453,95.46912133264027,107242.93002635064
bicg,MINI3,25000,165910,30929.0,68.8,25.710124976666087,11.05,63.49618495025516,15.832777942579849,20.68736313301205,166382.93002635066,2620.3610525057543,2411.482558139535,49.59075045487612,107242.93002635064
bicg,MINI3,50000,165910,30929.0,33.75,13.912792296073574,5.55,35.40677434078347,12.027440314807766,13.075807754921083,166382.93002635066,4699.183507227927,4915.851851851852,28.442225831793202,107242.93002635064
bicg,MINI3,75000,165910,30929.0,22.75,10.871861313549426,3.7,24.675985860682626,10.138212030440405,9.551681333099964,166382.93002635066,6742.706490663709,7292.747252747253,20.03031256144094,107242.93002635064
bicg,MINI3,100000,165910,30929.0,17.55,8.165878945182106,3.05,18.95741705112107,8.938391758680792,7.520336366668014,166382.93002635066,8776.666651246744,9453.561253561253,15.47217005090375,107242.93002635064
bicg,SMALL,100,225834,38420.0,8989.25,131.8227977248246,1284.25,8947.875104419589,192.7374485529592,1017.9138305826041,226286.93002635066,25.28946005455325,25.122674305420365,6574.542989925983,107242.93002635064
bicg,SMALL,250,225834,38420.0,4559.75,105.44935177360591,640.75,4469.669301771558,143.543718208994,510.7153875705606,226286.93002635066,50.627219766943746,49.52771533527057,3357.415366670545,107242.93002635064
bicg,SMALL,500,225834,38420.0,2488.75,118.3940232310825,348.6,2500.890652768072,113.75078584453324,292.5505737776862,226286.93002635066,90.48253660186562,90.74193872425917,1892.25061127452,107242.93002635064
bicg,SMALL,750,225834,38420.0,1750.2,91.33201433290118,243.95,1751.1323599523244,97.45594984396034,210.509426210317,226286.93002635066,129.22320162738094,129.03325334247515,1329.306065495667,107242.93002635064
bicg,SMALL,1000,225834,38420.0,1366.7,109.75815519394882,191.55,1354.0013802697172,86.63721783521119,167.34850010732097,226286.93002635066,167.12459331560967,165.24035999121972,1030.7109833850925,107242.93002635064
bicg,SMALL,2500,225834,38420.0,615.85,64.1644884569913,86.85,596.0746409299934,57.650787480428995,85.63165791504072,226286.93002635066,379.62851376012014,366.70293090850043,461.0228911604418,107242.93002635064
bicg,SMALL,5000,225834,38420.0,337.2,41.88907658139655,47.9,329.28266154809495,41.5505835443934,57.06605150565991,226286.93002635066,687.2117984059092,669.7330960854093,260.67414949559674,107242.93002635064
bicg,SMALL,7500,225834,38420.0,237.8,37.80643220127328,34.1,237.6886971324355,34.257516081264896,47.14791838608208,226286.93002635066,952.0306718676993,949.6804037005887,191.698445854587,107242.93002635064
bicg,SMALL,10000,225834,38420.0,187.35,40.01746329318055,27.6,190.51057149813371,29.94741428426398,41.82581950951665,226286.93002635066,1187.7919857511288,1205.412329863891,155.92209837200346,107242.93002635064
bicg,SMALL,25000,225834,38420.0,94.15,26.63649060178438,14.3,96.9158138041863,20.25250937660796,28.98733947603906,226286.93002635066,2334.8813897755886,2398.6617100371745,83.01037930880726,107242.93002635064
bicg,SMALL,50000,225834,38420.0,59.75,23.044293733681894,9.35,57.26929418555659,15.551705985469047,20.523785003010968,226286.93002635066,3951.2784860446313,3779.648535564854,50.30474567656632,107242.93002635064
bicg,SMALL,75000,225834,38420.0,40.1,17.326280616450838,6.7,41.26906695030886,13.302760625493194,15.962284155351613,226286.93002635066,5483.209259342296,5631.770573566085,36.623393651067175,107242.93002635064
bicg,SMALL,100000,225834,38420.0,31.25,11.656825423217438,5.15,32.37418299615487,11.857716172108825,13.055732794936993,226286.93002635066,6989.7340746244345,7226.688,28.888935995937555,107242.93002635064
bicg,SMALL2,100,279571,45137.0,11471.85,293.55933229748854,1593.5,11399.495128373717,221.6847984509326,1324.3663335768701,280014.93002635066,24.56380101688752,24.370175690930406,9026.163013880112,107242.93002635064
bicg,SMALL2,250,279571,45137.0,5778.45,179.68260759930058,790.25,5799.495300915056,164.04701507082075,676.9436374634978,280014.93002635066,48.282637625755015,48.38165944154574,4687.241365814043,107242.93002635064
bicg,SMALL2,500,279571,45137.0,3307.55,177.5815527996555,450.05,3281.6712537928233,131.62066188003007,390.14814890578003,280014.93002635066,85.32692898556512,84.52510166135055,2673.031212299271,107242.93002635064
bicg,SMALL2,750,279571,45137.0,2365.0,129.0401814205661,321.7,2305.0410516813754,113.68217523802404,279.7480126764484,280014.93002635066,121.47936793667871,118.21183932346723,1883.2147572247181,107242.93002635064
bicg,SMALL2,1000,279571,45137.0,1800.8,95.53924517401762,244.4,1783.2950146679577,101.56446799993377,221.0102044071022,280014.93002635066,157.02109170001145,155.24822301199467,1460.0046177833328,107242.93002635064
bicg,SMALL2,2500,279571,45137.0,777.8,78.48070497027646,106.55,778.8167130669864,68.29996009282006,108.47447186247506,280014.93002635066,359.5389330098601,359.4381589097455,643.7649632974347,107242.93002635064
bicg,SMALL2,5000,279571,45137.0,435.95,46.78447223283878,61.15,423.0326385866112,49.38013462252034,68.80357454474455,280014.93002635066,661.9227560358105,641.2914325037275,354.424126534113,107242.93002635064
bicg,SMALL2,7500,279571,45137.0,311.6,51.65818832530454,43.75,301.5110769675149,40.66575260007793,55.25060364855921,280014.93002635066,928.7052828792746,897.2111681643131,255.52082568966637,107242.93002635064
bicg,SMALL2,10000,279571,45137.0,267.95,29.59280673620392,37.8,239.71469845309747,35.43340124524525,48.28856117311893,280014.93002635066,1168.1174822958899,1043.3700317223363,205.12622532696722,107242.93002635064
bicg,SMALL2,25000,279571,45137.0,131.45,22.84610988422548,19.3,121.50175214636525,23.382945867981494,33.54075766395186,280014.93002635066,2304.61639507087,2126.8238874096614,107.59631765098621,107242.93002635064
bicg,SMALL2,50000,279571,45137.0,66.55,18.613732904272023,10.5,73.41887567197669,17.78555617929061,24.895281419992475,280014.93002635066,3813.9365042500885,4200.9166040571,66.45432716298643,107242.93002635064
bicg,SMALL2,75000,279571,45137.0,52.0,15.804729472034964,8.4,53.88886051408959,15.268290733606396,20.07680852826814,280014.93002635066,5196.156076693047,5376.365384615385,49.24318721484791,107242.93002635064
bicg,SMALL2,100000,279571,45137.0,43.75,17.453321204075504,7.05,42.83902847626706,13.677563682658784,16.840742743792976,280014.93002635066,6536.444452317113,6390.194285714286,39.35378147604974,107242.93002635064
bicg,SMALL3,100,452707,66779.0,18719.45,250.31947481904882,2503.05,18632.811279700698,296.0907818410169,2228.5308524927427,453166.93002635066,24.32091020639747,24.18377676694561,16259.479165207093,107242.93002635064
bicg,SMALL3,250,452707,66779.0,9751.2,189.28135560310034,1287.55,9744.998386840021,212.34500427223807,1170.1315232041184,453166.93002635066,46.502514627228955,46.425773238165554,8632.744451739009,107242.93002635064
bicg,SMALL3,500,452707,66779.0,5676.4,164.8266713215655,747.1,5666.381008037691,172.5947054679754,688.2368681863886,453166.93002635066,79.97466626115312,79.75248396871257,5057.740966544138,107242.93002635064
bicg,SMALL3,750,452707,66779.0,4005.2,139.48989776663888,527.8,4023.1075901479408,151.27626691357563,494.5063299847691,453166.93002635066,112.64101689353191,113.02981124538101,3601.2812956912835,107242.93002635064
bicg,SMALL3,1000,452707,66779.0,3152.95,98.02173496891284,415.2,3126.860897559998,136.51762383519866,388.9559397686073,453166.93002635066,144.9271153635178,143.5820422144341,2803.5705006753733,107242.93002635064
bicg,SMALL3,2500,452707,66779.0,1377.75,85.4436564120042,182.1,1361.3440218363398,93.96377334809877,181.29038572202276,453166.93002635066,332.88200686779095,328.5842859735075,1226.2922720667882,107242.93002635064
bicg,SMALL3,5000,452707,66779.0,734.25,66.96572178911272,97.4,722.8175493028558,68.55587450174774,106.27805540837866,453166.93002635066,626.9451128620518,616.5570309839973,654.2090372503576,107242.93002635064
bicg,SMALL3,7500,452707,66779.0,506.25,58.931606210303784,68.25,503.7677672629013,56.584812972635426,80.55673188467937,453166.93002635066,899.5552305549878,894.236049382716,457.77751598505284,107242.93002635064
bicg,SMALL3,10000,452707,66779.0,393.95,50.1119536112577,53.25,392.9612219655311,49.28002417353232,67.54623893181919,453166.93002635066,1153.2103034484674,1149.148369082371,358.3727488394008,107242.93002635064
bicg,SMALL3,25000,452707,66779.0,192.8,40.35448191373935,27.35,189.403767234141,31.69988870112621,43.39109469519657,453166.93002635066,2392.597236284881,2348.0653526970955,175.49833273876195,107242.93002635064
bicg,SMALL3,50000,452707,66779.0,124.6,22.091675021671808,18.45,115.22898006394276,23.22685141938847,33.28785308519307,453166.93002635066,3932.7513770830888,3633.2825040128414,108.2644315549525,107242.93002635064
bicg,SMALL3,75000,452707,66779.0,96.75,17.109169594417093,14.65,86.55995892279941,19.7241538194383,28.26204913558105,453166.93002635066,5235.295114112964,4679.142118863049,81.91428562355772,107242.93002635064
bicg,SMALL3,100000,452707,66779.0,67.1,16.495294384827,10.65,70.33713629025854,17.67520244353679,24.799591846529804,453166.93002635066,6442.783342163346,6746.751117734725,66.85188929004123,107242.93002635064
cholesky,MEDIUM,100,2672124,344762.0,2562088.1,151.2178282443458,320433.55,2561809.0618769913,105.29775981314347,320123.2460414449,2667167.9010232845,1.0411267337266341,1.0429477425073712,2559434.0281172707,107087.90102328474
cholesky,MEDIUM,250,2672124,344762.0,2481090.4,759.1501758371919,310213.4,2480853.136114951,787.4137193606896,310057.25846821204,2667167.9010232845,1.0751010860723922,1.076995824094116,2479736.488981389,107087.90102328474
cholesky,MEDIUM,500,2672124,344762.0,2130930.6,1271.2875528790564,266406.75,2130596.4030157938,1672.4649846433729,266303.760024996,2667167.9010232845,1.2518409855794324,1.2539704484040917,2129985.290370486,107087.90102328474
cholesky,MEDIUM,750,2672124,344762.0,1793620.4,2746.293643976801,224232.7,1793847.8153991704,2044.255188626272,224222.1246623687,2667167.9010232845,1.486841792334419,1.4897934925361018,1793424.4706464892,107087.90102328474
cholesky,MEDIUM,1000,2672124,344762.0,1530895.5,1795.5540268000518,191383.5,1531307.9539405194,2188.535712059693,191411.25325236932,2667167.9010232845,1.7417580142255862,1.7454646643092229,1530983.6309922975,107087.90102328474
cholesky,MEDIUM,2500,2672124,344762.0,791930.25,3264.1646932617955,99004.5,792267.8417925535,2073.4380320407718,99044.48400349016,2667167.9010232845,3.3664977427187464,3.3741910982690713,792132.513990388,107087.90102328474
cholesky,MEDIUM,5000,2672124,344762.0,434670.0,1450.7831641819105,54342.05,434902.60422761936,1690.5610772596183,54378.696419108746,2667167.9010232845,6.132793584347778,6.147477396645732,434833.8923296239,107087.90102328474
cholesky,MEDIUM,7500,2672124,344762.0,300074.45,1581.400660806733,37516.35,299376.6571437352,1448.8718982995415,37439.63243183111,2667167.9010232845,8.90907102267074,8.904870108068181,299330.60677148943,107087.90102328474
cholesky,MEDIUM,10000,2672124,344762.0,228223.8,1527.427855131485,28534.15,228202.92371524102,1285.78003427999,28543.766641764927,2667167.9010232845,11.687702583300215,11.7083494359484,228168.29362137654,107087.90102328474
cholesky,MEDIUM,25000,2672124,344762.0,94205.8,707.2782970469858,11781.05,94028.42452711648,850.0246654301725,11773.505108344874,2667167.9010232845,28.365549188310716,28.364750365688735,94014.50506139305,107087.90102328474
cholesky,MEDIUM,50000,2672124,344762.0,47252.8,781.4424314587789,5911.35,47501.03033753819,610.0563635327909,5958.103391227635,2667167.9010232845,56.14968521883886,56.5495378051671,47494.059227093305,107087.90102328474
cholesky,MEDIUM,75000,2672124,344762.0,31869.3,571.1099166028421,3988.5,31785.40666721403,500.5877066500354,3993.825248741428,2667167.9010232845,83.91171234484823,83.846334874001,31780.756721436283,107087.90102328474
cholesky,MEDIUM,100000,2672124,344762.0,23674.9,419.7939218737038,2964.05,23888.464250749104,434.5998994975397,3006.794973657245,2667167.9010232845,111.65087353573374,112.86738275557657,23884.975837882877,107087.90102328474
cholesky,MINI,100,138531,28072.0,18341.4,237.60502387033213,2466.25,18002.010205933617,231.60212782360077,2147.3645825626913,132767.90102328474,7.375170856170457,7.552913081880336,15626.976446213082,107087.90102328474
cholesky,MINI,250,138531,28072.0,9418.2,182.60068599629034,1253.9,9259.494934046264,214.4749270769731,1108.0533205988984,132767.90102328474,14.338568352698163,14.708861565904312,8142.847800483806,107087.90102328474
cholesky,MINI,500,138531,28072.0,5237.1,166.30058391516954,697.55,5106.649219234544,174.29916726379875,617.5408004261062,132767.90102328474,25.999025059956214,26.451853124820985,4495.536573927159,107087.90102328474
cholesky,MINI,750,138531,28072.0,3580.4,96.46837496517216,477.8,3532.142207747411,149.27179419823761,432.6655134408247,132767.90102328474,37.58849253919371,38.69148698469445,3108.7974550662125,107087.90102328474
cholesky,MINI,1000,138531,28072.0,2795.6,135.34532830776556,372.85,2704.1556907282725,132.42886928988057,335.7784711454037,132767.90102328474,49.09772816650516,49.55322649878381,2379.832742506399,107087.90102328474
cholesky,MINI,2500,138531,28072.0,1173.6,86.9896545573093,159.3,1139.7177045599285,87.50897040045672,153.4684497262894,132767.90102328474,116.49191768460727,118.03936605316974,1004.3899023943567,107087.90102328474
cholesky,MINI,5000,138531,28072.0,626.3,31.323608046529884,86.7,595.7717916819959,62.796933648577976,90.32943907449148,132767.90102328474,222.85026393822963,221.18952578636438,527.0598936865316,107087.90102328474
cholesky,MINI,7500,138531,28072.0,415.05,47.28800337461813,58.85,411.754540366439,51.5276648500569,68.92683205441145,132767.90102328474,322.44429145851933,333.76942537043726,365.704168120633,107087.90102328474
cholesky,MINI,10000,138531,28072.0,324.0,42.99326752680679,46.65,319.0951148236216,44.73748324910004,58.029275350480276,132767.90102328474,416.07625706420356,427.56481481481484,284.46502095913155,107087.90102328474
cholesky,MINI,25000,138531,28072.0,150.65,33.109507300535455,23.15,149.31128334999315,28.5205039226522,36.639331866528266,132767.90102328474,889.20206192368,919.55526053767,135.39181762656608,107087.90102328474
cholesky,MINI,50000,138531,28072.0,96.4,28.073962463839205,15.15,88.43905064661217,20.558398513466773,26.889744211864627,132767.90102328474,1501.2361626743748,1437.0435684647302,81.46794020172271,107087.90102328474
cholesky,MINI,75000,138531,28072.0,71.5,15.749686713676162,11.75,65.68260346664972,17.19701611441216,22.215589563000798,132767.90102328474,2021.3556408539364,1937.4965034965035,61.03265768890247,107087.90102328474
cholesky,MINI,100000,138531,28072.0,56.35,20.466339502499682,9.65,53.07252271258405,15.257978311652785,19.16283567554346,132767.90102328474,2501.631620985751,2458.402839396628,49.58410984635736,107087.90102328474
cholesky,MINI2,100,170512,32069.0,45863.25,344.5404070718883,5905.05,45501.36617874493,301.2156537632067,5584.784079164106,164767.90102328474,3.6211638212360495,3.717835085825797,43126.332419024395,107087.90102328474
cholesky,MINI2,250,170512,32069.0,26093.3,362.5683383860206,3336.6,25929.540064766228,335.9221326986424,3191.8089619388934,164767.90102328474,6.354447499328224,6.534704311068359,24812.89293120377,107087.90102328474
cholesky,MINI2,500,170512,32069.0,14976.0,269.7252012892502,1911.2,14859.198302109591,292.6215545354225,1836.609435785487,164767.90102328474,11.088613105048358,11.385683760683762,14248.085656802206,107087.90102328474
cholesky,MINI2,750,170512,32069.0,10533.35,249.63431676206548,1345.8,10398.373030178383,256.7372937711519,1290.9443662446965,164767.90102328474,15.845546273930717,16.187822487622647,9975.028277497186,107087.90102328474
cholesky,MINI2,1000,170512,32069.0,8100.8,234.99195954889956,1035.55,7998.450235357742,230.58783086780602,997.5652892240892,164767.90102328474,20.599978267654404,21.048785305155047,7674.127287135868,107087.90102328474
cholesky,MINI2,2500,170512,32069.0,3431.35,136.94496589583173,440.3,3367.277512173414,155.84238709064476,431.9134684426465,164767.90102328474,48.932082499174555,49.69239512145366,3231.949710007842,107087.90102328474
cholesky,MINI2,5000,170512,32069.0,1758.3,97.13587878517612,228.2,1728.7320651514272,112.68821047985188,231.9623987075209,164767.90102328474,95.3114160052628,96.97548768697037,1660.020167155963,107087.90102328474
cholesky,MINI2,7500,170512,32069.0,1174.75,88.3270686292236,154.15,1171.4836811518546,92.70010912013103,163.9857178116771,164767.90102328474,140.64890845195353,145.14747818684828,1125.4333089060485,107087.90102328474
cholesky,MINI2,10000,170512,32069.0,910.1,100.55734158861011,120.3,890.74780161507,80.58175970038762,129.74407596479665,164767.90102328474,184.9770504339543,187.35523568838587,856.1177077505799,107087.90102328474
cholesky,MINI2,25000,170512,32069.0,389.8,54.29413072864274,53.2,381.70124388116255,51.31083247640544,67.53948707002178,164767.90102328474,431.6671838632597,437.4345818368394,367.7817781577355,107087.90102328474
cholesky,MINI2,50000,170512,32069.0,207.3,50.42148664795074,29.7,210.06677699545048,36.38511090562627,45.838224623537705,164767.90102328474,784.3596373492853,822.5373854317414,203.09566655056102,107087.90102328474
cholesky,MINI2,75000,170512,32069.0,160.4,24.777748931354985,23.8,151.63936444319828,29.79233296955026,37.743928899468855,164767.90102328474,1086.5773648438378,1063.0423940149626,146.989418665451,107087.90102328474
cholesky,MINI2,100000,170512,32069.0,122.85,21.298072559197514,18.95,121.5840794577251,25.906978295288035,33.15188359420254,164767.90102328474,1355.1766132388632,1387.969067969068,118.0956665914984,107087.90102328474
cholesky,MINI3,100,215348,37674.0,88417.05,314.99882623005897,11228.45,88060.9512568958,340.1932154391045,10904.732213932964,209567.90102328474,2.3798051012635875,2.4355935874359074,85685.91749717527,107087.90102328474
cholesky,MINI3,250,215348,37674.0,55011.85,389.1393032943618,6951.7,54806.53332887011,448.90778146429744,6801.433119951878,209567.90102328474,3.82377589485106,3.9145747688907027,53689.88619530765,107087.90102328474
cholesky,MINI3,500,215348,37674.0,32719.45,329.97024985515566,4131.7,32657.72011330388,417.2728583239131,4061.4246621847733,209567.90102328474,6.417101386630857,6.581650975184485,32046.607467996495,107087.90102328474
cholesky,MINI3,750,215348,37674.0,23149.0,363.5399058671477,2923.8,23172.604897208785,374.6263363740779,2887.7233496234967,209567.90102328474,9.043778287029262,9.302691260961597,22749.260144527587,107087.90102328474
cholesky,MINI3,1000,215348,37674.0,18121.7,268.2659913318553,2290.3,17946.898459227763,340.46390991046195,2241.1213172078415,209567.90102328474,11.677109640943621,11.883432569792017,17622.57551100589,107087.90102328474
cholesky,MINI3,2500,215348,37674.0,7672.4,189.15307084614398,971.3,7631.481042896237,235.1664502662335,964.9389097829994,209567.90102328474,27.460973806435774,28.06787967259267,7496.153240730666,107087.90102328474
cholesky,MINI3,5000,215348,37674.0,3871.9,152.20135555105597,491.8,3911.3688838822686,171.3123295913998,504.79200114159966,209567.90102328474,53.57917068033635,55.61817195692037,3842.6569858868043,107087.90102328474
cholesky,MINI3,7500,215348,37674.0,2624.75,113.8317664478224,334.8,2638.0441656407456,141.27708876711694,347.3058095692879,209567.90102328474,79.44063399423167,82.04514715687208,2591.9937933949395,107087.90102328474
cholesky,MINI3,10000,215348,37674.0,2011.05,109.2035641407946,257.5,1995.004024972232,122.9618512030163,267.77668047195084,209567.90102328474,105.0463549947984,107.08236990626787,1960.3739311077418,107087.90102328474
cholesky,MINI3,25000,215348,37674.0,822.7,71.72102385742897,107.5,826.6907278865369,78.4709742286501,123.28705560057085,209567.90102328474,253.50217917533953,261.7576273246627,812.7712621631099,107087.90102328474
cholesky,MINI3,50000,215348,37674.0,449.35,62.60593128114098,60.15,434.044586417657,55.655076789401754,74.65349550281097,209567.90102328474,482.82574551368594,479.2433515077334,427.07347597276754,107087.90102328474
cholesky,MINI3,75000,215348,37674.0,310.25,42.32316150761897,42.7,302.5568379614353,45.49150202822665,58.14887363627841,209567.90102328474,692.6563036397043,694.1112006446414,297.90689218368806,107087.90102328474
cholesky,MINI3,100000,215348,37674.0,241.25,25.007104253749475,33.8,236.44519354655546,39.42568631985257,49.61363334520091,209567.90102328474,886.327600404452,892.6341968911917,232.95678068032876,107087.90102328474
cholesky,SMALL,100,343312,53669.0,217032.65,344.26187630012396,27306.05,216634.60749713756,353.39239425645235,26976.439243963185,337567.90102328476,1.5582362620789714,1.5818449436064113,214259.57373741703,107087.90102328474
cholesky,SMALL,250,343312,53669.0,154734.0,593.4835607176475,19421.2,154638.43911886142,633.2442185806188,19280.421343700797,337567.90102328476,2.1829494849195696,2.2187237452660695,153521.79198529897,107087.90102328474
cholesky,SMALL,500,343312,53669.0,99089.85,800.6013710100422,12426.35,98972.8962304164,664.7383555065396,12350.821676823838,337567.90102328476,3.4107105468289127,3.464653544232835,98361.78358510902,107087.90102328474
cholesky,SMALL,750,343312,53669.0,72233.65,602.2542980117971,9059.15,72175.37593591076,623.6428389017684,9013.069729461244,337567.90102328476,4.677050817484254,4.752798730231686,71752.03118322957,107087.90102328474
cholesky,SMALL,1000,343312,53669.0,56873.95,514.5271181027849,7131.8,56702.506225591256,579.8337185047006,7085.572288003278,337567.90102328476,5.953315355766972,6.036366385665143,56378.18327736938,107087.90102328474
cholesky,SMALL,2500,343312,53669.0,24683.35,420.1015259496961,3097.2,24735.51202351645,417.8804802876511,3102.942782360526,337567.90102328476,13.647095750528775,13.90864692191295,24600.18422135088,107087.90102328474
cholesky,SMALL,5000,343312,53669.0,12662.6,310.7565301850177,1591.3,12755.476370512464,308.89242856507434,1610.305436970374,337567.90102328476,26.464546773310563,27.112283417307662,12686.764472517,107087.90102328474
cholesky,SMALL,7500,343312,53669.0,8632.15,259.06294195568915,1085.95,8601.033481179697,255.99234942352788,1092.6794740116698,337567.90102328476,39.2473650709455,39.77132000718245,8554.983108933891,107087.90102328474
cholesky,SMALL,10000,343312,53669.0,6554.25,243.9337431611945,825.5,6492.630198934512,223.35632795089342,829.9799522266169,337567.90102328476,51.9924731087691,52.380058740511885,6458.000105070022,107087.90102328474
cholesky,SMALL,25000,343312,53669.0,2631.05,177.19257291076516,334.05,2644.217068120337,143.17753721928955,350.47917597032597,337567.90102328476,127.66270405449264,130.4847874422759,2630.29760239691,107087.90102328474
cholesky,SMALL,50000,343312,53669.0,1325.95,130.2998465079679,170.25,1346.0024332035453,101.6980521794476,188.72489254352055,337567.90102328476,250.79293521027168,258.9177570798295,1339.0313227586557,107087.90102328474
cholesky,SMALL,75000,343312,53669.0,931.45,85.98376529750739,120.65,911.5352291236081,83.1607462814122,134.59057522315706,337567.90102328476,370.3289683579625,368.578023511729,906.8852833458609,107087.90102328474
cholesky,SMALL,100000,343312,53669.0,689.2,65.73039031168393,90.0,693.970579585244,72.07340489803774,107.47692455615037,337567.90102328476,486.42970026918783,498.1311665699361,690.4821667190173,107087.90102328474
cholesky,SMALL2,100,630556,89565.0,510544.55,301.83796193182167,63993.7,510281.732527155,297.24218138710864,63682.32987271537,625567.9010232848,1.2259265051977826,1.2350655785082811,507906.6987674345,107087.90102328474
cholesky,SMALL2,250,630556,89565.0,416835.05,988.8535347350025,52181.3,416849.31519295974,803.0819968452605,52056.780852963064,625567.9010232848,1.500705118667903,1.5127230783495773,415732.66805939726,107087.90102328474
cholesky,SMALL2,500,630556,89565.0,292000.55,1128.295849360537,36542.2,291986.13134893426,997.412348065968,36477.47606663858,625567.9010232848,2.142457582259987,2.159434288736785,291375.0187036269,107087.90102328474
cholesky,SMALL2,750,630556,89565.0,221626.3,989.5457277803956,27733.1,221110.1244180701,995.8270313087046,27629.91328973116,625567.9010232848,2.829214187589506,2.8451316472819337,220686.7796653889,107087.90102328474
cholesky,SMALL2,1000,630556,89565.0,177550.9,832.2691176599799,22216.25,177298.23737039286,956.6102085866129,22160.038681103477,625567.9010232848,3.5283368312140295,3.5514097647491507,176973.914422171,107087.90102328474
cholesky,SMALL2,2500,630556,89565.0,80370.2,674.6959237120724,10058.55,80447.17053647173,733.3867500520582,10066.900096479936,625567.9010232848,7.776133042984721,7.8456442810892595,80311.84273430616,107087.90102328474
cholesky,SMALL2,5000,630556,89565.0,41889.55,572.0982134122378,5244.6,42033.81826271216,553.9322113774974,5270.098173495337,625567.9010232848,14.882490501183442,15.052823436871487,41965.106364716696,107087.90102328474
cholesky,SMALL2,7500,630556,89565.0,28450.9,446.68296775701043,3563.35,28450.711179398357,462.43352752391655,3573.8891862890027,625567.9010232848,21.987777285380098,22.162954423234414,28404.66080715255,107087.90102328474
cholesky,SMALL2,10000,630556,89565.0,21540.05,436.9550711578094,2699.35,21506.078810328007,404.96428576925916,2706.661028650804,625567.9010232848,29.087957248760016,29.273655353631955,21471.448716463517,107087.90102328474
cholesky,SMALL2,25000,630556,89565.0,8739.6,229.7789326608012,1097.4,8741.92738594341,261.3261217664932,1112.6929656982422,625567.9010232848,71.55949408012324,72.14929745068424,8728.007920219983,107087.90102328474
cholesky,SMALL2,50000,630556,89565.0,4417.0,197.39060927911189,556.6,4410.459858286335,186.0323471946753,571.7820813211528,625567.9010232848,141.83734148446518,142.75662214172516,4403.488747841445,107087.90102328474
cholesky,SMALL2,75000,630556,89565.0,2983.2,158.613266850704,377.4,2957.9908758157603,152.23599297229288,390.3982748166408,625567.9010232848,211.48405363176263,211.3689997318316,2953.340930038013,107087.90102328474
cholesky,SMALL2,100000,630556,89565.0,2233.6,143.32348395371778,283.5,2230.127380754106,131.98829254649712,299.50286490449963,625567.9010232848,280.50769943542514,282.3047994269341,2226.6389678878795,107087.90102328474
cholesky,SMALL3,100,1033756,139965.0,918898.5,314.470231207632,115038.2,918498.7769132355,223.6712454716787,114709.46042097545,1028767.9010232848,1.1200536428373118,1.1249947627512724,916123.743153515,107087.90102328474
cholesky,SMALL3,250,1033756,139965.0,813293.0,1192.2875403808237,101739.4,813292.7090809356,871.2537593098094,101612.20508896007,1028767.9010232848,1.2649417479542484,1.2710745082030708,812176.0619473731,107087.90102328474
cholesky,SMALL3,500,1033756,139965.0,612604.35,1411.2326181857825,76617.1,612684.9986602744,1265.0220076217472,76564.83448055608,1028767.9010232848,1.679113905633134,1.6874774069103493,612073.886014967,107087.90102328474
cholesky,SMALL3,750,1033756,139965.0,480228.35,1192.9767401888355,60058.8,479828.132840607,1339.2903555979785,59969.664342548276,1028767.9010232848,2.144034146003333,2.1526342624295296,479404.7880879258,107087.90102328474
cholesky,SMALL3,1000,1033756,139965.0,392304.95,1100.3303558955713,49063.95,392112.0828348905,1327.253791813005,49011.76936416568,1028767.9010232848,2.623657739862292,2.63508273347048,391787.75988666865,107087.90102328474
cholesky,SMALL3,2500,1033756,139965.0,184878.45,1213.3583874172496,23122.3,184805.27569353732,1080.3693921633576,23111.663241113125,1028767.9010232848,5.566766950578246,5.591544065844342,184669.94789137173,107087.90102328474
cholesky,SMALL3,5000,1033756,139965.0,97737.05,788.3875266043099,12225.15,97890.41948109554,833.5350441028439,12252.173325793256,1028767.9010232848,10.509382904646342,10.5769101891248,97821.70758310007,107087.90102328474
cholesky,SMALL3,7500,1033756,139965.0,66724.1,700.8930318566901,8347.45,66557.8905131805,700.9083039675263,8337.286603011771,1028767.9010232848,15.456738383551343,15.492992786714245,66511.84014093468,107087.90102328474
cholesky,SMALL3,10000,1033756,139965.0,50420.55,742.5993802001759,6309.05,50420.25645495697,616.0476112051464,6320.933234229424,1028767.9010232848,20.403860935184582,20.502672025592737,50385.62636109248,107087.90102328474
cholesky,SMALL3,25000,1033756,139965.0,20515.65,465.495013823711,2570.0,20553.29301057571,400.18186211193216,2589.1136687772796,1028767.9010232848,50.05367755395359,50.38865451496784,20539.373544852286,107087.90102328474
cholesky,SMALL3,50000,1033756,139965.0,10476.35,365.4086789220788,1314.55,10357.874067381725,285.5148225722188,1315.2088574580766,1028767.9010232848,99.32230246581265,98.67520653662774,10350.902956936836,107087.90102328474
cholesky,SMALL3,75000,1033756,139965.0,6917.2,268.2600074162145,869.15,6932.266201991487,233.8191902223666,887.18269058861,1028767.9010232848,148.40282687467231,149.44717515757822,6927.61625621374,107087.90102328474
cholesky,SMALL3,100000,1033756,139965.0,5153.55,138.9196947122595,648.75,5214.341895722062,202.7961308876574,672.5296792788654,1028767.9010232848,197.29582785265848,200.59104888863016,5210.853482855835,107087.90102328474
correlation,MEDIUM,100,1076967,145367.0,694653.15,669.9458167407566,87004.5,694328.7563752703,583.0571552820074,86692.53788655349,1071013.9994297586,1.5425171283715315,1.5503665390418224,691958.66128591,107021.99942975864
correlation,MEDIUM,250,1076967,145367.0,520822.2,1022.089274090339,65179.45,520688.0667952211,1068.5235845013526,65040.524602827456,1071013.9994297586,2.0569205782297533,2.067820841738313,519573.9394280125,107021.99942975864
correlation,MEDIUM,500,1076967,145367.0,347790.55,1095.0333556563498,43514.1,347940.64598528104,1173.5560702649357,43475.64098014454,1071013.9994297586,3.078151436998441,3.0965965003936997,347331.9990318528,107021.99942975864
correlation,MEDIUM,750,1076967,145367.0,258870.35,1199.2363919112076,32389.0,258879.23346782543,1128.8756828349858,32354.82792232122,1071013.9994297586,4.1371182426761495,4.160256282729946,258457.87081414516,107021.99942975864
correlation,MEDIUM,1000,1076967,145367.0,205943.3,828.9013718232886,25765.3,205707.90612551713,1065.484346032322,25714.969071433086,1071013.9994297586,5.206479515552777,5.229434509401375,205385.1881388129,107021.99942975864
correlation,MEDIUM,2500,1076967,145367.0,91625.15,888.2654460416524,11464.85,91803.7226392698,793.0344785396528,11490.065630295121,1071013.9994297586,11.666346076598243,11.754054427196028,91669.09926258025,107021.99942975864
correlation,MEDIUM,5000,1076967,145367.0,47585.35,494.02698360141795,5955.85,47707.26596978871,593.5483155288118,5982.827946814491,1071013.9994297586,22.449703994942684,22.63232276320338,47638.91068377401,107021.99942975864
correlation,MEDIUM,7500,1076967,145367.0,32318.55,514.3079637522134,4046.15,32235.500104908333,494.05226765310664,4050.5203664304704,1071013.9994297586,33.22467453410722,33.32349378298222,32189.68779693517,107021.99942975864
correlation,MEDIUM,10000,1076967,145367.0,24554.65,424.69596245586814,3074.9,24347.96822350611,432.0275352030983,3065.421299646055,1071013.9994297586,43.987818186643445,43.86000207699967,24313.5166942352,107021.99942975864
correlation,MEDIUM,25000,1076967,145367.0,9923.15,340.0763497866479,1244.8,9888.593779717963,278.0837921960822,1259.4488283420073,1071013.9994297586,108.30801864128203,108.53075888200824,9874.745676308594,107021.99942975864
correlation,MEDIUM,50000,1076967,145367.0,4951.15,185.42051070330302,622.75,4990.3652107792905,197.83481849799134,647.2226607419768,1071013.9994297586,214.61635655770175,217.51855629500218,4983.4297596198885,107021.99942975864
correlation,MEDIUM,75000,1076967,145367.0,3433.4,187.13108268073253,432.75,3347.212514673384,161.89795656940922,441.5319670787686,1071013.9994297586,319.9719153578352,313.6736179880002,3342.5863360258563,107021.99942975864
correlation,MEDIUM,100000,1076967,145367.0,2540.65,163.5643362877837,320.9,2523.0492576088286,140.39302792264544,338.2299765366543,1071013.9994297586,424.4919104135096,423.8942790230846,2519.5786678193654,107021.99942975864
correlation,MINI,100,126983,26619.0,6745.95,146.16878311696618,1014.3,6386.731873778681,158.83194725781874,699.7848217144995,121061.99942975864,18.95523435495858,18.823590450566638,4016.6367844184592,107021.99942975864
correlation,MINI,250,126983,26619.0,3256.5,124.52541486527322,484.5,3014.4828368326607,119.6770911018751,331.3149370678066,121061.99942975864,40.16012231038587,38.993704897896514,1900.3554696240749,107021.99942975864
correlation,MINI,500,126983,26619.0,1796.5,90.25490218498412,266.85,1638.752690023785,90.57461393029257,187.70163011654924,121061.99942975864,73.87447792869926,70.68355134984692,1030.1057365955726,107021.99942975864
correlation,MINI,750,126983,26619.0,1293.05,84.06230458791609,190.3,1137.8586701750964,75.8039354499949,136.63184868747868,121061.99942975864,106.39458361830589,98.20424577549205,716.4960164948266,107021.99942975864
correlation,MINI,1000,126983,26619.0,982.4,97.79645887464972,146.85,877.0186662075091,66.53189046302506,110.26527200626177,121061.99942975864,138.0381103554693,129.25793973941367,554.300679503279,107021.99942975864
correlation,MINI,2500,126983,26619.0,444.65,53.719814045216424,65.65,384.69931615559983,43.39077681911582,60.68727953519492,121061.99942975864,314.69252568359786,285.5796694029012,250.07593946603794,107021.99942975864
correlation,MINI,5000,126983,26619.0,255.8,43.247877952200405,38.3,211.20323450441106,31.223767995410736,42.744021640467636,121061.99942975864,573.2014460565954,496.4151681000782,142.8479484897163,107021.99942975864
correlation,MINI,7500,126983,26619.0,185.85,33.31551716858867,28.65,151.03930268060168,25.736806241146557,35.7642354020807,121061.99942975864,801.5264721247081,683.255313424805,105.22699470743777,107021.99942975864
correlation,MINI,10000,126983,26619.0,133.45,29.33378687847137,21.3,119.81125821019893,22.465969902123007,31.565321998273596,121061.99942975864,1010.4392628726541,951.539902585238,85.35972893929149,107021.99942975864
correlation,MINI,25000,126983,26619.0,60.35,11.277714400766813,10.1,57.70080274115337,14.897466727730428,19.971707868316848,121061.99942975864,2098.0990502479576,2104.109362054681,43.85269933178385,107021.99942975864
correlation,MINI,50000,126983,26619.0,34.9,10.982761612253038,6.05,32.26102010219536,11.117426631097864,12.658501340136123,121061.99942975864,3752.5781592231915,3638.481375358166,25.32556894279328,107021.99942975864
correlation,MINI,75000,126983,26619.0,25.8,11.919025039605247,4.3,22.54294154557818,9.347454934265992,9.268113015755237,121061.99942975864,5370.284050330826,4921.821705426357,17.9167628980506,107021.99942975864
correlation,MINI,100000,126983,26619.0,16.65,10.434129222488043,3.1,17.349002319593808,8.24020669185437,7.308094975056058,121061.99942975864,6978.038114216649,7626.606606606607,13.878412530130461,107021.99942975864
correlation,MINI2,100,142554,28565.0,13522.95,294.47767764565583,1863.3,13078.297644982384,221.20769580398004,1536.2305452674957,136613.99942975864,10.445854891685535,10.541634776435615,10708.202555622162,107021.99942975864
correlation,MINI2,250,142554,28565.0,6616.1,223.16618778036482,901.05,6398.944331568884,182.49953588302913,754.3842734525475,136613.99942975864,21.34945896556406,21.54653043333686,5284.816964360299,107021.99942975864
correlation,MINI2,500,142554,28565.0,3592.55,149.88257684636085,488.25,3486.7109111497425,143.0900451884232,418.89038545605746,136613.99942975864,39.18133820412149,39.680449819765904,2878.06395772153,107021.99942975864
correlation,MINI2,750,142554,28565.0,2504.55,107.26478551009322,340.3,2409.6477343824513,121.2001687879945,296.06534383867705,136613.99942975864,56.69459377006005,56.918009223213744,1988.2850807021814,107021.99942975864
correlation,MINI2,1000,142554,28565.0,1957.75,127.15505453868846,268.1,1847.52979806834,106.9726583088554,232.24716454009555,136613.99942975864,73.94413858579904,72.81522155535691,1524.8118113641099,107021.99942975864
correlation,MINI2,2500,142554,28565.0,863.85,93.01288818449328,119.6,789.1133874131651,70.21530201367264,112.18343662110772,136613.99942975864,173.12340863662232,165.02170515714533,654.4900107236033,107021.99942975864
correlation,MINI2,5000,142554,28565.0,455.75,45.902499645272165,63.95,418.842020812079,50.50227619872541,69.85139147130286,136613.99942975864,326.17071029521406,312.78990674712014,350.48673479738426,107021.99942975864
correlation,MINI2,7500,142554,28565.0,310.25,53.18673657377769,44.4,292.3221661456746,41.57988049993097,55.25564691374207,136613.99942975864,467.340541536898,459.4810636583401,246.50985817251066,107021.99942975864
correlation,MINI2,10000,142554,28565.0,256.55,47.684792897570716,37.3,228.20170866988883,36.20213878012087,47.76269496909315,136613.99942975864,598.6545860065456,555.6577665172481,193.7501793989814,107021.99942975864
correlation,MINI2,25000,142554,28565.0,119.3,26.917222035441604,17.75,109.26802361598455,23.26366491851796,32.343040829913434,136613.99942975864,1250.2651270593103,1194.9203688181055,95.41992020661503,107021.99942975864
correlation,MINI2,50000,142554,28565.0,73.45,19.78961716073409,11.55,64.88609766450088,16.869762553131007,23.844283064158546,136613.99942975864,2105.4432975170275,1940.8304969366916,57.95064650509879,107021.99942975864
correlation,MINI2,75000,142554,28565.0,46.8,12.722131565855909,7.5,47.63194316947401,14.152401475446682,19.241565324040838,136613.99942975864,2868.1172830528308,3046.025641025641,43.00576452194643,107021.99942975864
correlation,MINI2,100000,142554,28565.0,33.05,12.296661934722046,5.8,37.96584514687236,12.546923562331784,16.175253237182314,136613.99942975864,3598.339478582974,4313.282904689864,34.495255357409015,107021.99942975864
correlation,MINI3,100,178866,33103.0,32604.7,388.7993800081698,4250.55,32217.113923986388,314.7710719160503,3928.5825801429964,172933.99942975864,5.36776819418965,5.485896205148338,29847.018834626168,107021.99942975864
correlation,MINI3,250,178866,33103.0,17047.45,301.63562455386466,2208.55,16841.431949392343,290.7505326326919,2059.695247098848,172933.99942975864,10.268366724956442,10.49224370800325,15727.304582183757,107021.99942975864
correlation,MINI3,500,178866,33103.0,9570.5,233.80795088006886,1236.55,9368.076317626781,238.53593318527658,1154.0697651664516,172933.99942975864,18.459926410331388,18.689305678909147,8759.429364198568,107021.99942975864
correlation,MINI3,750,178866,33103.0,6606.45,243.20783293306985,854.95,6498.535658962576,205.36774632094458,807.2401646917451,172933.99942975864,26.611225744565008,27.074449969348137,6077.173005282306,107021.99942975864
correlation,MINI3,1000,178866,33103.0,5081.65,190.6159751962044,657.25,4981.176373800277,182.7719315740465,624.123059159181,172933.99942975864,34.71750174102398,35.19840996526719,4658.458387096047,107021.99942975864
correlation,MINI3,2500,178866,33103.0,2175.05,100.95828998051363,283.4,2096.9222698226677,121.62385821630333,276.4649508161999,172933.99942975864,82.47039097180426,82.23535091147329,1962.2988931331056,107021.99942975864
correlation,MINI3,5000,178866,33103.0,1162.05,108.34325325702468,152.75,1085.9096629615767,87.61763056841893,154.22168660401226,172933.99942975864,159.2526573141634,153.9228088292242,1017.554376946882,107021.99942975864
correlation,MINI3,7500,178866,33103.0,797.5,81.79531578403817,105.35,741.5142357308667,72.07819022556569,112.31855658379583,172933.99942975864,233.21736939993852,224.28338557993732,695.7019277577028,107021.99942975864
correlation,MINI3,10000,178866,33103.0,605.1,50.13025139836382,80.45,567.3743456167947,62.71060085080361,91.03667462080391,172933.99942975864,304.7970017780086,295.5974219137332,532.9228163458872,107021.99942975864
correlation,MINI3,25000,178866,33103.0,250.85,46.28433291821554,34.7,249.20236810843008,40.162554000361,51.898275954672755,172933.99942975864,693.9500645295376,713.039665138529,235.35426469906056,107021.99942975864
correlation,MINI3,50000,178866,33103.0,149.85,31.91646168226969,21.15,140.67857063839028,28.609550931522666,37.980946075373886,172933.99942975864,1229.2845928487566,1193.6336336336337,133.7431194789882,107021.99942975864
correlation,MINI3,75000,178866,33103.0,117.55,29.92002497888065,17.4,103.18087227540566,23.474804948878432,32.37088345230103,172933.99942975864,1676.0276940494466,1521.616333475117,98.55469362787808,107021.99942975864
correlation,MINI3,100000,178866,33103.0,85.2,20.82154754347676,12.8,83.47881444049345,20.44825377307584,28.836027560086432,172933.99942975864,2071.5914641197005,2099.3661971830984,80.0082246510301,107021.99942975864
correlation,SMALL,100,229606,39446.0,63577.1,372.48453164633514,8120.35,63213.006175749695,395.1437069851076,7803.069111613409,223653.99942975864,3.538100985229819,3.611457584570545,60842.911086389475,107021.99942975864
correlation,SMALL,250,229606,39446.0,35535.95,436.6252729141645,4515.25,35163.02008870031,401.64923056867764,4349.893764512356,223653.99942975864,6.360488913227059,6.461231513439208,34048.89272149172,107021.99942975864
correlation,SMALL,500,229606,39446.0,20192.7,274.6220560774574,2566.3,20063.381281828853,343.2292747885362,2490.9828922127294,223653.99942975864,11.147373231266815,11.37074289223333,19454.734328400642,107021.99942975864
correlation,SMALL,750,229606,39446.0,14209.3,294.97637728790255,1806.25,14032.828936807877,300.01133573524044,1749.0273552660879,223653.99942975864,15.93791247915222,16.158853708486696,13611.466283127607,107021.99942975864
correlation,SMALL,1000,229606,39446.0,10806.75,221.32278761074164,1373.3,10794.099107886721,269.1260770909749,1350.7431618513492,223653.99942975864,20.720024635158815,21.246535729983574,10471.38112118249,107021.99942975864
correlation,SMALL,2500,229606,39446.0,4603.2,188.78018406267324,585.75,4548.079975653205,181.73484209930982,583.0763234900136,223653.99942975864,49.175476382786556,49.87964893986792,4413.456598963643,107021.99942975864
correlation,SMALL,5000,229606,39446.0,2408.2,116.2164948886798,309.0,2336.2036790204183,131.47194036935252,311.10024946619336,223653.99942975864,95.73394710324995,95.34341001577943,2267.8483930057237,107021.99942975864
correlation,SMALL,7500,229606,39446.0,1599.0,130.13070352534024,206.2,1582.1889307728916,108.22476766825002,218.1097219215084,223653.99942975864,141.35732786381254,143.59349593495935,1536.3766227997276,107021.99942975864
correlation,SMALL,10000,229606,39446.0,1226.55,72.68785100833925,158.6,1201.328334865077,94.14781956626408,170.99287140511967,223653.99942975864,186.1722502823323,187.19660837307896,1166.8768055941696,107021.99942975864
correlation,SMALL,25000,229606,39446.0,525.75,52.211991967968025,69.15,506.68165337344135,60.21111327337952,84.59503352433937,223653.99942975864,441.40931083786086,436.7208749405611,492.83354996407184,107021.99942975864
correlation,SMALL,50000,229606,39446.0,283.65,48.444515196579054,38.15,271.07831994666554,42.86498522307519,55.078329417892085,223653.99942975864,825.0530675922826,809.4694165344615,264.14286878726347,107021.99942975864
correlation,SMALL,75000,229606,39446.0,200.55,37.77979827758132,27.55,191.74021753302355,35.11162852939698,45.02119241174484,223653.99942975864,1166.4428167827573,1144.881575666916,187.11403888549597,107021.99942975864
correlation,SMALL,100000,229606,39446.0,148.4,34.28733078896021,21.1,151.700247988042,30.469041525904345,39.762371570116315,223653.99942975864,1474.3153185048748,1547.210242587601,148.22965819857865,107021.99942975864
correlation,SMALL2,100,364663,56330.0,156006.0,480.11336380616126,19675.65,155591.55233632334,502.5560781656142,19350.387381685112,358693.99942975864,2.305356518677913,2.3374934297398817,153221.4572469631,107021.99942975864
correlation,SMALL2,250,364663,56330.0,95462.05,683.887454191114,12009.6,95391.44578390085,603.0690948626124,11878.446976412424,358693.99942975864,3.760232340354099,3.8199787245298,94277.31841669227,107021.99942975864
correlation,SMALL2,500,364663,56330.0,56894.8,500.7442460977465,7152.1,56881.1439057202,552.0801573066213,7093.203220199443,358693.99942975864,6.306026475562614,6.409425817473653,56272.496952291986,107021.99942975864
correlation,SMALL2,750,364663,56330.0,40453.9,473.2639076834303,5085.75,40423.28916668117,494.99497377587886,5047.834884678187,358693.99942975864,8.873449113720602,9.01428539646363,40001.9265130009,107021.99942975864
correlation,SMALL2,1000,364663,56330.0,31478.0,448.0704831772975,3956.75,31341.08183923913,449.9768609918969,3919.1160356482615,358693.99942975864,11.444850604380626,11.58469407205032,31018.3638525349,107021.99942975864
correlation,SMALL2,2500,364663,56330.0,13455.25,308.3150942922206,1693.6,13357.624538373808,311.550139027004,1684.3031789549352,358693.99942975864,26.853127844647968,27.10191189312722,13223.001161684246,107021.99942975864
correlation,SMALL2,5000,364663,56330.0,6909.95,191.83339125397322,871.85,6848.602700650788,227.28309350794262,875.4693244297408,358693.99942975864,52.37477119174598,52.77360907097736,6780.247414636094,107021.99942975864
correlation,SMALL2,7500,364663,56330.0,4697.8,207.56143034875487,594.1,4616.74170097946,187.55236063917948,598.043295702234,358693.99942975864,77.69418838261198,77.62420707565244,4570.929393006296,107021.99942975864
correlation,SMALL2,10000,364663,56330.0,3561.4,124.63014757357278,451.0,3488.3399689785438,163.30642213520036,457.6680768027987,358693.99942975864,102.82656008863479,102.39315999326108,3453.8884397076363,107021.99942975864
correlation,SMALL2,25000,364663,56330.0,1432.1,107.77798818331185,183.1,1432.808507688021,104.4103446646044,201.25272062947585,358693.99942975864,250.34329256499674,254.63515117659384,1418.9604042786516,107021.99942975864
correlation,SMALL2,50000,364663,56330.0,751.5,70.27876822453493,97.0,737.6902448315066,74.23930849290993,114.04936413369849,358693.99942975864,486.23931513651337,485.2468396540253,730.7547936721045,107021.99942975864
correlation,SMALL2,75000,364663,56330.0,515.7,70.53188901781274,67.2,504.04072313426,60.78925448905496,84.63531004496664,358693.99942975864,711.6369431408308,707.1223579600543,499.41454448673244,107021.99942975864
correlation,SMALL2,100000,364663,56330.0,386.25,57.765291892003994,51.45,386.70724144990646,52.7412560269022,69.83986610612575,358693.99942975864,927.5595618144724,944.1113268608415,383.2366516604431,107021.99942975864
correlation,SMALL3,100,663199,93646.0,377930.35,699.0520103382054,47413.35,377267.20488351164,576.6236987652866,47059.843950083654,657253.9994297586,1.7421445355492753,1.7548180504688233,374897.10979415145,107021.99942975864
correlation,SMALL3,250,663199,93646.0,259768.25,962.8793374151562,32543.65,259474.09997533332,864.198323387495,32388.77875034148,657253.9994297586,2.533023525246797,2.553041027916229,258359.97260812472,107021.99942975864
correlation,SMALL3,500,663199,93646.0,164700.4,907.5332906754454,20627.65,164380.3368342956,869.9451411796953,20530.602336271364,657253.9994297586,3.9983736016571543,4.0266993887082245,163771.68988086737,107021.99942975864
correlation,SMALL3,750,663199,93646.0,119949.5,815.3064970981925,15021.4,119616.05381464933,808.7452529674456,14946.930465674206,657253.9994297586,5.494697228920496,5.528985114569048,119194.69116096906,107021.99942975864
correlation,SMALL3,1000,663199,93646.0,93989.8,758.3714268434903,11770.85,93906.0882433072,749.4318115390114,11739.741836156843,657253.9994297586,6.99905630960623,7.056074169750334,93583.37025660297,107021.99942975864
correlation,SMALL3,2500,663199,93646.0,41088.85,564.3390428307781,5146.95,40942.388331049224,538.2461883016965,5132.398841765413,657253.9994297586,16.05314262849979,16.14060748840622,40807.76495435966,107021.99942975864
correlation,SMALL3,5000,663199,93646.0,21012.15,409.48803401320566,2633.4,21112.28936907812,397.75096028959206,2658.455785253317,657253.9994297586,31.1313466739613,31.56264351815497,21043.934083063425,107021.99942975864
correlation,SMALL3,7500,663199,93646.0,14217.25,254.64379145448603,1783.3,14234.958728830945,329.6389165937086,1800.4497397725495,657253.9994297586,46.171823322436566,46.647488086655294,14189.146420857782,107021.99942975864
correlation,SMALL3,10000,663199,93646.0,10746.5,235.07747882906983,1348.85,10744.227336059317,287.62462726848923,1364.936626649437,657253.9994297586,61.17275620406046,61.71302284464709,10709.77580678841,107021.99942975864
correlation,SMALL3,25000,663199,93646.0,4432.5,213.93862868146377,558.15,4369.717729710015,184.4317814716367,569.2570204285297,657253.9994297586,150.41108833210046,149.62188381274674,4355.869626300646,107021.99942975864
correlation,SMALL3,50000,663199,93646.0,2227.35,145.57626867041208,282.2,2215.229483489075,131.0973463959045,299.6714312281038,657253.9994297586,296.69792873763913,297.752486138236,2208.294032329673,107021.99942975864
correlation,SMALL3,75000,663199,93646.0,1546.5,119.00928756326444,196.6,1492.2234058542442,107.28669542495156,208.95490770495255,657253.9994297586,440.4528148072469,428.83866795990946,1487.5972272067165,107021.99942975864
correlation,SMALL3,100000,663199,93646.0,1135.9,82.77356557437128,145.15,1129.3722236213212,93.0514184487848,163.35151878652687,657253.9994297586,581.9640200839011,583.8533321595211,1125.901633831858,107021.99942975864
covariance,MEDIUM,100,1068627,143769.0,693589.85,517.1699583207512,86857.85,693468.4144702934,587.584736017032,86585.28073721417,1069294.7389582035,1.5419516111270697,1.5407189133462666,691091.622717814,107246.73895820355
covariance,MEDIUM,250,1068627,143769.0,518480.65,1227.5985660930414,64880.45,519179.1957704102,1069.986758830266,64852.10932087895,1069294.7389582035,2.059587032125732,2.0610740246526076,518063.02462307195,107246.73895820355
covariance,MEDIUM,500,1068627,143769.0,346288.75,1331.2999138159396,43323.3,346499.4174486094,1173.3206720165772,43295.43176667584,1069294.7389582035,3.0859928909311787,3.0859420064902485,345888.5290494269,107246.73895820355
covariance,MEDIUM,750,1068627,143769.0,257648.4,1286.8155063444099,32229.85,257598.98664482718,1128.067622091653,32194.722186152852,1069294.7389582035,4.151005222829264,4.147617450758475,257175.82740834737,107246.73895820355
covariance,MEDIUM,1000,1068627,143769.0,204542.8,722.5960945019482,25587.55,204576.28654968872,1064.3161866934504,25573.450033504967,1069294.7389582035,5.226875299149038,5.224466468631504,204252.1376980498,107246.73895820355
covariance,MEDIUM,2500,1068627,143769.0,91137.6,670.4267611792228,11401.45,91169.85944515014,791.1479967768521,11410.804840271001,1069294.7389582035,11.728599182512895,11.725423974298204,91034.65368745202,107246.73895820355
covariance,MEDIUM,5000,1068627,143769.0,47241.8,606.7069525856695,5910.55,47348.14704733624,591.6911848053101,5937.925410096624,1069294.7389582035,22.58366600680651,22.620370095974327,47279.5107625635,107246.73895820355
covariance,MEDIUM,7500,1068627,143769.0,32087.45,455.2324420730459,4015.85,31985.25653638996,492.3576470121393,4019.2319102009437,1069294.7389582035,33.43086330233605,33.30358130671026,31939.26039547073,107246.73895820355
covariance,MEDIUM,10000,1068627,143769.0,24334.35,479.20551299438364,3045.85,24155.541156253883,430.4795495771849,3041.3620969984095,1069294.7389582035,44.26705789952309,43.914343304834524,24120.953259594535,107246.73895820355
covariance,MEDIUM,25000,1068627,143769.0,9755.7,271.82658945887204,1222.65,9804.501977126545,277.03482397319374,1248.9351749269242,1069294.7389582035,109.06160674482184,109.53873120329652,9790.600551400637,107246.73895820355
covariance,MEDIUM,50000,1068627,143769.0,4998.85,210.93433126274914,627.65,4943.327777016542,197.08337016323202,641.3419112826662,1069294.7389582035,216.3107095446455,213.77456815067464,4936.365889595668,107246.73895820355
covariance,MEDIUM,75000,1068627,143769.0,3344.45,150.1495657844643,420.8,3313.0174976900566,161.27072250171184,437.2568766452888,1069294.7389582035,322.7555362154744,319.522492487554,3308.3737464366363,107246.73895820355
covariance,MEDIUM,100000,1068627,143769.0,2473.75,125.63266211250034,311.7,2495.642931470219,139.83200817201921,334.803649548996,1069294.7389582035,428.4646354950572,431.9866599292572,2492.159181790832,107246.73895820355
covariance,MINI,100,120433,25244.0,6175.6,177.77555334865662,929.5,6242.524542142031,157.99204021530193,682.0444940209619,121038.73895820355,19.38938936340503,19.501424962756655,3865.732789662605,107246.73895820355
covariance,MINI,250,120433,25244.0,2964.4,118.72453743634343,436.3,2923.030883163364,118.10350947718491,320.07699214068725,121038.73895820355,41.408641850274584,40.62643367966536,1806.859735825159,107246.73895820355
covariance,MINI,500,120433,25244.0,1627.7,92.1680958615119,238.55,1582.336903186486,88.96014590035693,180.59360418851472,121038.73895820355,76.49365866046452,73.98967868771886,971.4485040039484,107246.73895820355
covariance,MINI,750,120433,25244.0,1112.4,89.50589513075603,164.65,1095.5136088576448,74.2937981008362,131.26313283177896,121038.73895820355,110.4858378568365,108.26411362819128,672.354372377829,107246.73895820355
covariance,MINI,1000,120433,25244.0,872.55,72.56175228546263,128.85,842.4106354097121,65.11445199016268,105.87183368678352,121038.73895820355,143.68139939180082,138.02418199530115,518.2617837707853,107246.73895820355
covariance,MINI,2500,120433,25244.0,375.55,45.28677627368898,56.2,366.84796766795193,42.212367034045855,58.42932014616779,121038.73895820355,329.9425092297644,320.68432964984686,231.6422099698409,107246.73895820355
covariance,MINI,5000,120433,25244.0,208.1,37.6296355773506,31.7,201.0144806975741,30.17117907335527,41.489170153714014,121038.73895820355,602.1394007942448,578.7265737626142,132.37819592483194,107246.73895820355
covariance,MINI,7500,120433,25244.0,142.8,29.5592179940717,21.85,143.88798819825166,24.77605977670309,34.91140209994432,121038.73895820355,841.2011348121292,843.3683473389355,97.89184727902071,107246.73895820355
covariance,MINI,10000,120433,25244.0,106.3,26.439802531311326,17.05,114.26768681739867,21.583927646938278,30.90334322830763,121038.73895820355,1059.2560533024975,1132.9539040451552,79.67979015805216,107246.73895820355
covariance,MINI,25000,120433,25244.0,55.15,12.34706442843804,9.2,55.186879287073666,14.29115249072186,19.58387690511032,121038.73895820355,2193.2521012572324,2183.7352674524027,41.285453561165404,107246.73895820355
covariance,MINI,50000,120433,25244.0,33.95,11.997697147457309,5.6,30.9029041087297,10.677198521816502,12.414155640818677,121038.73895820355,3916.743181557864,3547.363770250368,23.941016687855015,107246.73895820355
covariance,MINI,75000,120433,25244.0,27.0,12.468908701667774,4.3,21.61352438487677,8.983088218609133,9.095748614198854,121038.73895820355,5600.138913156419,4460.481481481482,16.96977313145668,107246.73895820355
covariance,MINI,100000,120433,25244.0,16.65,8.209590027586799,2.75,16.6436770809573,7.92213053466106,7.176613785960126,121038.73895820355,7272.355644095549,7233.213213213214,13.15992740157037,107246.73895820355
covariance,MINI2,100,135894,27177.0,12780.65,268.16653800439593,1750.95,12828.006749451542,220.68863297187548,1505.229772108927,136494.73895820355,10.640370060924653,10.632792541850376,10451.214996972116,107246.73895820355
covariance,MINI2,250,135894,27177.0,6185.95,222.08473371073566,842.45,6225.514161774054,180.99935950059063,732.8990982950484,136494.73895820355,21.925054768377127,21.96816980415296,5109.343014435849,107246.73895820355
covariance,MINI2,500,135894,27177.0,3407.1,153.68316690345,462.1,3377.1828713711666,141.2597335151318,405.1437166432265,136494.73895820355,40.41674500818058,39.8855331513604,2766.294472188629,107246.73895820355
covariance,MINI2,750,135894,27177.0,2334.7,139.4859359067769,316.7,2328.1879485013515,119.4063816965149,285.8079013796447,136494.73895820355,58.627027532749175,58.2061935152268,1905.0287120215357,107246.73895820355
covariance,MINI2,1000,135894,27177.0,1778.1,118.35579722532438,240.85,1781.7202549117023,105.26831823562352,223.9542056549446,136494.73895820355,76.60840055105503,76.42652269276194,1457.5714032727756,107246.73895820355
covariance,MINI2,2500,135894,27177.0,774.55,84.79602460890301,106.25,755.5377445200544,68.88831313222285,107.95816792502961,136494.73895820355,180.65906031592118,175.4489703698922,620.3319868219434,107246.73895820355
covariance,MINI2,5000,135894,27177.0,402.3,65.13395104664977,56.6,398.7951452579255,49.38315625848157,67.332570889466,136494.73895820355,342.2678048648861,337.79269202087994,330.15886048518337,107246.73895820355
covariance,MINI2,7500,135894,27177.0,277.1,39.55129913363017,39.45,277.77325286249464,40.54125804331709,53.43057316949685,136494.73895820355,491.38906482753464,490.41501263081915,231.77711194326372,107246.73895820355
covariance,MINI2,10000,135894,27177.0,227.25,29.284224242306372,32.1,216.74528491270382,35.21645818440329,46.332079521511375,136494.73895820355,629.7472123242638,597.993399339934,182.1573882533573,107246.73895820355
covariance,MINI2,25000,135894,27177.0,104.7,25.055937420100648,15.55,104.20501513629162,22.48378796104795,31.73828931744609,136494.73895820355,1309.8672725077543,1297.9369627507162,90.30358941038337,107246.73895820355
covariance,MINI2,50000,135894,27177.0,66.6,16.359127502149338,10.45,62.14785972759123,16.281922960095347,23.46141776649744,136494.73895820355,2196.29025933463,2040.4504504504507,55.18597230671655,107246.73895820355
covariance,MINI2,75000,135894,27177.0,47.35,18.047524979751014,7.7,45.69989649021204,13.668606045019716,18.925902961870666,136494.73895820355,2986.7625408612876,2869.989440337909,41.056145236791956,107246.73895820355
covariance,MINI2,100000,135894,27177.0,39.55,12.804090629252249,6.7,36.463016656957365,12.126753210845855,15.907405480293113,136494.73895820355,3743.3748349002694,3436.005056890013,32.97926697757043,107246.73895820355
covariance,MINI3,100,172086,31700.0,31748.65,347.5766140458519,4129.1,31806.29086334491,314.8820981094436,3877.5152863455983,172654.73895820355,5.428320444531277,5.420261963894528,29429.499110865483,107246.73895820355
covariance,MINI3,250,172086,31700.0,16522.0,311.60906682302385,2132.0,16521.462374155406,289.597761327242,2019.8926463471032,172654.73895820355,10.450330306613058,10.41556712262438,15405.2912268172,107246.73895820355
covariance,MINI3,500,172086,31700.0,9172.15,273.65484888046376,1182.75,9152.67178535599,236.75724960646792,1127.0885522347812,172654.73895820355,18.86386216038536,18.7617952170429,8541.783386173453,107246.73895820355
covariance,MINI3,750,172086,31700.0,6238.5,176.60824919637963,805.15,6337.091477696155,203.44208602068312,786.9847580302159,172654.73895820355,27.24510756486224,27.584515508535706,5913.932241216339,107246.73895820355
covariance,MINI3,1000,172086,31700.0,4870.5,153.66487801980728,628.3,4851.504732979776,180.85352590310475,607.8475083089427,172654.73895820355,35.58787396094318,35.3323067446874,4527.35588134085,107246.73895820355
covariance,MINI3,2500,172086,31700.0,2082.4,122.34868205256646,269.2,2033.7827944441888,120.08001550783986,268.54452534129234,172654.73895820355,84.89340131593957,82.63830195927775,1898.5770367460777,107246.73895820355
covariance,MINI3,5000,172086,31700.0,1079.5,80.81264882755865,140.3,1048.7122215139088,86.40472943639824,149.55914762989718,172654.73895820355,164.63500225921004,159.41269106067625,980.0759367411667,107246.73895820355
covariance,MINI3,7500,172086,31700.0,697.45,93.29493414351126,91.8,714.0663722782613,71.01265766511099,108.87936965376875,172654.73895820355,241.79088339833277,246.7359667359667,668.0702313590303,107246.73895820355
covariance,MINI3,10000,172086,31700.0,537.65,91.50857020548747,71.45,545.3193792444571,61.72318870234698,88.2738038572991,172654.73895820355,316.61214607376985,320.0706779503395,510.7314825851106,107246.73895820355
covariance,MINI3,25000,172086,31700.0,225.8,38.024368917563216,30.95,238.73408011455743,39.342404093852196,50.589330885362536,172654.73895820355,723.2094340085611,762.1169176262179,224.83265438864916,107246.73895820355
covariance,MINI3,50000,172086,31700.0,142.25,24.920663588359986,20.35,135.05502139628578,27.92054907140025,37.29612402517765,172654.73895820355,1278.4029588325386,1209.743409490334,128.0931339754111,107246.73895820355
covariance,MINI3,75000,172086,31700.0,103.1,20.814721510963032,15.15,99.32914579024258,22.87371720249689,31.91076944096317,172654.73895820355,1738.2082326853554,1669.1173617846753,94.68539453682249,107246.73895820355
covariance,MINI3,100000,172086,31700.0,92.45,23.515896079483177,13.65,80.52602085453702,19.912509275760964,28.473985343734807,172654.73895820355,2144.086310561511,1861.3953488372092,77.04227117515009,107246.73895820355
covariance,SMALL,100,222618,38017.0,62699.8,362.1282994508418,7996.0,62648.258044999675,396.02614040634046,7732.761184052443,223214.73895820355,3.562983966734884,3.550537641268393,60271.46629252025,107246.73895820355
covariance,SMALL,250,222618,38017.0,34616.15,378.14412109113846,4396.65,34683.9592863874,400.796332033411,4290.204760376115,223214.73895820355,6.435676420765776,6.431044469127849,33567.7881390492,107246.73895820355
covariance,SMALL,500,222618,38017.0,19667.45,344.5111677969844,2495.7,19719.1793638109,341.64130078462915,2447.902006075731,223214.73895820355,11.319676891212444,11.319108476187813,19108.290964628362,107246.73895820355
covariance,SMALL,750,222618,38017.0,13896.5,277.0959362652885,1762.9,13768.454857794995,298.1406060106136,1715.9057120949874,223214.73895820355,16.21203985949308,16.01971719497715,13345.29562131518,107246.73895820355
covariance,SMALL,1000,222618,38017.0,10619.95,227.76961467329403,1348.35,10580.004367441263,267.1638250470482,1323.914728313688,223214.73895820355,21.09779270461561,20.962245584960378,10255.855515802336,107246.73895820355
covariance,SMALL,2500,222618,38017.0,4383.65,142.80434719905182,556.95,4445.654012907533,179.99990538103813,570.2451737926641,223214.73895820355,50.20965156310429,50.78370764089287,4310.448255209421,107246.73895820355
covariance,SMALL,5000,222618,38017.0,2259.9,135.16964000450457,288.4,2277.746496678138,130.11384794386007,303.78036126609976,223214.73895820355,97.99806048817969,98.50789857958317,2209.1102119053958,107246.73895820355
covariance,SMALL,7500,222618,38017.0,1557.25,119.24758631563685,199.65,1539.5622903510525,107.06376038491796,212.77328212440585,223214.73895820355,144.9858445852853,142.95585166158293,1493.5661494318215,107246.73895820355
covariance,SMALL,10000,222618,38017.0,1156.45,108.18087923278749,148.2,1167.0900515583953,93.10392077428692,166.70715689546574,223214.73895820355,191.2575115006325,192.50118898352716,1132.5021548990487,107246.73895820355
covariance,SMALL,25000,222618,38017.0,516.25,54.195430959095674,67.3,489.8021033171035,59.40060870241293,82.48282802139157,223214.73895820355,455.7243373324017,431.2213075060533,475.90067759119523,107246.73895820355
covariance,SMALL,50000,222618,38017.0,277.65,40.899459525447085,37.3,261.64145708105787,42.160891674379556,53.898289926514046,223214.73895820355,853.1321505714229,801.7936250675311,254.67956966018318,107246.73895820355
covariance,SMALL,75000,222618,38017.0,169.5,35.685025607831356,23.5,185.17090597717436,34.47499182011764,44.20433182531821,223214.73895820355,1205.4525400751606,1313.3805309734514,180.52715472375428,107246.73895820355
covariance,SMALL,100000,222618,38017.0,144.3,36.19552167704845,20.3,146.66469136942547,29.884386076164102,39.14410306836756,223214.73895820355,1521.9391720939873,1542.7442827442826,143.18094169003854,107246.73895820355
covariance,SMALL2,100,357395,54866.0,154853.85,559.5926408417117,19512.6,154826.922940686,504.9765777812993,19255.094296013234,357934.7389582036,2.311837839051597,2.3079503673948047,152450.13118820658,107246.73895820355
covariance,SMALL2,250,357395,54866.0,94703.55,629.7951609347616,11905.65,94627.36464395268,602.7959263902493,11783.130430071777,357934.7389582036,3.7825711442454084,3.7738289641729375,93511.19349661448,107246.73895820355
covariance,SMALL2,500,357395,54866.0,56403.8,715.8291180971828,7085.5,56277.61362120314,550.9077456414105,7017.706288250059,357934.7389582036,6.360161988520213,6.336363862009297,55666.72522202061,107246.73895820355
covariance,SMALL2,750,357395,54866.0,39912.8,385.6226134448028,5014.1,39938.38584998108,493.40289605369145,4987.147086797091,357934.7389582036,8.962173391350845,8.954395582369566,39515.22661350127,107246.73895820355
covariance,SMALL2,1000,357395,54866.0,30897.0,511.3227428624914,3881.75,30938.797505061575,448.17189239871755,3868.7639029264983,357934.7389582036,11.569122520021846,11.567304269022882,30614.64865342265,107246.73895820355
covariance,SMALL2,2500,357395,54866.0,13212.7,353.77187118552166,1661.1,13161.229111363164,309.6539599115578,1659.7258597439222,357934.7389582036,27.196148317877796,27.04935403059178,13026.023353665052,107246.73895820355
covariance,SMALL2,5000,357395,54866.0,6748.7,208.5299675548364,848.85,6740.41664382557,225.71771870274713,861.9333907715023,357934.7389582036,53.10276172409652,52.957606650169666,6671.780359052827,107246.73895820355
covariance,SMALL2,7500,357395,54866.0,4572.25,178.9921712489712,576.0,4540.045589904396,186.2202084771853,588.4482540147378,357934.7389582036,78.8394591794707,78.16611077696976,4494.049448985165,107246.73895820355
covariance,SMALL2,10000,357395,54866.0,3400.3,148.15713564356335,429.1,3427.8446895735124,162.12883582373172,450.1003176639528,357934.7389582036,104.41976558825287,105.10690233214716,3393.256792914166,107246.73895820355
covariance,SMALL2,25000,357395,54866.0,1405.6,90.18250501359071,178.8,1403.2419333842483,103.59982073707992,197.55467183044323,357934.7389582036,255.07699737490006,254.26508252703474,1389.3405076583401,107246.73895820355
covariance,SMALL2,50000,357395,54866.0,716.5,67.26655538738555,92.1,720.4273088824492,73.57116434266405,111.89039512252205,357934.7389582036,496.8367169665512,498.80669923237963,713.4654214615746,107246.73895820355
covariance,SMALL2,75000,357395,54866.0,495.7,70.50725979791389,64.35,491.6605268883546,60.173975376422526,83.08705279237655,357934.7389582036,728.0119500817335,720.9905184587452,487.0167756349345,107246.73895820355
covariance,SMALL2,100000,357395,54866.0,367.9,55.87664986378477,48.2,377.02597704042273,52.161509991926955,68.62917589811663,357934.7389582036,949.3636002694523,971.4460451209568,373.5422273610358,107246.73895820355
covariance,SMALL3,100,655347,92109.0,376375.95,618.9767851271199,47205.05,376372.75151321525,580.5975711774449,46948.32286757939,656014.7389582036,1.7429921170453528,1.741203177301844,373995.9597607358,107246.73895820355
covariance,SMALL3,250,655347,92109.0,258243.75,821.4084742556212,32345.85,258310.37575832222,864.7726685927325,32243.506819367965,656014.7389582036,2.5396375853364,2.5377071081100704,257194.20461098402,107246.73895820355
covariance,SMALL3,500,655347,92109.0,163196.55,1016.8353629094331,20435.2,163358.94078662034,869.2849603622808,20402.87218392721,656014.7389582036,4.015787172708783,4.015691508184457,162748.0523874378,107246.73895820355
covariance,SMALL3,750,655347,92109.0,118627.5,1077.2021507981722,14853.8,118748.0455543764,807.5758522639852,14838.354549846506,656014.7389582036,5.524425567558543,5.524410444458494,118324.88631789658,107246.73895820355
covariance,SMALL3,1000,655347,92109.0,93092.8,663.5721195881696,11656.8,93160.8302449018,747.9491690916168,11646.5179954066,656014.7389582036,7.041744231279045,7.0397173573036795,92836.68139326287,107246.73895820355
covariance,SMALL3,2500,655347,92109.0,40468.1,609.7998722618139,5068.25,40552.23136529614,536.3079893257386,5083.601330287116,656014.7389582036,16.177031864135817,16.194162809719263,40417.02560759803,107246.73895820355
covariance,SMALL3,5000,655347,92109.0,20840.9,444.3361577146645,2611.55,20896.680759341758,395.98752217611946,2631.4920376076643,656014.7389582036,31.39325075179394,31.445235090615085,20828.044474569015,107246.73895820355
covariance,SMALL3,7500,655347,92109.0,14229.8,344.2146820930521,1783.65,14085.024831464823,328.0825976036991,1781.6999920430487,656014.7389582036,46.57533421543702,46.054547498910736,14039.028690545592,107246.73895820355
covariance,SMALL3,10000,655347,92109.0,10591.05,314.4886367288634,1328.7,10628.296375393084,286.2321485173573,1350.4394356186635,656014.7389582036,61.72341415666828,61.87743424872888,10593.708478733737,107246.73895820355
covariance,SMALL3,25000,655347,92109.0,4315.0,171.6532612718533,542.4,4316.6722984068965,183.51284778777793,562.6241501318858,656014.7389582036,151.97232812884852,151.87647740440323,4302.770872680988,107246.73895820355
covariance,SMALL3,50000,655347,92109.0,2201.85,137.88144220765588,277.85,2184.432750406063,130.4154766655305,295.82075616822465,656014.7389582036,300.3135431091927,297.6347162613257,2177.4708629851884,107246.73895820355
covariance,SMALL3,75000,655347,92109.0,1487.25,127.6017138145921,188.4,1469.6709594319254,106.6913808458278,206.1351292125301,656014.7389582036,446.368443730952,440.6434694906707,1465.0272081785054,107246.73895820355
covariance,SMALL3,100000,655347,92109.0,1120.6,76.38710279676937,142.3,1111.373502847666,92.49875103870035,161.10113578113607,656014.7389582036,590.2738703750816,584.8179546671427,1107.8897531682792,107246.73895820355
doitgen,MEDIUM,100,1096055,147198.0,477122.25,1401.5982934906126,59800.6,476892.31586477923,1384.2365597912112,59518.63422696059,1096644.9803815745,2.299565213989574,2.2972204712733477,474515.1118588164,107248.9803815744
doitgen,MEDIUM,250,1096055,147198.0,242062.65,1374.3706033174642,30326.15,241664.63988916963,1149.167224784081,30167.23844512411,1096644.9803815745,4.537879355806912,4.527980669467182,240547.6377235507,107248.9803815744
doitgen,MEDIUM,500,1096055,147198.0,141578.35,704.6618655332799,17733.3,141476.70234190623,892.8661873837824,17671.636170237995,1096644.9803815745,7.751417457634237,7.74168508108761,140865.47083019515,107248.9803815744
doitgen,MEDIUM,750,1096055,147198.0,103910.3,627.7880215486754,13015.3,103974.29309259677,759.6168963295762,12995.505559018507,1096644.9803815745,10.547270366194569,10.548088110610786,103550.95872937211,107248.9803815744
doitgen,MEDIUM,1000,1096055,147198.0,83458.1,606.0480178995762,10451.75,83503.33909775353,679.4729953409244,10443.071661232012,1096644.9803815745,13.13294764294135,13.132997276477656,83179.08673674123,107248.9803815744
doitgen,MEDIUM,2500,1096055,147198.0,39946.1,367.7480401751065,5003.2,40049.114800344,490.71702603590563,5023.660329622543,1096644.9803815745,27.38250235613584,27.438348174164688,39913.89411588152,107248.9803815744
doitgen,MEDIUM,5000,1096055,147198.0,21864.25,268.58241408903683,2739.3,21926.091588888863,380.1872499317177,2762.192497651024,1096644.9803815745,50.015524925441056,50.130006746172405,21857.453323153757,107248.9803815744
doitgen,MEDIUM,7500,1096055,147198.0,15274.8,323.76349392728014,1914.35,15220.173614600775,322.66916085168975,1925.11462825314,1096644.9803815745,72.05206774576858,71.7557676696258,15174.17746018412,107248.9803815744
doitgen,MEDIUM,10000,1096055,147198.0,11680.3,249.25469958088655,1464.65,11717.025866869346,285.39160918145257,1487.758529944217,1096644.9803815745,93.5941417934742,93.8379151220431,11682.438463268814,107248.9803815744
doitgen,MEDIUM,25000,1096055,147198.0,5168.65,177.39764283724435,649.4,5131.756176656466,188.04647980779,665.4720043491591,1096644.9803815745,213.69779518560065,212.05827440434157,5117.8553193730195,107248.9803815744
doitgen,MEDIUM,50000,1096055,147198.0,2829.8,126.18891435170987,356.6,2847.145386895139,135.0238483570033,380.1538876706272,1096644.9803815745,385.1735093786288,387.32595943176193,2840.183846860334,107248.9803815744
doitgen,MEDIUM,75000,1096055,147198.0,2086.25,115.18035057202563,263.7,2061.822040527429,111.3478573612632,282.07042371289026,1096644.9803815745,531.8814906552482,525.3708807669263,2057.178534998404,107248.9803815744
doitgen,MEDIUM,100000,1096055,147198.0,1660.0,115.12693223705644,210.15,1651.3956499185078,97.68946377031091,230.807292550304,1096644.9803815745,664.0716175046792,660.2740963855422,1647.9120898462504,107248.9803815744
doitgen,MINI,100,115689,24651.0,4129.6,155.24323868656757,674.05,4173.074531335974,124.47168931857904,426.6479003414107,116292.9803815744,27.867458275264543,28.014577683068577,1795.8705253731518,107248.9803815744
doitgen,MINI,250,115689,24651.0,1995.85,111.59290441506339,317.15,1998.6610202032302,86.7052745352339,206.43143768759796,116292.9803815744,58.185444758285904,57.964776912092596,881.6588545843003,107248.9803815744
doitgen,MINI,500,115689,24651.0,1130.85,59.689790187531855,179.65,1136.2728537544167,63.950054131208425,126.15852566176628,116292.9803815744,102.34599902419993,102.30269266480967,525.041342043323,107248.9803815744
doitgen,MINI,750,115689,24651.0,819.85,76.8643884417636,128.45,818.7415641615326,53.33470627589346,97.98772335115953,116292.9803815744,142.03869141622144,141.10995913886686,395.4072009368719,107248.9803815744
doitgen,MINI,1000,115689,24651.0,652.8,50.69371392568262,99.8,649.7358184602722,47.07129900249059,83.2488364128738,116292.9803815744,178.98502295465659,177.21966911764707,325.48345744796757,107248.9803815744
doitgen,MINI,2500,115689,24651.0,318.85,47.19977140890231,49.15,313.3249924313135,32.65988592212928,53.96258254294674,116292.9803815744,371.157689909042,362.83205268935234,178.10430796883446,107248.9803815744
doitgen,MINI,5000,115689,24651.0,178.15,25.223787853615693,28.0,183.31039533689216,25.012232091695843,41.690148827052724,116292.9803815744,634.4047219354277,649.3909626719056,114.67212960178566,107248.9803815744
doitgen,MINI,7500,115689,24651.0,138.1,26.098800133742795,21.85,134.57716561418079,21.418572853174798,35.81283228336979,116292.9803815744,864.1360505018711,837.7190441708907,88.58101119752547,107248.9803815744
doitgen,MINI,10000,115689,24651.0,111.6,17.58109032005994,17.85,107.91955007603164,19.209641074031698,31.74959453861873,116292.9803815744,1077.5895590710256,1036.6397849462367,73.33214647550034,107248.9803815744
doitgen,MINI,25000,115689,24651.0,58.15,15.752276360142865,9.8,51.90896758376212,13.499999257339844,19.446233671021773,116292.9803815744,2240.325434982308,1989.4926913155632,38.00811030031533,107248.9803815744
doitgen,MINI,50000,115689,24651.0,31.2,11.90577038334994,5.3,28.616934461579614,10.12727331234957,11.957154099184317,116292.9803815744,4063.781902904606,3707.9807692307695,21.655394426774883,107248.9803815744
doitgen,MINI,75000,115689,24651.0,18.55,10.282714161461254,3.45,19.854798359423583,8.478250669601422,8.643955330261667,116292.9803815744,5857.172572411386,6236.603773584906,15.21129283039831,107248.9803815744
doitgen,MINI,100000,115689,24651.0,16.6,7.535180646037694,2.85,15.218240971599066,7.445550948634455,6.769583716348207,116292.9803815744,7641.6834638513965,6969.216867469879,11.734680899341745,107248.9803815744
doitgen,MINI2,100,130438,26494.0,7732.2,205.85677187383422,1127.95,7788.138705440118,180.05509353524727,879.2168633434625,131044.9803815744,16.8262257951361,16.869455006337137,5410.934699477297,107248.9803815744
doitgen,MINI2,250,130438,26494.0,3830.05,144.30613474941325,548.35,3797.8267030952275,133.17925797767867,432.3078474334829,131044.9803815744,34.50525540693386,34.05647445855798,2680.824537476298,107248.9803815744
doitgen,MINI2,500,130438,26494.0,2191.95,151.24064999373124,312.9,2134.956151267484,102.37310991045007,251.79609343124204,131044.9803815744,61.380642550328446,59.50774424599102,1523.7246395563902,107248.9803815744
doitgen,MINI2,750,130438,26494.0,1540.65,94.48212028014392,218.8,1520.9736586733738,86.38520661779518,186.4003591201377,131044.9803815744,86.1586126980494,84.66426508291954,1097.639295448713,107248.9803815744
doitgen,MINI2,1000,130438,26494.0,1195.5,93.02206868887559,170.4,1199.7780445325461,76.15174482413133,152.52188965148287,131044.9803815744,109.22435276987565,109.10748640736094,875.5256835202416,107248.9803815744
doitgen,MINI2,2500,130438,26494.0,602.7,75.50887016559187,86.0,583.0726884736561,50.712166538316154,87.96185867141207,131044.9803815744,224.74896007326052,216.42276422764226,447.852004011177,107248.9803815744
doitgen,MINI2,5000,130438,26494.0,340.95,50.56155706296612,48.65,345.5056788646371,38.61041402749277,62.85687491942975,131044.9803815744,379.2845918255238,382.57222466637336,276.86741312953063,107248.9803815744
doitgen,MINI2,7500,130438,26494.0,259.95,39.066037208269464,37.6,255.60075163629628,33.277930543256176,53.18756698546357,131044.9803815744,512.694033732902,501.7811117522601,209.60459721964097,107248.9803815744
doitgen,MINI2,10000,130438,26494.0,219.1,32.887207559363134,31.3,207.20131821293612,29.913820043788398,47.87295611581854,131044.9803815744,632.4524453406345,595.3354632587859,172.6139146124048,107248.9803815744
doitgen,MINI2,25000,130438,26494.0,103.55,22.48385385583455,15.9,108.53019131693698,21.076933849203936,35.075241390719405,131044.9803815744,1207.4518508761148,1259.661999034283,94.62933403349018,107248.9803815744
doitgen,MINI2,50000,130438,26494.0,72.2,14.64527946221293,11.2,65.91427058029855,16.23959776607423,25.99251183521405,131044.9803815744,1988.1124258506638,1806.6204986149585,58.952730545493814,107248.9803815744
doitgen,MINI2,75000,130438,26494.0,52.6,12.725440743065173,8.6,48.41195550768236,13.915242455331857,20.839616643682547,131044.9803815744,2706.8722799429,2479.8098859315587,43.76844997865709,107248.9803815744
doitgen,MINI2,100000,130438,26494.0,39.45,13.797310950822418,6.7,38.52687419641538,12.426679568585685,17.441031228756525,131044.9803815744,3401.391447265844,3306.4131812420783,35.04331412415806,107248.9803815744
doitgen,MINI3,100,156238,29719.0,14761.7,291.9050133898104,2008.3,14754.121242339872,257.2142013708587,1750.2418175274872,156804.9803815744,10.627876632299284,10.584011326608723,12376.91723637705,107248.9803815744
doitgen,MINI3,250,156238,29719.0,7441.9,174.9384553432856,1001.0,7410.405753920467,191.0570658153961,884.485841813805,156804.9803815744,21.160107231458532,20.994369717410876,6293.403588301537,107248.9803815744
doitgen,MINI3,500,156238,29719.0,4144.75,159.61396687336813,556.55,4210.057716924733,150.86078123626706,511.89421351848904,156804.9803815744,37.24532795624325,37.69539779238796,3598.826205213639,107248.9803815744
doitgen,MINI3,750,156238,29719.0,2984.75,130.0092608037475,399.5,2986.8175441031153,129.46746274502334,370.27151226102467,156804.9803815744,52.49901544577272,52.34542256470391,2563.4831808784547,107248.9803815744
doitgen,MINI3,1000,156238,29719.0,2323.6,97.9647627304946,312.6,2337.1417136081004,115.2945275847456,295.2526321488325,156804.9803815744,67.09262834537212,67.23962816319505,2012.8893525957958,107248.9803815744
doitgen,MINI3,2500,156238,29719.0,1077.7,86.19995115397323,144.05,1092.181621289666,77.16133944924678,151.89708301893398,156804.9803815744,143.57042576528298,144.9735547926139,956.960936827187,107248.9803815744
doitgen,MINI3,5000,156238,29719.0,623.55,57.33142336679911,83.25,640.9982310407855,56.55342759772942,99.95692779856087,156804.9803815744,244.6262295092,250.56210408146902,572.359965305679,107248.9803815744
doitgen,MINI3,7500,156238,29719.0,478.1,43.221461530611215,64.95,474.41792615332287,47.91739226277058,80.66617182893366,156804.9803815744,330.52077448460074,326.7893746078226,428.42177173666755,107248.9803815744
doitgen,MINI3,10000,156238,29719.0,391.25,50.70541858306872,53.55,383.5646602940733,42.98606685505209,70.08432256210025,156804.9803815744,408.8097695479932,399.3303514376997,348.97725669354196,107248.9803815744
doitgen,MINI3,25000,156238,29719.0,197.0,29.14211999657432,27.65,196.4928615605198,30.721253376186944,48.04132412016661,156804.9803815744,798.0187124165753,793.0862944162436,182.59200427707302,107248.9803815744
doitgen,MINI3,50000,156238,29719.0,121.55,29.460901833482716,17.75,121.44798520583846,23.428199072753962,38.12119314571518,156804.9803815744,1291.1287092643854,1285.3805018510902,114.48644517103374,107248.9803815744
doitgen,MINI3,75000,156238,29719.0,88.85,21.27829385720773,13.65,91.96331887516155,19.99787135077132,32.89332760271636,156804.9803815744,1705.0817902128365,1758.4468204839618,87.31981334613627,107248.9803815744
doitgen,MINI3,100000,156238,29719.0,79.45,21.12986163304386,12.25,75.17766394476457,17.91462310042803,29.140533152533475,156804.9803815744,2085.792137632582,1966.4946507237255,71.69410387250726,107248.9803815744
doitgen,SMALL,100,234214,39466.0,42953.65,403.0377120920832,5526.8,42824.41906752118,444.9649399158932,5259.343587480008,234804.9803815744,5.48296942478911,5.452714728550426,40447.21506155836,107248.9803815744
doitgen,SMALL,250,234214,39466.0,22050.05,183.66143766237536,2826.85,22084.594214689252,332.93118028886016,2719.169210595406,234804.9803815744,10.63207130269105,10.621926027378622,20967.59204907032,107248.9803815744
doitgen,SMALL,500,234214,39466.0,12882.95,217.98079949245172,1646.15,12905.385973499187,265.53178686127495,1599.4973614570329,234804.9803815744,18.19434001150676,18.180152837665286,12294.154461788094,107248.9803815744
doitgen,SMALL,750,234214,39466.0,9167.25,224.2064074862599,1173.95,9236.45248339457,231.67906397300487,1152.2200226536147,234804.9803815744,25.421554520386504,25.548992336851292,8813.11812016991,107248.9803815744
doitgen,SMALL,1000,234214,39466.0,7197.85,226.14603456034436,919.55,7230.778694185683,208.99536844513088,907.6758904037188,234804.9803815744,32.472986702024585,32.5394388602152,6906.526333173379,107248.9803815744
doitgen,SMALL,2500,234214,39466.0,3228.15,118.85651455697155,413.05,3255.007946748169,144.4657519658681,422.7096692014984,234804.9803815744,72.13653060851976,72.55362978795904,3119.7872622856903,107248.9803815744
doitgen,SMALL,5000,234214,39466.0,1814.7,129.64083989399737,232.45,1805.1569481437928,105.75700053624736,245.74612996548439,234804.9803815744,130.07455148042374,129.0648592053783,1736.5186824086863,107248.9803815744
doitgen,SMALL,7500,234214,39466.0,1291.25,109.88983718155866,166.65,1302.9505945442131,87.55710128925453,184.4221988271342,234804.9803815744,180.21019474166005,181.38547918683446,1256.9544401275577,107248.9803815744
doitgen,SMALL,10000,234214,39466.0,1033.45,68.75086602325361,133.85,1043.4741972616841,76.68379866109078,152.71898271048227,234804.9803815744,225.02231583469583,226.63312206686342,1008.8867936611529,107248.9803815744
doitgen,SMALL,25000,234214,39466.0,510.9,51.88032788112111,67.15,524.9914670144049,52.59964013388573,89.23401430597951,234804.9803815744,447.25485104909666,458.43413583871603,511.0906097309581,107248.9803815744
doitgen,SMALL,50000,234214,39466.0,329.8,48.874274796073486,44.25,310.50573344403966,40.89318108637359,62.86694235599673,234804.9803815744,756.2017543997837,710.1697998787143,303.54419340923494,107248.9803815744
doitgen,SMALL,75000,234214,39466.0,243.3,43.08021893117414,33.15,229.02963905744468,35.05630685693346,52.812111341717966,234804.9803815744,1025.2165673748505,962.6551582408549,224.3861335284194,107248.9803815744
doitgen,SMALL,100000,234214,39466.0,194.85,33.00283081957158,26.95,185.60491555651558,31.248908745957323,47.37282240515368,234804.9803815744,1265.0795356229544,1202.0220682576341,182.12135548425826,107248.9803815744
doitgen,SMALL2,100,326887,51051.0,77700.6,727.4827833014342,9872.95,77719.64091141357,604.9442937351546,9621.44090177408,327444.98038157437,4.213156115257954,4.207007410496186,75342.43690545076,107248.9803815744
doitgen,SMALL2,250,326887,51051.0,39875.8,413.81264512235265,5055.05,39706.874625857105,453.66020100702093,4922.109950991795,327444.98038157437,8.246556382665844,8.197628636917628,38589.87246023818,107248.9803815744
doitgen,SMALL2,500,326887,51051.0,23451.15,373.2565471629397,2966.65,23554.31188513663,355.23595358135003,2930.9479008738494,327444.98038157437,13.90170012091079,13.939060557797804,22943.08037342554,107248.9803815744
doitgen,SMALL2,750,326887,51051.0,17038.1,297.3521569842027,2156.25,17068.60992035576,309.96160828223185,2131.707365270202,327444.98038157437,19.184044975511952,19.185648634530846,16645.2755571311,107248.9803815744
doitgen,SMALL2,1000,326887,51051.0,13513.9,310.7832041793764,1708.6,13460.795935305367,281.0699982662408,1686.94931440086,327444.98038157437,24.32582604738418,24.18894619613879,13136.543574293062,107248.9803815744
doitgen,SMALL2,2500,326887,51051.0,6138.7,174.5270601850673,776.65,6090.309606818515,199.101138655838,777.5601287803643,327444.98038157437,53.764915336155894,53.25019955365143,5955.088922356036,107248.9803815744
doitgen,SMALL2,5000,326887,51051.0,3301.15,144.39539101844073,419.0,3309.091529630885,147.75722134965994,434.01989104935666,327444.98038157437,98.95313485574678,99.02215894461021,3240.4532638957785,107248.9803815744
doitgen,SMALL2,7500,326887,51051.0,2367.1,94.99800551922961,301.35,2337.9526804390334,122.76899470889371,314.00207684599724,327444.98038157437,140.05629075438986,138.09598242575305,2291.956526022378,107248.9803815744
doitgen,SMALL2,10000,326887,51051.0,1875.7,109.57626519797464,238.55,1842.60763995817,107.31860662937011,252.77079677237575,327444.98038157437,177.70738234267165,174.2746707895719,1808.0202363576386,107248.9803815744
doitgen,SMALL2,25000,326887,51051.0,892.3,89.3968679540844,114.55,906.4681027709337,70.61373156445711,136.98775610597605,327444.98038157437,361.23166317780556,366.3420374313572,892.5672454874868,107248.9803815744
doitgen,SMALL2,50000,326887,51051.0,538.2,74.64272799211766,70.05,537.4496368154929,53.927982970212916,91.27109460155953,327444.98038157437,609.2570502452244,607.3708658491266,530.4880967806881,107248.9803815744
doitgen,SMALL2,75000,326887,51051.0,390.85,60.232247876121356,51.6,393.65880511319267,46.57897900924711,73.43398452796868,327444.98038157437,831.7989490605216,836.3489829858001,389.0152995841674,107248.9803815744
doitgen,SMALL2,100000,326887,51051.0,322.2,37.35406692435876,42.8,315.38776060852274,41.88631925472274,63.71783816172099,327444.98038157437,1038.229827783386,1014.5468653010553,311.9042005362654,107248.9803815744
doitgen,SMALL3,100,455935,67183.0,131017.6,944.989412360628,16537.8,131247.48810228347,782.9981183499176,16312.597698723384,456484.98038157437,3.4780473667109546,3.4799523117504823,128870.28409632065,107248.9803815744
doitgen,SMALL3,250,455935,67183.0,66120.3,490.2936928649592,8334.05,66154.05559064119,596.5966541234712,8228.12007258005,456484.98038157437,6.900332508807718,6.895537376569677,65037.053425022255,107248.9803815744
doitgen,SMALL3,500,455935,67183.0,39385.1,440.020202885467,4961.6,39316.19768117649,459.9051203706175,4901.352859826474,456484.98038157437,11.61060853552801,11.5763321662253,38704.9661694654,107248.9803815744
doitgen,SMALL3,750,455935,67183.0,28766.65,481.1933931164757,3621.8,28753.19371169007,397.9127406680054,3592.565436005276,456484.98038157437,15.875974855481292,15.849429808476135,28329.85934846541,107248.9803815744
doitgen,SMALL3,1000,455935,67183.0,22916.35,386.49712670001617,2883.95,22846.436403205866,360.50755364251484,2860.5220979843716,456484.98038157437,19.980576940984953,19.895620375845194,22522.18404219356,107248.9803815744
doitgen,SMALL3,2500,455935,67183.0,10621.2,356.04739483448134,1337.25,10494.37106956894,259.5773284029164,1328.4871527561693,456484.98038157437,43.49807886108268,42.92688208488683,10359.15038510646,107248.9803815744
doitgen,SMALL3,5000,455935,67183.0,5684.1,158.31510883112378,716.25,5671.8208884084725,195.3428568367367,729.6621088912182,456484.98038157437,80.4829682323881,80.21234672155661,5603.182622673366,107248.9803815744
doitgen,SMALL3,7500,455935,67183.0,3936.1,136.93367583960995,496.85,3961.3333637265105,163.25372944410222,517.1512940220838,456484.98038157437,115.23518433504148,115.83420136683519,3915.337209309855,107248.9803815744
doitgen,SMALL3,10000,455935,67183.0,3079.0,132.02392127744758,389.15,3084.729869117165,143.1094301789429,408.21672556759205,456484.98038157437,147.98215719038575,148.07892172783372,3050.142465516634,107248.9803815744
doitgen,SMALL3,25000,455935,67183.0,1471.85,82.98146590781896,187.3,1459.0200958040707,93.0124122524068,206.1374094883933,456484.98038157437,312.87093419368153,309.77001732513503,1445.1192385206239,107248.9803815744
doitgen,SMALL3,50000,455935,67183.0,860.05,72.53490992546097,110.5,862.3307606466757,68.76952688984797,131.92306978756147,456484.98038157437,529.3618194012341,530.1261554560782,855.3692206118709,107248.9803815744
doitgen,SMALL3,75000,455935,67183.0,620.0,60.57096751136769,80.35,633.4679944055482,58.92508161721415,103.43838948736594,456484.98038157437,720.6125398804777,735.3790322580645,628.824488876523,107248.9803815744
doitgen,SMALL3,100000,455935,67183.0,500.25,53.685119961337136,65.15,507.21382747373644,53.091764994563356,87.71805029061082,456484.98038157437,899.9852836330871,911.4142928535732,503.7302674014791,107248.9803815744
fdtd-2d,MEDIUM,100,1259563,167637.0,1139090.3,433.4422926441634,142546.9,1139148.530206591,361.18863087153557,142289.94386726525,1260188.729868093,1.1062549759332532,1.10576220340038,1136772.6610982593,107244.72986809303
fdtd-2d,MEDIUM,250,1259563,167637.0,962036.25,1375.5814799184834,120324.65,961884.455881615,1118.3055140020504,120184.51012050362,1260188.729868093,1.3101248514438955,1.309267712105443,960767.4421750229,107244.72986809303
fdtd-2d,MEDIUM,500,1259563,167637.0,690157.15,1080.1765584238497,86303.85,690338.1922504539,1472.0448476494475,86269.10032028022,1260188.729868093,1.8254657557913267,1.8250379641796075,689726.9138890328,107244.72986809303
fdtd-2d,MEDIUM,750,1259563,167637.0,527881.45,1655.7788587088855,66010.05,527979.4587759557,1499.064579975321,65985.87118561371,1260188.729868093,2.3868139355073756,2.3860717212169513,527555.9637824645,107244.72986809303
fdtd-2d,MEDIUM,1000,1259563,167637.0,426026.2,1293.825604452491,53274.65,425601.4376165259,1454.1551789996327,53195.048758775905,1260188.729868093,2.9609597583256857,2.9565388231991365,425276.9703360357,107244.72986809303
fdtd-2d,MEDIUM,2500,1259563,167637.0,195071.0,1357.4509780816156,24392.8,195037.29080238857,1134.040021079267,24387.41972431873,1260188.729868093,6.461270686665321,6.456946445140487,194901.86314150313,107244.72986809303
fdtd-2d,MEDIUM,5000,1259563,167637.0,102245.55,1078.693872724153,12786.8,102246.31419683862,861.2655990295262,12793.288871973145,1260188.729868093,12.325028435177149,12.319000680225203,102177.54136936867,107244.72986809303
fdtd-2d,MEDIUM,7500,1259563,167637.0,69415.0,622.4942189543445,8681.4,69276.56910174023,720.2998136240965,8673.70750736315,1260188.729868093,18.19069197865974,18.14540084996038,69230.47528103844,107244.72986809303
fdtd-2d,MEDIUM,10000,1259563,167637.0,52324.9,805.7508365036404,6544.85,52389.54740791388,631.3516826268905,6563.659261158152,1260188.729868093,24.0542015004644,24.071961914881825,52354.883607565585,107244.72986809303
fdtd-2d,MEDIUM,25000,1259563,167637.0,21385.4,517.4603366442691,2676.5,21297.783956606083,408.08421615281037,2678.694212614951,1260188.729868093,59.169946151942796,58.89826704200061,21283.85015985692,107244.72986809303
fdtd-2d,MEDIUM,50000,1259563,167637.0,10751.95,359.79255353459956,1346.7,10730.636091836,290.67360860640963,1358.156839341055,1260188.729868093,117.438399651523,117.14740116909024,10723.657668266509,107244.72986809303
fdtd-2d,MEDIUM,75000,1259563,167637.0,7246.35,229.54859020076302,908.4,7184.938945748645,237.9154945662488,914.7863387952299,1260188.729868093,175.39310206856405,173.8203371352474,7180.284091279571,107244.72986809303
fdtd-2d,MEDIUM,100000,1259563,167637.0,5374.95,259.6488468763351,674.4,5407.480213301871,206.2944179234889,692.2928238002642,1260188.729868093,233.04546298073404,234.33948222774166,5403.988106372008,107244.72986809303
fdtd-2d,MINI,100,121409,25367.0,10787.85,150.90787534819137,1506.4,10854.129372703026,182.83016965484163,1251.3450736156892,121948.72986809303,11.235238284037873,11.254235088548691,8478.260264371349,107244.72986809303
fdtd-2d,MINI,250,121409,25367.0,5491.55,188.30671369086312,753.45,5489.375655584352,162.0221290543446,633.7359279473568,121948.72986809303,22.215409824254667,22.108330070745055,4372.361948992175,107244.72986809303
fdtd-2d,MINI,500,121409,25367.0,3039.9,116.58829949419189,417.55,3029.1149987278222,129.86851680877092,354.560460669495,121948.72986809303,40.25886436114491,39.93848481857956,2417.8366373067047,107244.72986809303
fdtd-2d,MINI,750,121409,25367.0,2078.35,108.57075064093841,286.4,2104.2243728867893,110.7232912006108,250.68848341230748,121948.72986809303,57.95424263658316,58.41605119445715,1680.7293793955894,107244.72986809303
fdtd-2d,MINI,1000,121409,25367.0,1614.85,126.59977342625434,220.95,1618.7574272263685,98.01511445708003,196.37274413422105,121948.72986809303,75.33477704379953,75.182834318977,1294.2901467361564,107244.72986809303
fdtd-2d,MINI,2500,121409,25367.0,690.45,71.26708474759614,95.2,701.1689247667871,64.53636785912808,93.27852017927354,121948.72986809303,173.92204012557158,175.84039394597724,565.7412638813577,107244.72986809303
fdtd-2d,MINI,5000,121409,25367.0,391.35,45.684587980492594,54.25,380.1415221294397,46.33753815972405,56.31471303043048,121948.72986809303,320.7982363646374,310.2312507985179,311.368694659487,107244.72986809303
fdtd-2d,MINI,7500,121409,25367.0,265.95,42.60525665615504,37.35,270.2161638632068,38.14157222281332,43.348067556098464,121948.72986809303,451.30064806126063,456.51062229742433,224.12234316142076,107244.72986809303
fdtd-2d,MINI,10000,121409,25367.0,223.05,40.618216032763065,30.85,214.06674308360522,33.26835528848324,36.592963733404616,121948.72986809303,569.6762052406483,544.3129343196592,179.40294273530776,107244.72986809303
fdtd-2d,MINI,25000,121409,25367.0,115.95,27.390884000261646,16.8,106.32520187888991,22.128111604729963,22.83961594521191,121948.72986809303,1146.940967081343,1047.0806382061232,92.39140512972595,107244.72986809303
fdtd-2d,MINI,50000,121409,25367.0,59.3,18.837532523633435,9.0,63.42613779949647,16.989065761710474,16.557804856936787,121948.72986809303,1922.688880309864,2047.3693086003373,56.44771423000522,107244.72986809303
fdtd-2d,MINI,75000,121409,25367.0,49.05,15.54780404193196,7.8,46.60358738555834,14.667556391508766,13.673279756649443,121948.72986809303,2616.724091628252,2475.2089704383284,41.94873291648472,107244.72986809303
fdtd-2d,MINI,100000,121409,25367.0,39.95,14.85181186890925,6.4,37.24904583352911,13.187572338714043,11.807707992884408,121948.72986809303,3273.87526684839,3039.0237797246555,33.756938903665926,107244.72986809303
fdtd-2d,MINI2,100,135810,27167.0,19469.6,243.11561035852898,2590.85,19441.891971856006,245.76199540322233,2324.8153985098875,136348.72986809304,7.013141008368467,6.975489994658339,17066.02286352433,107244.72986809303
fdtd-2d,MINI2,250,135810,27167.0,9901.65,264.3944969170122,1304.1,9910.626412052367,224.48505853234025,1186.3924681551289,136348.72986809304,13.757831664634095,13.715895835542561,8793.61270546019,107244.72986809303
fdtd-2d,MINI2,500,135810,27167.0,5364.35,173.1978713251955,705.75,5450.204849456442,181.21328505214177,657.2227878099898,136348.72986809304,25.01717525015437,25.31714000764305,4838.926488035325,107244.72986809303
fdtd-2d,MINI2,750,135810,27167.0,3747.85,166.50850302296087,494.45,3769.516383492459,154.81273755839712,458.9818765539338,136348.72986809304,36.17141192572981,36.23677575143082,3346.021390001259,107244.72986809303
fdtd-2d,MINI2,1000,135810,27167.0,2893.55,145.72341321110594,380.6,2887.7928594098285,137.1742082890544,355.29715136711144,136348.72986809304,47.21555059733693,46.93542534257227,2563.3255789196164,107244.72986809303
fdtd-2d,MINI2,2500,135810,27167.0,1241.45,89.19846293223715,163.75,1224.8307478837621,90.44952160778132,159.88187513348282,136348.72986809304,111.32046619802257,109.39627049015265,1089.4030869983328,107244.72986809303
fdtd-2d,MINI2,5000,135810,27167.0,664.75,66.99872347566347,88.3,646.3140891527387,64.87622131237737,91.01339991633934,136348.72986809304,210.96357352635513,204.30236931177134,577.5412616827861,107244.72986809303
fdtd-2d,MINI2,7500,135810,27167.0,463.8,68.73488350558483,62.9,449.9370198235288,53.25299059193729,67.15576241484604,136348.72986809304,303.03958967761935,292.8201811125485,403.8431991217427,107244.72986809303
fdtd-2d,MINI2,10000,135810,27167.0,322.65,50.68922339532391,43.9,350.6923308440142,46.27814610123779,54.92467591742138,136348.72986809304,388.79872148883726,420.92050209205024,316.0285304957167,107244.72986809303
fdtd-2d,MINI2,25000,135810,27167.0,160.3,36.87403879211098,22.6,167.41685432802012,29.81771516270601,31.735029189880123,136348.72986809304,814.426542747869,847.223955084217,153.48305757885618,107244.72986809303
fdtd-2d,MINI2,50000,135810,27167.0,92.3,20.331722685705238,13.3,100.26836756971348,21.988431519565463,22.530948796267584,136348.72986809304,1359.8379346636316,1471.3976164680391,93.28994400022222,107244.72986809303
fdtd-2d,MINI2,75000,135810,27167.0,68.15,23.14547813061413,10.1,74.68482882778642,18.771327475485496,18.702017628772722,136348.72986809304,1825.6549825198854,1992.8099779897284,70.0299743587128,107244.72986809303
fdtd-2d,MINI2,100000,135810,27167.0,61.6,13.108454483552533,9.4,60.496364531904604,16.89359154497236,16.42187523923751,136348.72986809304,2253.8334480609224,2204.707792207792,57.00425760204142,107244.72986809303
fdtd-2d,MINI3,100,164706,30779.0,44898.2,294.8322627493369,5771.85,44891.16681726609,305.15254142633876,5506.384307087104,165228.72986809304,3.6806512635475226,3.6684321420457837,42515.29770893441,107244.72986809303
fdtd-2d,MINI3,250,164706,30779.0,25421.0,404.61937930018036,3246.15,25322.873187377394,335.3501586346462,3113.149336117964,165228.72986809304,6.524880831866032,6.47913142677314,24205.859480785217,107244.72986809303
fdtd-2d,MINI3,500,164706,30779.0,14455.55,282.6479072515562,1842.6,14445.928623507481,289.9714140999741,1781.8147500221294,165228.72986809304,11.437736830515737,11.393962872391574,13834.650262086365,107244.72986809303
fdtd-2d,MINI3,750,164706,30779.0,10076.3,274.34958490371747,1285.8,10096.668690100549,253.6615751652821,1249.974849196326,165228.72986809304,16.3646777902195,16.345880928515427,9673.173696609349,107244.72986809303
fdtd-2d,MINI3,1000,164706,30779.0,7798.45,214.03405410305493,994.7,7764.036823408991,227.4692511232248,964.9438455068988,165228.72986809304,21.281291372797135,21.120350838948767,7439.569542918779,107244.72986809303
fdtd-2d,MINI3,2500,164706,30779.0,3190.75,169.36347552558453,408.15,3275.5536188828764,153.29759767429545,416.8941200802412,165228.72986809304,50.44299348836307,51.619838595941395,3140.125957997447,107244.72986809303
fdtd-2d,MINI3,5000,164706,30779.0,1726.0,99.89520825134178,222.25,1690.4122172161397,110.7530660314247,222.93560211391377,165228.72986809304,97.74463777847066,95.42641946697567,1621.639389746187,107244.72986809303
fdtd-2d,MINI3,7500,164706,30779.0,1087.4,73.46993656555972,141.0,1151.0947510521237,91.08748218787214,156.44384254816188,165228.72986809304,143.54051194922977,151.4677211697627,1105.0009303503377,107244.72986809303
fdtd-2d,MINI3,10000,164706,30779.0,846.3,73.66217339634831,109.7,879.1351242859348,79.17394811620761,122.64174484957404,165228.72986809304,187.94463479353956,194.61892945763915,844.4713239376373,107244.72986809303
fdtd-2d,MINI3,25000,164706,30779.0,374.5,42.7138582220165,49.45,384.6501157134596,50.4528056861694,60.2411609656843,165228.72986809304,429.555908391246,439.80240320427237,370.7163189642957,107244.72986809303
fdtd-2d,MINI3,50000,164706,30779.0,223.65,38.26400672337276,29.9,216.44770779803838,35.956262027205184,38.523680207653484,165228.72986809304,763.3655793770918,736.4453386988598,209.46928422854714,107244.72986809303
fdtd-2d,MINI3,75000,164706,30779.0,154.4,27.207584081997197,21.1,158.44919410142907,29.65541183149855,30.839577059863892,165228.72986809304,1042.7868112874348,1066.7487046632125,153.79433963235545,107244.72986809303
fdtd-2d,MINI3,100000,164706,30779.0,120.35,27.348193435957086,16.85,128.16799257690968,26.003300256095834,26.691198247296242,165228.72986809304,1289.157507627689,1368.5583714167014,124.6758856470465,107244.72986809303
fdtd-2d,SMALL,100,222354,37985.0,98269.95,268.3390382961151,12444.5,98146.61723483354,364.3498375893056,12163.650585442041,222908.72986809304,2.2711809754455783,2.262685592085882,95770.74812650186,107244.72986809303
fdtd-2d,SMALL,250,222354,37985.0,60660.7,386.58764921595105,7652.15,60636.079949915074,476.9885827297606,7527.50879156117,222908.72986809304,3.6761731637700508,3.665536335716535,59519.0662433229,107244.72986809303
fdtd-2d,SMALL,500,222354,37985.0,35956.95,430.8114100771141,4531.4,35960.46395235789,440.79116924670734,4471.252517698974,222908.72986809304,6.198716739678693,6.183894907660411,35349.18559093677,107244.72986809303
fdtd-2d,SMALL,750,222354,37985.0,25470.65,285.4463310234289,3209.4,25469.416279715577,394.64953679717115,3171.6529585285793,222908.72986809304,8.752015649672451,8.729812548953403,25045.921286224377,107244.72986809303
fdtd-2d,SMALL,1000,222354,37985.0,19740.45,384.61812571897724,2486.85,19708.41381411946,358.09871953233744,2458.056736163899,222908.72986809304,11.31033334140758,11.26387696329111,19383.94653362925,107244.72986809303
fdtd-2d,SMALL,2500,222354,37985.0,8244.3,258.46369998614193,1039.2,8373.755124294432,246.57973444104726,1054.3150679749185,222908.72986809304,26.619924580953782,26.97063425639533,8238.327463409003,107244.72986809303
fdtd-2d,SMALL,5000,222354,37985.0,4241.5,241.1440931978442,536.05,4297.046305004059,179.4407762350543,549.424453638511,222908.72986809304,51.874872655784074,52.42343510550513,4228.273477534106,107244.72986809303
fdtd-2d,SMALL,7500,222354,37985.0,2907.95,154.73831050144645,368.1,2902.546769382483,147.933969424425,376.48642611233765,222908.72986809304,76.79763586221796,76.4641757939442,2856.452948680697,107244.72986809303
fdtd-2d,SMALL,10000,222354,37985.0,2212.1,137.27877897874367,280.85,2198.2631374164275,128.73777223759177,288.9261497592207,222908.72986809304,101.40220525649762,100.51715564395823,2163.59933706813,107244.72986809303
fdtd-2d,SMALL,25000,222354,37985.0,912.25,94.57933178025738,116.6,917.5346639569229,82.14535505572586,128.41946498656029,222908.72986809304,242.94311552959303,243.74239517676077,903.6008672077589,107244.72986809303
fdtd-2d,SMALL,50000,222354,37985.0,494.55,61.75373417219826,64.0,486.03410835514853,58.27659842585596,73.41047836693548,222908.72986809304,458.62775067878994,449.60873521383076,479.05568478565726,107244.72986809303
fdtd-2d,SMALL,75000,222354,37985.0,324.6,41.07938399579142,42.45,341.12838321629033,47.67761146920692,54.72931324430375,222908.72986809304,653.445274082512,685.0092421441774,336.47352874721673,107244.72986809303
fdtd-2d,SMALL,100000,222354,37985.0,265.9,41.14275532568855,35.05,268.0864037230968,41.38349451312792,45.255565790882216,222908.72986809304,831.4809209732724,836.2316660398646,264.59429679323364,107244.72986809303
fdtd-2d,SMALL2,100,366547,56009.0,243254.4,269.78342190883785,30565.05,243093.27904315188,377.9502369970353,30282.481380396384,367068.72986809304,1.5099912729505536,1.5068463304260888,240717.4099348202,107244.72986809303
fdtd-2d,SMALL2,250,366547,56009.0,172858.9,727.6968643025696,21676.55,172862.00298892424,674.419573937678,21556.11942075841,367068.72986809304,2.123478401969068,2.1204982792323683,171744.98928233207,107244.72986809303
fdtd-2d,SMALL2,500,366547,56009.0,110163.3,508.8509346402041,13807.95,110159.38343115726,705.7523603100086,13746.345111651586,367068.72986809304,3.3321603519820724,3.327305917669496,109548.10506973614,107244.72986809303
fdtd-2d,SMALL2,750,366547,56009.0,80103.0,686.9067967114757,10036.55,80163.55480242915,660.5770797687417,10008.582883269462,367068.72986809304,4.578997660130835,4.575945969564186,79740.05980893795,107244.72986809303
fdtd-2d,SMALL2,1000,366547,56009.0,63092.75,468.38017340842435,7906.3,62903.37714481836,613.2344549111873,7857.553389184461,367068.72986809304,5.835437563598764,5.809653248590369,62578.90986432815,107244.72986809303
fdtd-2d,SMALL2,2500,366547,56009.0,27488.8,507.1891166024763,3446.2,27381.874675158833,440.41627536591415,3430.387794836178,367068.72986809304,13.405536845915893,13.334412560752016,27246.447014273403,107244.72986809303
fdtd-2d,SMALL2,5000,366547,56009.0,14123.3,467.52991460721734,1771.55,14116.297085248598,325.1099168693526,1776.9807657516897,367068.72986809304,26.00318820518991,25.953353677964785,14047.524257778645,107244.72986809303
fdtd-2d,SMALL2,7500,366547,56009.0,9466.6,252.6729527524294,1188.15,9521.401611755764,269.31241401112675,1204.252635454991,367068.72986809304,38.55196375866398,38.72002619736759,9475.307791053978,107244.72986809303
fdtd-2d,SMALL2,10000,366547,56009.0,7131.25,200.16752851969835,895.4,7190.355823307597,234.92848312518595,913.6516941346775,367068.72986809304,51.05014812733422,51.40010517090272,7155.6920229593,107244.72986809303
fdtd-2d,SMALL2,25000,366547,56009.0,2959.85,154.52278830406587,372.95,2936.137860267808,150.5466524168735,382.5265605904248,367068.72986809304,125.01753914055396,123.8397216075139,2922.204063518644,107244.72986809303
fdtd-2d,SMALL2,50000,366547,56009.0,1507.15,121.06904293788212,190.9,1500.0310835865992,106.92783970774323,202.03072721421194,367068.72986809304,244.7074156559647,243.2053876521912,1493.0526600171079,107244.72986809303
fdtd-2d,SMALL2,75000,366547,56009.0,1029.5,67.32052162289703,130.8,1018.903463241811,87.43906897370108,141.08053276376515,367068.72986809304,360.2585947644174,356.04371053909665,1014.2486087727374,107244.72986809303
fdtd-2d,SMALL2,100000,366547,56009.0,780.55,84.93370479689625,99.7,777.7952091220849,75.7837527447452,110.37960672522621,367068.72986809304,471.93493295286794,469.60092242649415,774.3031021922217,107244.72986809303
fdtd-2d,SMALL3,100,755363,104612.0,630502.5,439.89502336233267,78974.75,630608.7744682995,401.1968584529383,78722.25150257748,756028.729868093,1.1988871079466694,1.198033314697404,628232.9053599678,107244.72986809303
fdtd-2d,SMALL3,250,755363,104612.0,496192.1,1153.4713237600868,62091.05,496184.3094329433,956.5427651553723,61971.7231307045,756028.729868093,1.5236852828581158,1.5223196822359728,495067.2957263511,107244.72986809303
fdtd-2d,SMALL3,500,755363,104612.0,337247.95,1139.5091036794872,42191.9,336991.5660427732,1126.512496381212,42100.57807710843,756028.729868093,2.243464840221351,2.239785297434721,336380.28768135206,107244.72986809303
fdtd-2d,SMALL3,750,755363,104612.0,251270.2,1041.7091017321388,31433.55,251633.11246789267,1100.7515976416255,31442.431750075502,756028.729868093,3.004488250585698,3.0061782097518925,251209.6174744015,107244.72986809303
fdtd-2d,SMALL3,1000,755363,104612.0,200522.8,1096.2004522800348,25084.2,200189.38673903237,1044.9166361995447,25018.42587275383,756028.729868093,3.776567490331817,3.766968145268269,199864.91945854216,107244.72986809303
fdtd-2d,SMALL3,2500,755363,104612.0,89335.9,738.4457290396101,11176.1,89417.30748071642,782.3284538146878,11184.869772491298,756028.729868093,8.455060336402289,8.4553130376478,89281.879819831,107244.72986809303
fdtd-2d,SMALL3,5000,755363,104612.0,46337.55,604.207220901467,5798.2,46462.03913855415,585.8056775001963,5820.227498636042,756028.729868093,16.271966187569696,16.30131502420823,46393.2663110842,107244.72986809303
fdtd-2d,SMALL3,7500,755363,104612.0,31463.6,427.0905734088926,3937.8,31392.401341958543,487.5924934807021,3938.168301073914,756028.729868093,24.083176104709075,24.00751980065854,31346.307521256756,107244.72986809303
fdtd-2d,SMALL3,10000,755363,104612.0,23696.9,351.2807993614226,2966.8,23710.747030393108,426.3593924932038,2978.7950472337675,756028.729868093,31.88548757654046,31.87602597808152,23676.08323004481,107244.72986809303
fdtd-2d,SMALL3,25000,755363,104612.0,9679.8,308.06827677950656,1213.35,9630.945981944174,274.3982556175537,1220.2430338002623,756028.729868093,78.49994499870255,78.03498006157153,9617.01218519501,107244.72986809303
fdtd-2d,SMALL3,50000,755363,104612.0,4817.45,225.39730419160318,605.0,4863.48685184057,195.169617641387,624.2442543150403,756028.729868093,155.44993805873588,156.7972682643307,4856.508428271079,107244.72986809303
fdtd-2d,SMALL3,75000,755363,104612.0,3274.75,144.72110201494831,411.85,3265.4482492431866,159.6700138436779,423.9580480954509,756028.729868093,231.52372114404608,230.66279868692266,3260.793394774113,107244.72986809303
fdtd-2d,SMALL3,100000,755363,104612.0,2486.4,147.4275558046267,313.25,2464.540343830649,138.41628328235282,323.2966917885505,756028.729868093,306.7625700510925,303.79786036036035,2461.048236900786,107244.72986809303
floyd-warshall,MEDIUM,100,1105864,273417.0,1002328.15,136.03493165940571,250447.0,1002402.4094824598,76.53223496842271,907214.5791051016,1107321.2300673113,1.104667366710562,1.1032953629008624,1000025.2240543078,107257.23006731142
floyd-warshall,MEDIUM,250,1105864,273417.0,1000799.65,102.46810800388481,250123.05,1001094.5464203395,49.226520555258524,907056.0841882954,1107321.2300673113,1.1061105407344507,1.1049804024212038,999975.2392627033,107257.23006731142
floyd-warshall,MEDIUM,500,1105864,273417.0,982489.7,298.02668548832924,245579.35,994102.8489998808,103.72945741437123,900920.9628834534,1107321.2300673113,1.1138900076398877,1.125573123056659,993490.1558915998,107257.23006731142
floyd-warshall,MEDIUM,750,1105864,273417.0,931175.25,494.43789190085255,232762.75,966140.1616292913,228.07866207372308,875086.0281043856,1107321.2300673113,1.1461289718046017,1.1876002932852865,965715.503467762,107257.23006731142
floyd-warshall,MEDIUM,1000,1105864,273417.0,865104.0,706.3031256218142,216253.4,921227.2506206833,341.3543171415418,833735.1334176811,1107321.2300673113,1.2020065942700304,1.2783017995524237,920901.7679241888,107257.23006731142
floyd-warshall,MEDIUM,2500,1105864,273417.0,551453.05,1607.5535343463632,137852.25,639748.4421006093,626.5294507052247,577048.7535539911,1107321.2300673113,1.7308697562926925,2.00536382925074,639612.4356096705,107257.23006731142
floyd-warshall,MEDIUM,5000,1105864,273417.0,329934.15,1390.6069585464775,82479.0,400368.1048549961,648.7924023144977,360427.07581843965,1107321.2300673113,2.7657578529347564,3.3517718611425944,400298.99951817817,107257.23006731142
floyd-warshall,MEDIUM,7500,1105864,273417.0,234666.55,1210.7496796787111,58663.0,289075.14760831447,603.5318438969795,260037.21247686574,1107321.2300673113,3.8305653018905947,4.712490979221368,289028.82115635986,107257.23006731142
floyd-warshall,MEDIUM,10000,1105864,273417.0,181458.0,1382.5776841217905,45361.1,225843.70767742288,558.2439912582116,203074.37807159184,1107321.2300673113,4.903042203190007,6.094324857542793,225808.86508094755,107257.23006731142
floyd-warshall,MEDIUM,25000,1105864,273417.0,76991.8,625.6374097039375,19246.0,97393.25001384533,397.9122148055136,87504.44900030851,1107321.2300673113,11.369589061971908,14.363399738673468,97379.24143560146,107257.23006731142
floyd-warshall,MEDIUM,50000,1105864,273417.0,39187.05,579.8200696404832,9795.25,49965.02764385724,292.8987412960986,44877.63535050575,1107321.2300673113,22.16192569651158,28.220139051038544,49958.01126339377,107257.23006731142
floyd-warshall,MEDIUM,75000,1105864,273417.0,26265.2,421.889808512028,6565.5,33603.70953091875,242.38288721339086,30177.99464031555,1107321.2300673113,32.952350961386145,42.10377229185386,33599.029244345875,107257.23006731142
floyd-warshall,MEDIUM,100000,1105864,273417.0,19787.25,484.5089619506805,4945.15,25316.847109219027,211.32478894175657,22733.777648566665,1107321.2300673113,43.738512354648016,55.887705466904194,25313.335880154937,107257.23006731142
floyd-warshall,MINI,100,120963,27110.0,15521.8,110.40957243015865,3739.4,16133.830953861067,83.33625708744859,12516.125193465336,121721.23006731142,7.544471639464012,7.7931038925897775,13756.64552570911,107257.23006731142
floyd-warshall,MINI,250,120963,27110.0,10017.8,142.9558636340903,2434.9,11347.316580773235,87.4710168230589,9222.141224792082,121721.23006731142,10.726873547668045,12.074806843818005,10228.009423137068,107257.23006731142
floyd-warshall,MINI,500,120963,27110.0,6121.9,98.61883027196447,1486.85,7270.612734593826,87.63803059366556,5982.551501067058,121721.23006731142,16.741536719203545,19.75906172920172,6657.919626312784,107257.23006731142
floyd-warshall,MINI,750,120963,27110.0,4410.85,91.83811558217099,1073.6,5309.797771566318,81.75110710003506,4383.604037919775,121721.23006731142,22.923891888900567,27.423965902263735,4885.139610037078,107257.23006731142
floyd-warshall,MINI,1000,120963,27110.0,3414.7,97.2512210720256,830.45,4176.97888904594,75.87576873580288,3453.212495097077,121721.23006731142,29.140973248996634,35.42419539051747,3851.496192551357,107257.23006731142
floyd-warshall,MINI,2500,120963,27110.0,1480.45,73.52083485580624,358.55,1834.8545558762646,54.57836838631595,1519.1117970080913,121721.23006731142,66.33835345558573,81.70691343848154,1698.8480649374533,107257.23006731142
floyd-warshall,MINI,5000,120963,27110.0,772.8,41.55858262108661,188.3,956.5423716748315,40.327081935977375,791.1225814463484,121721.23006731142,127.25126839304252,156.52562111801242,887.437034856893,107257.23006731142
floyd-warshall,MINI,7500,120963,27110.0,539.05,39.20992758285373,130.4,651.8932321420433,33.41668318219848,538.3497964494246,121721.23006731142,186.71957932029758,224.40033392078658,605.5667801874581,107257.23006731142
floyd-warshall,MINI,10000,120963,27110.0,387.5,29.37865318829123,93.65,497.26920388453897,29.15472566742109,410.0083354263371,121721.23006731142,244.77934510413377,312.1625806451613,462.42660740922383,107257.23006731142
floyd-warshall,MINI,25000,120963,27110.0,173.4,26.03924164147562,41.9,215.01567599177773,18.687061177535778,175.65391222547183,121721.23006731142,566.1039805858903,697.5951557093425,201.00709774790596,107257.23006731142
floyd-warshall,MINI,50000,120963,27110.0,99.2,15.985519763375327,23.3,119.75237478530443,13.274437660208536,96.52814925631294,121721.23006731142,1016.4410541798175,1219.3850806451612,112.7359943218311,107257.23006731142
floyd-warshall,MINI,75000,120963,27110.0,72.75,13.920356166042364,16.8,87.72780760086391,10.862137015853671,69.9019948437166,121721.23006731142,1387.4874272603247,1662.721649484536,83.04752102799068,107257.23006731142
floyd-warshall,MINI,100000,120963,27110.0,63.7,13.94387245163152,14.5,71.52592596571402,9.42762392781777,56.403038010609436,121721.23006731142,1701.7777599364256,1898.9481946624803,68.01469690162541,107257.23006731142
floyd-warshall,MINI2,100,138980,31612.0,33943.4,122.34954240337818,8345.35,34466.32896519452,80.4292853165111,28199.798208264892,139721.23006731144,4.053847168011642,4.0944631356905905,32089.143537042568,107257.23006731142
floyd-warshall,MINI2,250,138980,31612.0,25919.1,133.85023052100556,6407.95,28398.309755287828,103.67611990404816,23845.253260422774,139721.23006731144,4.92005444237029,5.362068898997265,27279.002597651663,107257.23006731142
floyd-warshall,MINI2,500,138980,31612.0,17334.35,159.14914388711043,4293.5,20156.45801710112,128.8826126127256,17037.31965467419,139721.23006731144,6.9318344497217375,8.017606659609388,19543.764908820078,107257.23006731142
floyd-warshall,MINI2,750,138980,31612.0,12787.9,155.09620104614834,3166.45,15341.313015419633,130.2065564786867,12989.046276208388,139721.23006731144,9.107514456349135,10.868086237771644,14916.654853890393,107257.23006731142
floyd-warshall,MINI2,1000,138980,31612.0,10179.6,198.31670577506492,2519.7,12334.063426046994,125.87993532358105,10450.146113575405,139721.23006731144,11.328077798939242,13.652795787653739,12008.580729552412,107257.23006731142
floyd-warshall,MINI2,2500,138980,31612.0,4549.2,128.53899674499766,1125.95,5629.649361634531,97.57292676924828,4773.469955893547,139721.23006731144,24.81881571870123,30.55042644860635,5493.6428706957195,107257.23006731142
floyd-warshall,MINI2,5000,138980,31612.0,2324.85,83.57365172802905,575.5,2955.041024447485,73.93958788865147,2504.8371712999337,139721.23006731144,47.282331754915525,59.780200873174614,2885.9356876295465,107257.23006731142
floyd-warshall,MINI2,7500,138980,31612.0,1595.9,77.05356988212125,395.35,2007.7159744812488,61.789871854675724,1700.9280627757885,139721.23006731144,69.59212948605065,87.08565699605238,1961.3895225266635,107257.23006731142
floyd-warshall,MINI2,10000,138980,31612.0,1224.75,56.365232845116616,302.1,1523.0944386069025,54.1380828970233,1289.6074017966907,139721.23006731144,91.73510619282898,113.47621963666055,1488.2518421315874,107257.23006731142
floyd-warshall,MINI2,25000,138980,31612.0,502.7,44.05869291130448,123.9,631.898456426684,34.966467970393616,533.1002090151746,139721.23006731144,221.11342201628338,276.4670777799881,617.8898781828123,107257.23006731142
floyd-warshall,MINI2,50000,138980,31612.0,265.9,29.12206614995071,64.9,329.34328163689014,24.899010081558252,276.24094282000056,139721.23006731144,424.24193192244275,522.6776983828507,322.32690117341684,107257.23006731142
floyd-warshall,MINI2,75000,138980,31612.0,181.85,23.43698157321369,44.2,227.8730982459989,20.377564400097103,190.0928488596957,139721.23006731144,613.1536857258873,764.2562551553478,223.19281167312568,107257.23006731142
floyd-warshall,MINI2,100000,138980,31612.0,136.4,26.857126859697686,32.95,177.01965885679974,17.668199018469814,146.91743506211765,139721.23006731144,789.2978156755973,1018.9149560117302,173.50842979271113,107257.23006731142
floyd-warshall,MINI3,100,164164,37910.0,59484.9,133.6251237013866,14734.8,59867.33881124309,77.9201651525811,51608.491484717495,164921.23006731144,2.754778036606819,2.7597591993934594,57490.153383091136,107257.23006731142
floyd-warshall,MINI3,250,164164,37910.0,50359.2,220.69330946384665,12518.05,53755.33370668396,101.06412499120653,47084.212115533344,164921.23006731144,3.0679975119716367,3.259861157444916,52636.02654904779,107257.23006731142
floyd-warshall,MINI3,500,164164,37910.0,36245.6,182.87482057407396,9017.4,41366.79220060363,150.25628750269738,36357.38081813447,164921.23006731144,3.986802488033019,4.529211821572826,40754.09909232259,107257.23006731142
floyd-warshall,MINI3,750,164164,37910.0,27720.45,251.44393013155005,6899.7,32674.26793822829,163.3129479786215,28733.561479327986,164921.23006731144,5.047434586112231,5.92212608381177,32249.60977669905,107257.23006731142
floyd-warshall,MINI3,1000,164164,37910.0,22427.65,202.51738716777692,5583.5,26816.85828649968,164.04360326479704,23585.65947365175,164921.23006731144,6.149908699422004,7.319714727133694,26491.375590005096,107257.23006731142
floyd-warshall,MINI3,2500,164164,37910.0,10214.5,172.29060517503225,2543.7,12740.290501307149,136.577632626576,11203.538803155341,164921.23006731144,12.944856324146658,16.071662832248276,12604.284010368337,107257.23006731142
floyd-warshall,MINI3,5000,164164,37910.0,5437.8,116.81050781861241,1352.25,6772.987822103511,106.07043109620155,5953.742569389337,164921.23006731144,24.3498488996384,30.189414836882563,6703.882485285572,107257.23006731142
floyd-warshall,MINI3,7500,164164,37910.0,3698.4,122.03942417363164,920.6,4615.051297691162,89.37692807435565,4055.4009955058373,164921.23006731144,35.73551395838632,44.387843391736965,4568.724845736577,107257.23006731142
floyd-warshall,MINI3,10000,164164,37910.0,2741.5,101.30282897281171,681.65,3502.403629667414,78.63447732015788,3076.6407023466145,164921.23006731144,47.088013691606484,59.88108699616998,3467.561033192099,107257.23006731142
floyd-warshall,MINI3,25000,164164,37910.0,1146.3,68.178635332408,283.8,1441.139049653634,51.1701375793092,1263.4917849250749,164921.23006731144,114.43811067845876,143.21207362819507,1427.130471409762,107257.23006731142
floyd-warshall,MINI3,50000,164164,37910.0,589.15,41.927600506236054,145.55,736.9377310143234,36.52876286663343,644.0811057056075,164921.23006731144,223.79262606124584,278.64550623780025,729.9213505508501,107257.23006731142
floyd-warshall,MINI3,75000,164164,37910.0,394.8,41.84256206304771,97.0,500.2679351189987,29.9204490837472,435.91104228262265,164921.23006731144,329.6658020428226,415.8156028368794,495.5876485461255,107257.23006731142
floyd-warshall,MINI3,100000,164164,37910.0,299.1,26.661424923423883,73.75,381.5677574229232,25.953044399633132,331.5053104097546,164921.23006731144,432.22003657011186,548.859913072551,378.05652835883456,107257.23006731142
floyd-warshall,SMALL,100,235447,55814.0,131835.35,86.63855650738796,32826.05,131986.27827724972,76.6904283724213,116130.46186674632,236921.23006731144,1.7950444027949322,1.7859170548718533,129609.09284909777,107257.23006731142
floyd-warshall,SMALL,250,235447,55814.0,123533.5,265.0919403567451,30810.8,127368.8673246455,88.47703050093291,112939.84667922501,236921.23006731144,1.8601188425695285,1.9059364463890363,126249.56016700933,107257.23006731142
floyd-warshall,SMALL,500,235447,55814.0,99602.65,301.8747169553002,24862.15,109544.30196789208,177.88761003356797,97230.79218841143,236921.23006731144,2.1627891712410023,2.3638628088710494,108931.60885961103,107257.23006731142
floyd-warshall,SMALL,750,235447,55814.0,80483.75,354.9846364355278,20089.95,92003.74513008105,221.21649516118615,81626.80790111276,236921.23006731144,2.575125933540383,2.925397984065106,91579.08696855181,107257.23006731142
floyd-warshall,SMALL,1000,235447,55814.0,67183.45,306.03121185849517,16770.6,78314.56964958979,238.6506110911725,69451.64680317683,236921.23006731144,3.0252509989825684,3.504538692192795,77989.0869530952,107257.23006731142
floyd-warshall,SMALL,2500,235447,55814.0,32645.25,295.53464041328624,8150.25,40136.55780675392,227.46500789506723,35550.31323911993,236921.23006731144,5.902878647641375,7.212289689924262,40000.55131581511,107257.23006731142
floyd-warshall,SMALL,5000,235447,55814.0,17410.55,279.4412611284394,4347.15,21932.773589275483,185.16808517878303,19414.52485899069,236921.23006731144,10.80215546396555,13.523237347470356,21863.668252457544,107257.23006731142
floyd-warshall,SMALL,7500,235447,55814.0,11899.4,191.61787632242417,2970.1,15076.269605164975,158.5287009248612,13341.40721097916,236921.23006731144,15.714844339619972,19.786459821503605,15029.94315321039,107257.23006731142
floyd-warshall,SMALL,10000,235447,55814.0,9157.25,149.2270876356252,2284.65,11485.84876798905,140.59486854308938,10162.142387645597,236921.23006731144,20.627228762371367,25.711540036583035,11451.006171513734,107257.23006731142
floyd-warshall,SMALL,25000,235447,55814.0,3694.65,90.26993146289519,922.0,4736.700313152503,92.82345674431308,4187.563820973002,236921.23006731144,50.01820136466031,63.72646935433667,4722.691734908632,107257.23006731142
floyd-warshall,SMALL,50000,235447,55814.0,1882.15,79.64676951852373,469.45,2402.2132510271013,66.58555894347079,2121.500111830641,236921.23006731144,98.6262272785367,125.09470552293918,2395.1968705636277,107257.23006731142
floyd-warshall,SMALL,75000,235447,55814.0,1259.05,75.62405284313353,313.35,1614.3745092785794,54.62802649039577,1424.306087604226,236921.23006731144,146.75729126396152,187.00369326079186,1609.6942227057061,107257.23006731142
floyd-warshall,SMALL,100000,235447,55814.0,937.8,57.025940542325486,233.2,1218.62375205439,47.422785668437186,1074.099319784525,236921.23006731144,194.41704600612206,251.0631264661975,1215.1125229903014,107257.23006731142
floyd-warshall,SMALL2,100,336232,81013.0,232720.9,105.33350544067244,58044.7,232800.81233552555,76.54667018162802,207480.058534275,337721.23006731144,1.4506875069686986,1.4447864373161157,230423.6269073736,107257.23006731142
floyd-warshall,SMALL2,250,336232,81013.0,226589.0,149.83534822914078,56574.65,229724.92391641496,71.98375968451718,205680.02753180228,337721.23006731144,1.4701114024100874,1.4838849193914974,228605.6167587788,107257.23006731142
floyd-warshall,SMALL2,500,336232,81013.0,197288.15,391.8687045158703,49279.45,210947.52874203032,178.33872391258026,188918.26977494403,337721.23006731144,1.6009726782830145,1.7042686040697326,210334.8356337493,107257.23006731142
floyd-warshall,SMALL2,750,336232,81013.0,166994.0,367.44322869769917,41718.1,185754.14002971057,251.2521895189355,166216.50864807938,337721.23006731144,1.8181087646999112,2.0134376085368335,185329.48186818132,107257.23006731142
floyd-warshall,SMALL2,1000,336232,81013.0,142608.2,466.9772450220915,35627.15,163074.46796331863,290.073933143147,145814.95922288464,337721.23006731144,2.0709632493989014,2.3577325848022763,162748.98526682405,107257.23006731142
floyd-warshall,SMALL2,2500,336232,81013.0,73847.5,535.937005331979,18450.05,89606.97379420583,315.283964519175,79961.35679683923,337721.23006731144,3.7689168126906343,4.553058668201361,89470.96730326701,107257.23006731142
floyd-warshall,SMALL2,5000,336232,81013.0,40458.65,321.2849653304186,10109.7,50325.10503790098,268.9022571449358,44866.18248332781,337721.23006731144,6.710790366219125,8.310509619080221,50255.99970108304,107257.23006731142
floyd-warshall,SMALL2,7500,336232,81013.0,27884.8,300.74461976199945,6966.85,34920.85878488482,233.89821301718126,31121.50601119233,337721.23006731144,9.67104595415881,12.057895340830846,34874.532332930234,107257.23006731142
floyd-warshall,SMALL2,10000,336232,81013.0,21214.3,370.9050240184213,5300.1,26729.032430299685,209.1034512565646,23815.95263743186,337721.23006731144,12.63499645742788,15.849309192384382,26694.18983382437,107257.23006731142
floyd-warshall,SMALL2,25000,336232,81013.0,8688.85,149.92779841257658,2170.7,11104.410304107334,140.07052300712837,9888.58250164001,337721.23006731144,30.413252106002787,38.696950689676996,11090.401725863463,107257.23006731142
floyd-warshall,SMALL2,50000,336232,81013.0,4403.5,114.88964957274152,1099.3,5632.836559391894,100.96747069113566,5013.409641636849,337721.23006731144,59.95580139889074,76.3556262064267,5625.820178928421,107257.23006731142
floyd-warshall,SMALL2,75000,336232,81013.0,2979.6,106.32690405685562,743.35,3778.645667341466,82.97028134288003,3361.5590013374926,337721.23006731144,89.37626329618816,112.84467713787086,3773.9653807685927,107257.23006731142
floyd-warshall,SMALL2,100000,336232,81013.0,2224.45,90.94676001867658,554.7,2845.791350454323,72.08538192541471,2530.5475428215746,337721.23006731144,118.67392527333219,151.15286924857833,2842.2801213902344,107257.23006731142
floyd-warshall,SMALL3,100,515448,125815.0,411944.5,106.50500358892263,102851.5,412002.34469952795,76.53277595616338,370301.51657509577,516921.23006731144,1.2546560395045823,1.2512559337483569,409625.159271376,107257.23006731142
floyd-warshall,SMALL3,250,515448,125815.0,408321.8,142.29420966877274,102010.4,410076.1150999834,57.78287993971759,369562.0290090834,516921.23006731144,1.2605494712640783,1.2623572878058433,408956.80794234725,107257.23006731142
floyd-warshall,SMALL3,500,515448,125815.0,378550.2,324.0749750808968,94599.6,394217.2670524972,160.26218633458953,355317.5961934555,516921.23006731144,1.3112597373835326,1.361637109160159,393604.5739442161,107257.23006731142
floyd-warshall,SMALL3,750,515448,125815.0,335903.0,515.2979720511228,83946.0,363232.0061366175,263.00336471298783,327089.6569356195,516921.23006731144,1.423115863509255,1.5345144282724477,362807.3479750883,107257.23006731142
floyd-warshall,SMALL3,1000,515448,125815.0,296245.25,627.163109397768,74038.5,329686.74651860923,330.5882394048473,296617.90082106,516921.23006731144,1.5679163191297218,1.7399367584796719,329361.2638221146,107257.23006731142
floyd-warshall,SMALL3,2500,515448,125815.0,164460.4,721.9570915956604,41105.15,196857.20412422062,425.10813185185685,176637.3508095246,516921.23006731144,2.6258690016806514,3.1341769812064184,196721.19763328182,107257.23006731142
floyd-warshall,SMALL3,5000,515448,125815.0,92691.0,608.6819236765022,23166.75,114510.9577108011,385.3253281447501,102617.17785024039,516921.23006731144,4.514163887903223,5.560928245460724,114441.85237398316,107257.23006731142
floyd-warshall,SMALL3,7500,515448,125815.0,64398.05,553.4047224609716,16094.8,80460.56349406701,342.23555960863666,72068.27864610756,516921.23006731144,6.4245290813235245,8.0040932916447,80414.23704211242,107257.23006731142
floyd-warshall,SMALL3,10000,515448,125815.0,49527.2,446.97104580663154,12378.6,61979.25847380626,309.2008258843347,55500.06367926375,516921.23006731144,8.340229341171826,10.407372110678578,61944.41587733094,107257.23006731142
floyd-warshall,SMALL3,25000,515448,125815.0,20584.35,321.82150577446987,5144.25,26039.811055308208,211.13249040227046,23304.464405062423,516921.23006731144,19.851189740562162,25.04077126554883,26025.802477064335,107257.23006731142
floyd-warshall,SMALL3,50000,515448,125815.0,10380.2,203.2428156301304,2593.35,13246.75913523355,153.17570696996788,11851.206977769742,516921.23006731144,39.02246766851912,49.65684668888846,13239.742754770075,107257.23006731142
floyd-warshall,SMALL3,75000,515448,125815.0,6957.9,189.42819775646683,1738.2,8887.627266944983,126.1441178687869,7949.4209596237315,516921.23006731144,58.161893443692655,74.08097270728237,8882.94698037211,107257.23006731142
floyd-warshall,SMALL3,100000,515448,125815.0,5232.6,176.8232540077654,1306.9,6689.991893193395,109.71352205074206,5982.510384761623,516921.23006731144,77.26784102582293,98.50705194358444,6686.480664129307,107257.23006731142
gemm,MEDIUM,100,1264351,168228.0,1060564.4,1015.5963454257909,132731.35,1060411.5769145605,844.9373790599485,132448.72981428236,1265807.4400009117,1.1936944744454636,1.1921491990491102,1058036.7168962592,107247.44000091171
gemm,MEDIUM,250,1264351,168228.0,761584.15,1602.0815169154562,95265.5,761695.2622202781,1389.2056806680594,95162.5005992072,1265807.4400009117,1.6618292154150842,1.6601592877162688,760577.9534678657,107247.44000091171
gemm,MEDIUM,500,1264351,168228.0,495884.85,1841.2425231205611,62027.5,496062.97723616916,1455.7250275060653,61987.07961165571,1265807.4400009117,2.5517071381811207,2.5496866863345393,495451.6107830217,107247.44000091171
gemm,MEDIUM,750,1264351,168228.0,364883.85,1653.319190216108,45639.3,365122.659546053,1376.643563021859,45631.49648600901,1265807.4400009117,3.4668005584059216,3.4650779967378664,364699.28771511687,107247.44000091171
gemm,MEDIUM,1000,1264351,168228.0,288334.5,1052.4624008786038,36065.5,288405.05092384404,1287.7054914737184,36048.41417263004,1265807.4400009117,4.38899192627233,4.385014627108445,288080.8002140124,107247.44000091171
gemm,MEDIUM,2500,1264351,168228.0,127216.9,934.3972388657838,15914.5,127183.42685089499,941.8105646902474,15908.955244614883,1265807.4400009117,9.952613098598894,9.938545900741175,127048.23666323727,107247.44000091171
gemm,MEDIUM,5000,1264351,168228.0,65684.15,697.5296466063191,8218.9,65798.35421862954,700.4135841249794,8240.680028351873,1265807.4400009117,19.23767630714573,19.248951231004742,65729.73757605745,107247.44000091171
gemm,MEDIUM,7500,1264351,168228.0,44370.75,457.79136537349245,5553.9,44387.25013996704,581.7155600621958,5565.967270300106,1265807.4400009117,28.51736559506211,28.49514601398444,44341.269934235286,107247.44000091171
gemm,MEDIUM,10000,1264351,168228.0,33560.55,614.2037614068431,4201.6,33496.4803117181,508.11444509267085,4205.469102167924,1265807.4400009117,37.78926705795096,37.67372703963433,33461.905461678856,107247.44000091171
gemm,MEDIUM,25000,1264351,168228.0,13533.6,325.99376810317284,1697.0,13574.127602052313,326.39012599552876,1716.6189024094956,1265807.4400009117,93.25147641970969,93.4231098894603,13560.23220419945,107247.44000091171
gemm,MEDIUM,50000,1264351,168228.0,6870.65,254.5446450345979,863.55,6839.071859564853,232.0171358349299,874.6912558906116,1265807.4400009117,185.08468195587153,184.02203576080868,6832.113123948398,107247.44000091171
gemm,MEDIUM,75000,1264351,168228.0,4595.1,170.06156779856306,578.65,4582.659212123956,189.78539663151284,592.140839809684,1265807.4400009117,276.21679496744406,275.15200974951574,4578.017592935417,107247.44000091171
gemm,MEDIUM,100000,1264351,168228.0,3440.4,135.8429433690168,434.1,3452.0527250232217,164.51170993692858,450.29165691015413,1265807.4400009117,366.68253379368554,367.50116265550514,3448.570585997437,107247.44000091171
gemm,MINI,100,121594,25390.0,6593.45,180.71509272012142,988.7,6563.183016368503,168.59258926640177,717.680498385161,122207.44000091171,18.620148134849778,18.441635259234545,4188.322998067183,107247.44000091171
gemm,MINI,250,121594,25390.0,3018.4,140.82777836028922,449.9,3033.176446500559,122.7173252892437,329.690696336563,122207.44000091171,40.290250882669575,40.28425655976676,1915.8676940880687,107247.44000091171
gemm,MINI,500,121594,25390.0,1661.8,57.958787535899845,245.7,1636.9276259161625,91.45211696357488,183.38359768968584,122207.44000091171,74.65659328250028,73.1700565651703,1025.5611727687553,107247.44000091171
gemm,MINI,750,121594,25390.0,1132.8,95.05599457826507,169.2,1134.4312514406154,76.05776129187934,131.99360001589994,122207.44000091171,107.72573467605054,107.3393361581921,711.0594205044976,107247.44000091171
gemm,MINI,1000,121594,25390.0,854.8,71.24649575870198,128.6,874.3036714622278,66.49362238841412,105.5700661004181,122207.44000091171,139.77688072214778,142.24847917641554,550.0529616305859,107247.44000091171
gemm,MINI,2500,121594,25390.0,395.65,56.21319848763746,59.15,388.01790763078225,42.81155957704965,55.940294398483566,122207.44000091171,314.95309262168894,307.32718311639076,252.8277199730635,107247.44000091171
gemm,MINI,5000,121594,25390.0,221.45,31.040677895473316,34.25,218.3776636584133,30.637856215804717,38.13118685199653,122207.44000091171,559.6151087689481,549.081056671935,149.76102108631986,107247.44000091171
gemm,MINI,7500,121594,25390.0,168.65,35.76719314208424,26.1,158.61235972401533,25.48728129597541,31.467895039891232,122207.44000091171,770.4786702218668,720.9842869848799,112.63215399226407,107247.44000091171
gemm,MINI,10000,121594,25390.0,141.85,26.145896326896924,21.6,126.81597242123645,22.588280278057724,27.597654105892413,122207.44000091171,963.6596847200219,857.2012689460698,92.2411223819945,107247.44000091171
gemm,MINI,25000,121594,25390.0,71.95,20.47456702196269,11.5,61.42647175156224,15.93250286069626,17.501888155485837,122207.44000091171,1989.4914442616289,1689.9791521890202,47.5310738986993,107247.44000091171
gemm,MINI,50000,121594,25390.0,31.9,9.797421787603641,5.35,34.38824336949299,12.145713554941226,11.40606929828074,122207.44000091171,3553.756401216068,3811.724137931035,27.429507753038433,107247.44000091171
gemm,MINI,75000,121594,25390.0,25.6,9.544356282228009,4.35,24.09869059841423,10.24848154419557,8.518904529873058,122207.44000091171,5071.12365718963,4749.765625,19.457071409874956,107247.44000091171
gemm,MINI,100000,121594,25390.0,19.45,12.836932737428484,3.25,18.592600880792357,9.041903189079594,6.80589314345816,122207.44000091171,6572.90718950256,6251.619537275064,15.11046185500765,107247.44000091171
gemm,MINI2,100,136003,27191.0,13199.4,203.35305052517597,1810.1,13106.522608699006,237.8441797120974,1535.598026048734,136607.4400009117,10.422859218984843,10.303725926936073,10731.662590397686,107247.44000091171
gemm,MINI2,250,136003,27191.0,6144.15,238.38078229677197,839.7,6157.826996660983,185.29226974361734,720.3206674150586,136607.4400009117,22.184358228151854,22.13536453374348,5040.518244248493,107247.44000091171
gemm,MINI2,500,136003,27191.0,3315.05,145.19622838366732,451.5,3302.3707527568286,141.48512772629837,391.9603980152224,136607.4400009117,41.36647585280103,41.025927210750964,2691.0042996094217,107247.44000091171
gemm,MINI2,750,136003,27191.0,2238.0,133.38073718731493,307.15,2270.100401584189,118.64220433027818,274.7343979947937,136607.4400009117,60.17682737978472,60.76988382484361,1846.7285706480711,107247.44000091171
gemm,MINI2,1000,136003,27191.0,1753.1,122.1629196907492,240.05,1736.279579121708,104.15578700456759,214.40250607872127,136607.4400009117,78.67825069394307,77.57857509554503,1412.028869290066,107247.44000091171
gemm,MINI2,2500,136003,27191.0,763.7,86.2231499015628,106.2,741.5018083864558,67.56583656368248,101.76800313295294,136607.4400009117,184.23075770803067,178.08432630614115,606.311620728737,107247.44000091171
gemm,MINI2,5000,136003,27191.0,399.35,39.34098572601779,56.3,398.516683044881,48.206677310056165,62.1312086164463,136607.4400009117,342.7897646772468,340.56091148115684,329.90004047278757,107247.44000091171
gemm,MINI2,7500,136003,27191.0,287.75,30.614539029683264,41.15,282.5176210987807,39.49349351862021,48.43882294012397,136607.4400009117,483.5359984613055,472.6429192006951,236.53741536702944,107247.44000091171
gemm,MINI2,10000,136003,27191.0,226.25,32.18511424474625,32.85,223.8848254093008,34.29782026796255,41.416068570319055,136607.4400009117,610.16837452547,601.1182320441989,189.30997537005882,107247.44000091171
gemm,MINI2,25000,136003,27191.0,110.65,27.58007480620365,16.85,112.36035834332439,22.58504828332401,27.24597671126198,136607.4400009117,1215.797475329322,1229.1278807049255,98.46496049046145,107247.44000091171
gemm,MINI2,50000,136003,27191.0,69.7,15.529598225731137,11.25,67.12720701994722,17.34813051040077,19.861122854819374,136607.4400009117,2035.053237956378,1951.2625538020086,60.16847140349266,107247.44000091171
gemm,MINI2,75000,136003,27191.0,50.7,20.282478827017695,8.3,49.01352577935312,14.953155646754325,16.03716788738872,136607.4400009117,2787.137587609692,2682.504930966469,44.37190659081384,107247.44000091171
gemm,MINI2,100000,136003,27191.0,40.0,14.98771426693772,6.7,38.89900327725488,13.41132292619931,13.537871774658035,136607.4400009117,3511.8493660938907,3400.075,35.416864251470166,107247.44000091171
gemm,MINI3,100,166559,31010.0,30832.35,306.48281054227897,4013.65,30744.362433232785,341.6688490205841,3740.3280041163757,167207.4400009117,5.438637420568873,5.402085796249718,28369.502414931467,107247.44000091171
gemm,MINI3,250,166559,31010.0,15088.5,286.6228954750935,1956.7,15102.959149122917,290.4786911896181,1838.4627152834444,167207.4400009117,11.071170778517404,11.038804387447394,13985.650396710425,107247.44000091171
gemm,MINI3,500,166559,31010.0,8221.2,210.86653299383963,1067.45,8177.49637953319,229.17006550856325,1001.394181140297,167207.4400009117,20.44726554931923,20.259694448499,7566.129926385783,107247.44000091171
gemm,MINI3,750,166559,31010.0,5653.2,197.9507115686285,734.25,5618.5674314652315,194.3329917438826,693.477797721865,167207.4400009117,29.75979945786763,29.462782141088233,5195.195600529114,107247.44000091171
gemm,MINI3,1000,166559,31010.0,4293.0,173.79933983279622,560.6,4286.351845144485,171.56276613060675,533.5429135394797,167207.4400009117,39.00926616426082,38.797810389005356,3962.1011353128433,107247.44000091171
gemm,MINI3,2500,166559,31010.0,1886.55,102.49080831700805,247.6,1792.0765921226375,112.41953393124983,234.4267922350078,167207.4400009117,93.30373530679384,88.28761495852217,1656.8864044649188,107247.44000091171
gemm,MINI3,5000,166559,31010.0,926.3,83.50549934616662,123.5,930.1763335977239,80.48241043629571,130.3051648860731,167207.4400009117,179.75886287515934,179.81107632516463,861.5596910256305,107247.44000091171
gemm,MINI3,7500,166559,31010.0,670.95,60.59136207327523,89.25,638.7951731654505,65.99654347167902,94.60856306814516,167207.4400009117,261.75438861308413,248.2435352857888,592.8149674336992,107247.44000091171
gemm,MINI3,10000,166559,31010.0,505.35,55.23183197358109,67.9,492.20095916329194,57.28109492425017,76.45270683267816,167207.4400009117,339.7137630230403,329.59137231621645,457.62610912405,107247.44000091171
gemm,MINI3,25000,166559,31010.0,233.4,38.36308532677571,32.65,226.34834264171147,36.40103399343365,42.98685409256129,167207.4400009117,738.7173153089336,713.6203941730934,212.45294478884853,107247.44000091171
gemm,MINI3,50000,166559,31010.0,134.95,30.814342183641145,19.55,134.5920994476505,26.130095449042066,30.992530458861843,167207.4400009117,1242.327303661289,1234.2274916635793,127.63336383119595,107247.44000091171
gemm,MINI3,75000,166559,31010.0,100.7,23.384880405487376,15.35,100.84500976121859,21.963013017131036,26.138422746471335,167207.4400009117,1658.0636007356882,1654.0119165839126,96.20339057267931,107247.44000091171
gemm,MINI3,100000,166559,31010.0,80.55,19.28859766805249,12.3,82.11305620750035,19.635905235424406,23.100473386217725,167207.4400009117,2036.3075949624524,2067.7715704531347,78.63091718171565,107247.44000091171
gemm,SMALL,100,223603,38141.0,69610.1,549.8316393032934,8861.1,69632.71178076287,462.6976125795784,8601.371672557636,224207.4400009117,3.2198579412909285,3.2122206403955746,67257.85176246155,107247.44000091171
gemm,SMALL,250,223603,38141.0,36602.25,402.2681581391115,4645.1,36526.66920126401,433.26882705927306,4516.426471830417,224207.4400009117,6.138184644362617,6.10899603166472,35409.36044885152,107247.44000091171
gemm,SMALL,500,223603,38141.0,20348.1,360.2222851751994,2583.9,20269.422649487184,356.42948363105074,2512.885288200299,224207.4400009117,11.061362914872376,10.988888397442514,19658.056196339778,107247.44000091171
gemm,SMALL,750,223603,38141.0,14066.5,287.67790834085343,1788.55,14027.35278362975,306.9062010031277,1744.583103593023,224207.4400009117,15.983588882327608,15.89613621014467,13603.980952693633,107247.44000091171
gemm,SMALL,1000,223603,38141.0,10687.3,244.88990007326686,1359.55,10729.993535343492,273.0897413880994,1339.0313477494185,224207.4400009117,20.89539376350932,20.922309657256747,10405.74282551185,107247.44000091171
gemm,SMALL,2500,223603,38141.0,4553.85,141.35929399936876,581.0,4474.451912480118,181.5384546861593,570.2190645717764,224207.4400009117,50.10835838363878,49.10196866387781,4339.2617248224,107247.44000091171
gemm,SMALL,5000,223603,38141.0,2291.9,129.74789319859372,294.6,2290.9946484504912,130.58728799999236,301.5593690479313,224207.4400009117,97.8646720770622,97.5622845673895,2222.3780058783977,107247.44000091171
gemm,SMALL,7500,223603,38141.0,1555.8,107.99444430154732,201.05,1551.031019822756,107.25355443845028,210.06254009596262,224207.4400009117,144.55380784488307,143.72220079701762,1505.0508140910047,107247.44000091171
gemm,SMALL,10000,223603,38141.0,1176.65,85.15513706419038,152.15,1178.493681328379,93.16407558350659,163.7352786992712,224207.4400009117,190.24916599314196,190.0335698805932,1143.918831289137,107247.44000091171
gemm,SMALL,25000,223603,38141.0,496.5,44.01255801652403,65.6,502.91375707329246,59.25463110654939,78.7265030756787,224207.4400009117,445.8168758510153,450.3585095669688,489.0183592204295,107247.44000091171
gemm,SMALL,50000,223603,38141.0,279.55,47.203339533955564,38.1,275.960493367155,41.986337086813776,49.64709069384755,224207.4400009117,812.4620929076692,799.8676444285459,269.00175775070045,107247.44000091171
gemm,SMALL,75000,223603,38141.0,193.25,25.46592150099298,26.7,199.75656326411138,34.34226977101382,39.769439036808684,224207.4400009117,1122.4033710695765,1157.065976714101,195.1149440755721,107247.44000091171
gemm,SMALL,100000,223603,38141.0,160.4,20.404849784716426,22.7,160.9752182245951,29.856776556056666,34.6684704347667,224207.4400009117,1392.807181588001,1394.0336658354115,157.4930791988104,107247.44000091171
gemm,SMALL2,100,449204,66342.0,257332.2,742.488603492195,32325.95,257358.22909097516,695.4332186501177,32067.061336334173,449807.4400009117,1.7477872830788965,1.7456190869234398,254983.36907267384,107247.44000091171
gemm,SMALL2,250,449204,66342.0,154221.75,775.802462310042,19348.45,154084.4719518459,787.9534589298162,19211.151815653153,449807.4400009117,2.919226280903143,2.912714970488923,152967.1631994334,107247.44000091171
gemm,SMALL2,500,449204,66342.0,90609.65,663.9970097427894,11365.1,90898.39479416407,708.4199400868902,11341.50680640507,449807.4400009117,4.948464062753621,4.957573503484452,90287.02834101666,107247.44000091171
gemm,SMALL2,750,449204,66342.0,64380.5,708.389388906827,8075.35,64319.6036600757,631.2982715065491,8031.114500261847,449807.4400009117,6.993317968470553,6.977330092186299,63896.23182913958,107247.44000091171
gemm,SMALL2,1000,449204,66342.0,49726.6,643.1084381019227,6238.45,49748.596255297016,572.0430327653999,6216.35733906157,449807.4400009117,9.041610695759443,9.03347504152707,49424.345545465374,107247.44000091171
gemm,SMALL2,2500,449204,66342.0,21315.05,366.7099061426594,2676.5,21091.1781547049,393.57454961910867,2647.423948173315,449807.4400009117,21.326804823398223,21.074499004224716,20955.987967047182,107247.44000091171
gemm,SMALL2,5000,449204,66342.0,10780.35,336.8964037239123,1356.3,10781.156912012071,286.45645543297366,1363.5032340499413,449807.4400009117,41.721630032093174,41.66877698776014,10712.540269439978,107247.44000091171
gemm,SMALL2,7500,449204,66342.0,7326.15,189.81854909082875,922.65,7253.844124723387,236.18718978677364,924.15268060564,449807.4400009117,62.00952657196289,61.315151887416995,7207.863918991636,107247.44000091171
gemm,SMALL2,10000,449204,66342.0,5509.65,185.37622484245964,695.5,5472.451475399147,205.5572794968058,702.1455539576318,449807.4400009117,82.19487043840876,81.53040574265154,5437.876625359905,107247.44000091171
gemm,SMALL2,25000,449204,66342.0,2256.75,112.38368255784805,286.4,2234.309537365851,131.19571679948115,297.55297367991176,449807.4400009117,201.31831891619373,199.04907499723052,2220.414139512988,107247.44000091171
gemm,SMALL2,50000,449204,66342.0,1160.7,123.00453564594143,148.7,1144.677346162315,93.06573927741564,160.27438958427928,449807.4400009117,392.95565821141804,387.01128629275433,1137.7186105458604,107247.44000091171
gemm,SMALL2,75000,449204,66342.0,803.5,72.46668926225055,103.65,780.0283836507449,76.07209606163217,113.97177352869693,449807.4400009117,576.6552210519451,559.0591163658992,775.3867644622056,107247.44000091171
gemm,SMALL2,100000,449204,66342.0,627.0,56.00093984173743,81.25,597.3878198421985,65.91781197721649,90.67416141535523,449807.4400009117,752.9571662839217,716.4338118022329,593.9056808164138,107247.44000091171
gemm,SMALL3,100,880359,120229.0,674274.15,1282.375192449755,84443.45,674209.9829927079,826.023049458839,84173.53057405078,881807.4400009117,1.3079121671956155,1.3056395532885252,671835.1229744066,107247.44000091171
gemm,SMALL3,250,880359,120229.0,454529.4,1198.5122971066226,56889.6,454778.7358591238,1175.690803046308,56797.93480406289,881807.4400009117,1.9389812461989604,1.936858209831971,453661.4271067113,107247.44000091171
gemm,SMALL3,500,880359,120229.0,284924.35,1344.7054960297594,35656.5,285423.32398667425,1161.8766337856198,35657.12295546884,881807.4400009117,3.089472253648343,3.0897990993047806,284811.9575335268,107247.44000091171
gemm,SMALL3,750,880359,120229.0,206938.4,982.8888891533242,25894.15,206908.1400405484,1073.7832299045608,25854.68154782094,881807.4400009117,4.261830587371291,4.254208015525394,206484.7682096123,107247.44000091171
gemm,SMALL3,1000,880359,120229.0,162059.55,1121.0757744707892,20279.7,162091.97173288226,992.0299125545233,20259.27927375982,881807.4400009117,5.440167274009578,5.432317934981308,161767.7210230506,107247.44000091171
gemm,SMALL3,2500,880359,120229.0,70757.35,946.0612684621481,8857.9,70356.03084577,708.2922694215988,8805.530743973975,881807.4400009117,12.533501810725419,12.441944193783401,70220.84065811228,107247.44000091171
gemm,SMALL3,5000,880359,120229.0,36189.2,418.40380897934165,4532.5,36205.07023642578,522.2528992844664,4541.519499142804,881807.4400009117,24.355910214855175,24.32656704210096,36136.45359385369,107247.44000091171
gemm,SMALL3,7500,880359,120229.0,24332.95,383.7783728581959,3049.15,24385.548232588604,432.4836454928221,3065.7530427534684,881807.4400009117,36.1610668577249,36.17970694058879,24339.568026856854,107247.44000091171
gemm,SMALL3,10000,880359,120229.0,18340.5,300.3784455088544,2299.05,18391.145673387313,377.2107712566426,2317.2922558991854,881807.4400009117,47.94739031820734,48.00081786210845,18356.57082334807,107247.44000091171
gemm,SMALL3,25000,880359,120229.0,7478.6,201.50209611029388,940.0,7454.8900222758075,241.67344312690247,951.4536393195962,881807.4400009117,118.28577448708171,117.717086085631,7440.994624422945,107247.44000091171
gemm,SMALL3,50000,880359,120229.0,3750.45,208.52955741522462,473.1,3765.419666972709,171.65164383942087,489.79083002854634,881807.4400009117,234.1856998664534,234.73423189217294,3758.460931356254,107247.44000091171
gemm,SMALL3,75000,880359,120229.0,2514.45,151.02717601391112,318.3,2529.9892302841563,140.36861633238306,334.65526870910344,881807.4400009117,348.5419737940431,350.119906937899,2525.347611095617,107247.44000091171
gemm,SMALL3,100000,880359,120229.0,1941.0,118.4687389367472,246.3,1911.0434702356988,121.6587319989638,256.6922862483039,881807.4400009117,461.42720128294826,453.5595054095827,1907.561331209914,107247.44000091171
gemver,MEDIUM,100,1412750,186785.0,87410.75,540.9297916307485,11088.3,87433.70135129523,697.3753073917301,10815.388874207545,1413117.50935129,16.162160442843433,16.162199729438314,85062.54441088415,107233.50935128999
gemver,MEDIUM,250,1412750,186785.0,45892.3,441.98953309826334,5809.15,45716.94057637074,472.91308468127613,5654.4438848551235,1413117.50935129,30.910150406732903,30.784031308084362,44600.921767138505,107233.50935128999
gemver,MEDIUM,500,1412750,186785.0,27815.25,359.80899538212645,3514.7,27800.61939871056,374.5752631257006,3443.674605954951,1413117.50935129,50.830432555644165,50.79048363757291,27190.081744460367,107233.50935128999
gemver,MEDIUM,750,1412750,186785.0,20301.85,339.70486803756705,2564.25,20351.404565934412,331.04283209308306,2524.520110412594,1413117.50935129,69.43587135586031,69.5872543635186,19928.617381708667,107233.50935128999
gemver,MEDIUM,1000,1412750,186785.0,16037.25,298.72868785466255,2024.75,16125.92454061078,302.7494429871831,2002.971499823748,1413117.50935129,87.6301700279299,88.09178630999703,15802.114335084361,107233.50935128999
gemver,MEDIUM,2500,1412750,186785.0,7263.65,233.56691253595585,917.4,7271.675908214285,219.23990735283675,909.464052303314,1413117.50935129,194.33175064292863,194.49588017043774,7136.649326153672,107233.50935128999
gemver,MEDIUM,5000,1412750,186785.0,3851.4,195.469044527314,487.65,3839.5933212616997,164.4584487880305,485.32309878863686,1413117.50935129,368.0383288319025,366.8146647972166,3771.0532396933463,107233.50935128999
gemver,MEDIUM,7500,1412750,186785.0,2605.35,112.62152500626529,331.3,2628.1846289842792,137.20462482232367,335.57604367414274,1413117.50935129,537.6781728981579,542.2496017809508,2582.253981320504,107233.50935128999
gemver,MEDIUM,10000,1412750,186785.0,2001.55,100.47910230490717,254.8,2008.723221727767,120.15421211150667,258.9938388666833,1413117.50935129,703.4904032900175,705.8279833129325,1974.184934505676,107233.50935128999
gemver,MEDIUM,25000,1412750,186785.0,878.4,81.63358442003609,113.2,869.3879049934213,77.58621061327312,118.1266214455176,1413117.50935129,1625.4165732406677,1608.3219489981786,855.5066607242342,107233.50935128999
gemver,MEDIUM,50000,1412750,186785.0,475.0,53.44155686354954,62.55,480.29773116419284,55.40689987079697,70.01239297829838,1413117.50935129,2942.1698618605524,2974.2105263157896,473.3459884811131,107233.50935128999
gemver,MEDIUM,75000,1412750,186785.0,359.3,39.78111162480584,48.2,346.0674966040031,45.74121923547048,53.408235456765816,1413117.50935129,4083.35808250807,3931.95101586418,341.4305203334599,107233.50935128999
gemver,MEDIUM,100000,1412750,186785.0,274.9,36.304124747529876,37.3,276.0884207773513,40.15248916706236,44.74806315527995,1413117.50935129,5118.35123462452,5139.141506002183,272.60975674378045,107233.50935128999
gemver,MINI,100,122622,25519.0,4152.55,148.4904657580837,680.5,4071.3540668460982,123.52320262158834,395.09546365140477,122877.50935128999,30.180993186494803,29.52932535430037,1700.1971264350248,107233.50935128999
gemver,MINI,250,122622,25519.0,1968.55,84.71840351857936,316.1,1934.4464588158685,85.9764077923229,181.6321201607645,122877.50935128999,63.52076005582854,62.2905184018694,818.4276495836302,107233.50935128999
gemver,MINI,500,122622,25519.0,1088.9,56.312006759332924,173.45,1080.7706157564091,63.62168164931875,103.69350807812829,122877.50935128999,113.69434694085437,112.61089172559463,470.232961506215,107233.50935128999
gemver,MINI,750,122622,25519.0,805.05,63.543168086949485,126.65,766.0083333332034,53.11979210424338,76.34557546615815,122877.50935128999,160.4127579351541,152.31600521706727,343.22114910745904,107233.50935128999
gemver,MINI,1000,122622,25519.0,613.65,55.42873565978306,97.15,599.338904947193,46.80298948235426,62.14813194745062,122877.50935128999,205.02174702327488,199.82400391102422,275.52869942077456,107233.50935128999
gemver,MINI,2500,122622,25519.0,272.0,42.62072636393558,44.25,273.27535795713493,31.76105984323537,34.59811286372233,122877.50935128999,449.64723592298486,450.81617647058823,138.2487758965208,107233.50935128999
gemver,MINI,5000,122622,25519.0,144.3,35.95040443371073,23.45,150.48461838181925,23.948925900583763,23.64682493487289,122877.50935128999,816.5453098968379,849.7713097713097,81.94453681346604,107233.50935128999
gemver,MINI,7500,122622,25519.0,111.4,24.314604664686613,18.0,105.97670461317267,20.30017369074575,19.115008810150485,122877.50935128999,1159.4766019551867,1100.7360861759425,60.046056949397176,107233.50935128999
gemver,MINI,10000,122622,25519.0,86.85,21.803609068708155,14.2,82.5201696368762,18.020191865591368,16.37539336618509,122877.50935128999,1489.060309643124,1411.8825561312608,47.9818824147852,107233.50935128999
gemver,MINI,25000,122622,25519.0,38.05,15.819624721079496,6.5,36.582601542393746,12.132811847140275,9.2893574127614,122877.50935128999,3358.9057139332585,3222.654402102497,22.701357273206536,107233.50935128999
gemver,MINI,50000,122622,25519.0,20.35,9.074400081664091,3.35,19.280322055160667,8.848030965925869,5.474487778809537,122877.50935128999,6373.208341631409,6025.651105651105,12.328579372080956,107233.50935128999
gemver,MINI,75000,122622,25519.0,13.4,9.080922744673959,2.1,13.12389112729328,7.315108272839417,3.8829146344959242,122877.50935128999,9362.886979132743,9150.89552238806,8.486914856750069,107233.50935128999
gemver,MINI,100000,122622,25519.0,9.3,10.974132263981897,1.45,9.953139743686254,6.3783365176442235,3.008247289603778,122877.50935128999,12345.602746031673,13185.16129032258,6.4744757101154145,107233.50935128999
gemver,MINI2,100,145215,28343.0,6395.6,211.61618682491132,960.4,6257.1990968918435,160.00028587816522,668.3260924071229,145477.50935129,23.249621291985655,22.705453749452747,3886.04215648077,107233.50935128999
gemver,MINI2,250,145215,28343.0,2997.5,134.97543636177903,441.95,3004.3517592092157,116.90141677048491,315.3702827099329,145477.50935129,48.42226244159291,48.445371142618846,1888.3329499769775,107233.50935128999
gemver,MINI2,500,145215,28343.0,1657.55,87.87399771083717,243.75,1664.6232352996844,89.04458934053493,176.67508552859164,145477.50935129,87.39365537277237,87.60821694669845,1054.0855810494904,107233.50935128999
gemver,MINI2,750,145215,28343.0,1180.5,88.53872182925329,174.55,1171.9913616025526,74.8556517979767,127.093459871112,145477.50935129,124.12848261301822,123.01143583227446,749.2041773768082,107233.50935128999
gemver,MINI2,1000,145215,28343.0,944.2,71.08971352045987,138.65,914.3548013171121,65.8720170602565,101.52528241202067,145477.50935129,159.10400332751814,153.79686507095954,590.5445957906936,107233.50935128999
gemver,MINI2,2500,145215,28343.0,432.1,65.5863432511116,64.2,421.0389224236695,43.66748162636161,53.13432028950592,145477.50935129,345.52033459012034,336.06803980560056,286.01234036305533,107233.50935128999
gemver,MINI2,5000,145215,28343.0,252.9,38.45968497558259,37.45,237.56126285237082,32.5971150489862,35.049477491471265,145477.50935129,612.3789190399068,574.1992882562278,169.02118128401764,107233.50935128999
gemver,MINI2,7500,145215,28343.0,186.9,37.4993333274073,28.8,170.5237228754125,27.693748527450403,28.255251614104694,145477.50935129,853.1218231587538,776.9662921348314,124.593075211637,107233.50935128999
gemver,MINI2,10000,145215,28343.0,136.4,29.706281455186158,21.55,134.83708411493342,24.721287878444258,24.47849413992817,145477.50935129,1078.9131959223237,1064.6260997067448,100.29879689284243,107233.50935128999
gemver,MINI2,25000,145215,28343.0,60.7,20.619612534008283,9.8,63.520208650252556,17.198284146315906,15.64635080132817,145477.50935129,2290.255533515342,2392.339373970346,49.63896438106534,107233.50935128999
gemver,MINI2,50000,145215,28343.0,35.05,12.832832070410975,5.9,35.35558124305278,12.877383976646053,10.55396541704686,145477.50935129,4114.697149261991,4143.081312410842,28.403838559973074,107233.50935128999
gemver,MINI2,75000,145215,28343.0,24.2,10.410520994091556,4.0,24.78558590352458,10.786812531367387,8.033611634721293,145477.50935129,5869.440001037163,6000.619834710744,20.14860963298137,107233.50935128999
gemver,MINI2,100000,145215,28343.0,22.5,9.902152875963253,3.6,19.140266834898778,9.48151577567928,6.490630711806585,145477.50935129,7600.599856112683,6454.0,15.661602801327938,107233.50935128999
gemver,MINI3,100,177787,32413.0,9181.6,222.1733320488402,1305.35,9130.44942330163,196.78589086629228,1027.4823832083462,178077.50935129,19.503695940401585,19.363400714472423,6759.292482890556,107233.50935128999
gemver,MINI3,250,177787,32413.0,4499.3,139.8680204975202,630.45,4474.67903236175,146.9547844004894,499.1611918539995,178077.50935129,39.7967112419458,39.51436890182917,3358.660223129511,107233.50935128999
gemver,MINI3,500,177787,32413.0,2501.3,135.01231912603183,351.0,2487.069761270881,114.46679185692207,279.4809012749912,178077.50935129,71.60133267041662,71.0778395234478,1876.532107020687,107233.50935128999
gemver,MINI3,750,177787,32413.0,1744.4,107.53525737611535,244.5,1743.8585859768737,97.2451673742131,198.57686291790213,178077.50935129,102.11694387566102,101.91871130474661,1321.0714017511293,107233.50935128999
gemver,MINI3,1000,177787,32413.0,1331.0,99.39501205318417,186.45,1353.3249144041165,86.04676162698597,156.39654654791494,178077.50935129,131.58518509185907,133.57400450788882,1029.514708877698,107233.50935128999
gemver,MINI3,2500,177787,32413.0,621.05,51.630748692289124,87.55,611.9195625211726,56.88253745250422,76.99450908260214,178077.50935129,291.01457161721066,286.2684163915949,476.8929804605585,107233.50935128999
gemver,MINI3,5000,177787,32413.0,357.1,43.687767768925646,51.05,344.86878767903846,41.607434382583904,48.48235370927191,178077.50935129,516.3630798534969,497.8633436012321,276.3287061106853,107233.50935128999
gemver,MINI3,7500,177787,32413.0,263.75,43.44975925074118,38.1,248.7264640144801,35.00860537833108,38.138955298867394,178077.50935129,715.9572265736986,674.0739336492891,202.7958163507046,107233.50935128999
gemver,MINI3,10000,177787,32413.0,201.25,23.646241495047477,29.45,197.7249375607102,31.118245023402757,32.593903505003276,178077.50935129,900.6325228784681,883.4136645962733,163.18665033861922,107233.50935128999
gemver,MINI3,25000,177787,32413.0,104.9,25.00926144240843,15.85,95.58331029042617,21.71392232916794,20.84961963744376,178077.50935129,1863.060703905404,1694.8236415633937,81.70206602123896,107233.50935128999
gemver,MINI3,50000,177787,32413.0,62.2,17.467563924992064,9.85,54.779822492005124,16.5261184479324,14.94945835534368,178077.50935129,3250.786535083783,2858.311897106109,47.828079808925416,107233.50935128999
gemver,MINI3,75000,177787,32413.0,45.4,16.487315698662666,7.35,39.23562921084038,13.992425600538706,11.99969816173494,178077.50935129,4538.668371911546,3916.013215859031,34.598652940297164,107233.50935128999
gemver,MINI3,100000,177787,32413.0,24.8,7.4310869078203465,4.4,30.785805999975747,12.387477179017827,10.078964180869452,178077.50935129,5784.403024933968,7168.83064516129,27.307141966404906,107233.50935128999
gemver,SMALL,100,230135,38958.0,13380.7,263.941400992521,1829.75,13362.901033325674,241.49319206762718,1556.538834461352,230397.50935129,17.2415786644459,17.19902546204608,10991.744092914601,107233.50935128999
gemver,SMALL,250,230135,38958.0,6696.0,188.7738831177883,907.55,6705.625148810237,181.36400840199352,778.0294564100604,230397.50935129,34.35884115773589,34.36902628434886,5589.606339577998,107233.50935128999
gemver,SMALL,500,230135,38958.0,3770.1,136.3644111620732,508.25,3767.7713922587695,143.84420601131526,439.56860514847733,230397.50935129,61.14954580966954,61.04214742314527,3157.2337380085755,107233.50935128999
gemver,SMALL,750,230135,38958.0,2622.95,129.7862514006457,356.35,2644.5075939238677,123.47157623315945,311.1579889112764,230397.50935129,87.12302807549544,87.73899616843632,2221.720409698123,107233.50935128999
gemver,SMALL,1000,230135,38958.0,2052.2,94.1189616781254,276.9,2048.198011845741,109.93789368126401,243.255683728118,230397.50935129,112.48790791651363,112.14062956826821,1724.3878063193224,107233.50935128999
gemver,SMALL,2500,230135,38958.0,909.4,74.58192246043767,123.5,907.1722234361143,73.47761531251486,113.90109170604259,230397.50935129,253.9732846742251,253.06245876402025,772.1456413755002,107233.50935128999
gemver,SMALL,5000,230135,38958.0,505.25,69.64109116712179,69.35,502.46973661062844,53.218160843147686,68.18265061929324,230397.50935129,458.5301214465551,455.48738248391885,433.9296550422753,107233.50935128999
gemver,SMALL,7500,230135,38958.0,368.15,54.228828029689936,51.5,360.76401648466606,44.21769619521581,52.14843707050451,230397.50935129,638.6377211239493,625.1120467200869,314.8333688208906,107233.50935128999
gemver,SMALL,10000,230135,38958.0,303.0,42.238670234252105,42.6,286.6104261043138,38.96420900553436,43.72918424608096,230397.50935129,803.8699515677608,759.5214521452145,252.07213888222276,107233.50935128999
gemver,SMALL,25000,230135,38958.0,147.5,30.041199779811166,21.35,139.83820232316276,26.787472598575533,26.824172310730802,230397.50935129,1647.6006236038907,1560.2372881355932,125.95695805397554,107233.50935128999
gemver,SMALL,50000,230135,38958.0,91.15,14.68000788756421,13.75,81.45009387727048,20.481634724306033,19.439744147970224,230397.50935129,2828.6954426161183,2524.7942951179375,74.49835119419076,107233.50935128999
gemver,SMALL,75000,230135,38958.0,60.8,14.905315194675742,9.75,59.129720609302225,17.481164657935814,16.06833279006886,230397.50935129,3896.4755283326017,3785.1151315789475,54.49274433875901,107233.50935128999
gemver,SMALL,100000,230135,38958.0,47.95,16.281972594834674,7.7,46.94629666257503,15.578839032906938,13.902178300687979,230397.50935129,4907.6823036173555,4799.478623566214,43.46763262900419,107233.50935128999
gemver,SMALL2,100,440106,65205.0,28354.8,378.23657314326255,3701.3,28339.61862222937,365.43074031053135,3428.6285330743135,440317.50935129,15.537171308505489,15.521393203267172,25968.461681818295,107233.50935128999
gemver,SMALL2,250,440106,65205.0,14743.85,257.5862195970811,1913.0,14769.86280749613,267.26351454115576,1786.0591637457972,440317.50935129,29.811888918007835,29.85014090620835,13653.843998263892,107233.50935128999
gemver,SMALL2,500,440106,65205.0,8626.75,239.0221031400103,1116.25,8576.494761508811,216.07849462791748,1040.6590263047326,440317.50935129,51.340031282643444,51.01643144869157,7965.957107258618,107233.50935128999
gemver,SMALL2,750,440106,65205.0,6134.55,185.89285963467742,793.3,6094.96580856252,188.84221136175404,742.4652657411078,440317.50935129,72.24281861150222,71.74218157811086,5672.178624336775,107233.50935128999
gemver,SMALL2,1000,440106,65205.0,4789.05,156.98289380492517,620.75,4742.130181267676,170.26283430011154,579.9972049058599,440317.50935129,92.85226101354802,91.8983932095092,4418.319975741258,107233.50935128999
gemver,SMALL2,2500,440106,65205.0,2060.0,82.4078432649402,266.5,2073.133736749477,117.26385308598644,259.6462808702129,440317.50935129,212.39223574725855,213.64368932038835,1938.1071546888627,107233.50935128999
gemver,SMALL2,5000,440106,65205.0,1098.65,106.10584338291643,143.65,1105.1254728281676,85.66060146517978,143.51461773444532,440317.50935129,398.4321420304041,400.58799435671045,1036.5853912598145,107233.50935128999
gemver,SMALL2,7500,440106,65205.0,777.85,72.1185245200383,101.75,772.3785895829396,70.75367382402798,103.60028874897525,440317.50935129,570.0799003103488,565.7980330397892,726.4479419191641,107233.50935128999
gemver,SMALL2,10000,440106,65205.0,611.3,92.05667590646192,81.0,603.453904689311,61.68048903197868,83.33517423676611,440317.50935129,729.6622093745304,719.9509242597743,568.91561746722,107233.50935128999
gemver,SMALL2,25000,440106,65205.0,302.3,40.87220133666968,41.2,286.8043865471668,40.322066129336775,45.30346114884061,440317.50935129,1535.2537478671966,1455.858418789282,272.9231422779796,107233.50935128999
gemver,SMALL2,50000,440106,65205.0,170.4,26.39058843403718,24.1,167.86855455622796,30.141521865343726,30.930756956108294,440317.50935129,2622.989817928078,2582.781690140845,160.91681187314825,107233.50935128999
gemver,SMALL2,75000,440106,65205.0,124.05,32.67137005166192,18.0,123.17144020134302,25.68332031645658,25.401602835452746,440317.50935129,3574.834463504868,3547.8113663845224,118.5344639307998,107233.50935128999
gemver,SMALL2,100000,440106,65205.0,99.05,19.18188564354676,14.65,98.85602895789614,22.981942970569147,22.254885483110716,440317.50935129,4454.129039907379,4443.2710752145385,95.3773649243253,107233.50935128999
gemver,SMALL3,100,946922,128556.0,60144.3,712.3025007899238,7674.2,60129.13634656036,562.2451987622535,7402.318248615687,947197.50935129,15.752721008531061,15.744168607831497,57757.97940614929,107233.50935128999
gemver,SMALL3,250,946922,128556.0,31608.3,432.12255815122364,4019.4,31662.29247302893,390.5956603655859,3897.612871937397,947197.50935129,29.915632614351804,29.958017356200745,30546.273663796692,107233.50935128999
gemver,SMALL3,500,946922,128556.0,18982.1,241.37018958656162,2411.05,19011.98186590958,313.45589796584073,2345.0949143548287,947197.50935129,49.82108209611285,49.884996918149206,18401.444211659385,107233.50935128999
gemver,SMALL3,750,946922,128556.0,13751.95,208.49901552209832,1745.0,13776.927518697248,276.82818414513196,1702.7104795079488,947197.50935129,68.75244919927236,68.85728932987685,13354.140334471504,107233.50935128999
gemver,SMALL3,1000,946922,128556.0,10892.25,333.08839904587984,1381.65,10841.495281426953,252.28549447988897,1342.4178424257693,947197.50935129,87.36779242748702,86.93538984140099,10517.685075900534,107233.50935128999
gemver,SMALL3,2500,946922,128556.0,4871.85,165.3574358138984,618.2,4817.025717476878,179.71206349797447,602.6327784611381,947197.50935129,196.6353440702461,194.3660005952564,4681.999135416264,107233.50935128999
gemver,SMALL3,5000,946922,128556.0,2461.75,103.02573771431565,314.3,2538.7482330338507,133.48364948627676,322.71746276015574,947197.50935129,373.0962751747035,384.65400629633393,2470.2081514654974,107233.50935128999
gemver,SMALL3,7500,946922,128556.0,1737.45,141.9860908680847,222.65,1743.0533293684566,110.92679003397892,224.9346312221649,947197.50935129,543.4128109519625,545.0067627845406,1697.122681704681,107233.50935128999
gemver,SMALL3,10000,946922,128556.0,1342.15,75.49853606109473,172.65,1337.9205749388082,96.93907374267968,175.14350801806344,947197.50935129,707.9624359574644,705.5262079499311,1303.3822877167172,107233.50935128999
gemver,SMALL3,25000,946922,128556.0,598.45,66.60051762087454,78.55,595.0601596916283,62.40093858739746,83.83565328272735,947197.50935129,1591.76764554721,1582.2909182053638,581.1789154224412,107233.50935128999
gemver,SMALL3,50000,946922,128556.0,347.2,40.79938080025492,46.65,337.6069801497561,44.90935111504393,52.17603389941617,947197.50935129,2805.621817804629,2727.3099078341015,330.6552374666764,107233.50935128999
gemver,SMALL3,75000,946922,128556.0,259.2,46.322212473294634,35.65,245.93151283151724,37.48815557998891,40.890314093555524,947197.50935129,3851.468640377925,3653.248456790124,241.29453656097402,107233.50935128999
gemver,SMALL3,100000,946922,128556.0,210.4,30.285309970347008,29.1,197.1953332535867,33.19321731534544,34.87934319373847,947197.50935129,4803.346477440341,4500.579847908745,193.71666922001586,107233.50935128999
gesummv,MEDIUM,100,1112928,149305.0,28222.6,494.5410844515615,3686.35,28301.07396216717,398.0573395481254,3433.353440135014,1113414.4439312844,39.341773581444116,39.43392883717305,25930.910080110356,107242.4439312844
gesummv,MEDIUM,250,1112928,149305.0,14291.1,262.05883228570514,1852.15,14362.637810178006,264.1923999436474,1742.9234806629609,1113414.4439312844,77.52158472883507,77.87560089846127,13245.018190323784,107242.4439312844
gesummv,MEDIUM,500,1112928,149305.0,8485.65,203.8129366794333,1097.2,8471.55882221954,208.40665600433448,1034.731428898049,1113414.4439312844,131.42970110895965,131.15412490498667,7858.66615636644,107242.4439312844
gesummv,MEDIUM,750,1112928,149305.0,6022.2,191.37826967883046,777.75,6075.0825944697035,183.20603832018188,747.1306842912262,1113414.4439312844,183.27560598844414,184.80422436983162,5650.9218583119155,107242.4439312844
gesummv,MEDIUM,1000,1112928,149305.0,4693.95,181.81641261100964,605.45,4748.459281166415,166.32337901619098,587.9315680335177,1113414.4439312844,234.47909690357173,237.09839261176623,4423.859794943166,107242.4439312844
gesummv,MEDIUM,2500,1112928,149305.0,2128.75,134.25030628211653,274.4,2080.2380996113484,116.76625757779625,267.6339574843829,1113414.4439312844,535.2341369669674,522.8082207868467,1945.234533274481,107242.4439312844
gesummv,MEDIUM,5000,1112928,149305.0,1092.35,82.53246570130354,141.15,1094.4490256286952,85.99063802212524,149.24074722236435,1113414.4439312844,1017.3287360657978,1018.8382844326453,1026.0074099992962,107242.4439312844
gesummv,MEDIUM,7500,1112928,149305.0,764.2,70.44415481335851,99.05,753.5401828379187,71.21551211009438,108.28870050707285,1113414.4439312844,1477.5780632401552,1456.330803454593,707.6972245413641,107242.4439312844
gesummv,MEDIUM,10000,1112928,149305.0,591.95,73.06340073056955,77.3,580.6609875826462,62.12171335255886,87.51955345201,1113414.4439312844,1917.4948338901634,1880.1047385758932,546.1971426063545,107242.4439312844
gesummv,MEDIUM,25000,1112928,149305.0,265.9,42.69463173453273,35.55,265.0842032888101,39.83300438624031,49.602869433979656,1113414.4439312844,4200.229323805522,4185.513350883792,251.23926600327937,107242.4439312844
gesummv,MEDIUM,50000,1112928,149305.0,143.5,22.89909214472555,20.0,156.3435775580748,28.61399168994433,36.51915210311759,1113414.4439312844,7121.587348336708,7755.595818815331,149.41111827451454,107242.4439312844
gesummv,MEDIUM,75000,1112928,149305.0,104.8,23.59214856015049,14.85,117.26745159267111,23.954558416746192,31.73173351881391,1113414.4439312844,9494.658823138181,10619.541984732825,112.64358514852135,107242.4439312844
gesummv,MEDIUM,100000,1112928,149305.0,94.3,21.156310493188798,13.4,96.08067370187172,21.310652973891955,28.951539367523754,1113414.4439312844,11588.32885982974,11801.993637327678,92.6119378169698,107242.4439312844
gesummv,MINI,100,122010,25438.0,3072.35,140.2930298002232,544.4,3049.922250237368,76.19986423470716,276.9594761437885,122534.4439312844,40.17625168043147,39.71227236480219,679.758368180554,107242.4439312844
gesummv,MINI,250,122010,25438.0,1459.3,80.37288099850599,252.2,1446.099718752383,52.54251505429827,128.35621923277665,122534.4439312844,84.73443590529187,83.60857945590352,328.4800988981603,107242.4439312844
gesummv,MINI,500,122010,25438.0,784.65,60.038825157691,134.55,807.2725811925086,38.600645839240926,76.69549378287041,122534.4439312844,151.78818999435813,155.49608105524757,194.37991533940854,107242.4439312844
gesummv,MINI,750,122010,25438.0,575.95,66.21931265439903,96.1,570.0291186840187,32.173236786002256,58.992174335923394,122534.4439312844,214.96172724328542,211.84130566889485,145.86838252623082,107242.4439312844
gesummv,MINI,1000,122010,25438.0,461.3,44.45944337554349,76.05,444.39250592770867,28.383259357876437,49.877174635206835,122534.4439312844,275.73472166341537,264.4916540212443,119.79301970445954,107242.4439312844
gesummv,MINI,2500,122010,25438.0,190.4,34.048572116285506,32.25,199.44934386059444,19.53755206736036,31.00632145794808,122534.4439312844,614.3637354702462,640.8088235294117,64.44577752372689,107242.4439312844
gesummv,MINI,5000,122010,25438.0,105.85,20.173654001927208,18.2,107.29557831271538,14.77069368734661,20.75116243861721,122534.4439312844,1142.0269675433876,1152.66887104393,38.85396268331642,107242.4439312844
gesummv,MINI,7500,122010,25438.0,68.75,23.677382056566803,11.9,73.95027262761138,12.45578718667711,15.68135985203316,122534.4439312844,1656.9843433617414,1774.6909090909091,28.10731433105684,107242.4439312844
gesummv,MINI,10000,122010,25438.0,49.85,17.7357058827072,8.95,56.52596233696927,10.99432050544831,12.600574595714818,122534.4439312844,2167.7551140273836,2447.5426278836508,22.0621173606777,107242.4439312844
gesummv,MINI,25000,122010,25438.0,24.9,12.421966960103166,4.25,23.509564137618455,7.243107048351257,5.771899760199791,122534.4439312844,5212.110408087612,4900.0,9.664626852087723,107242.4439312844
gesummv,MINI,50000,122010,25438.0,13.7,7.53308492060541,2.4,11.927442277051743,5.204020597275278,3.0297262529973263,122534.4439312844,10273.321059540085,8905.839416058394,4.994982993491486,107242.4439312844
gesummv,MINI,75000,122010,25438.0,9.1,8.484661082459954,1.6,7.991932061086356,4.273053844950607,2.053628547723629,122534.4439312844,15332.267966580801,13407.692307692309,3.3680656169365966,107242.4439312844
gesummv,MINI,100000,122010,25438.0,8.0,7.326950970650465,1.45,6.0093486165048375,3.7112356300903286,1.5531756011228797,122534.4439312844,20390.636614880397,15251.25,2.5406127316029146,107242.4439312844
gesummv,MINI2,100,140371,27735.0,3818.15,156.58032241766853,635.25,3727.4289638184437,96.20131447837113,361.64781534142287,140894.44393128442,37.79936393125777,36.764139701164176,1357.2650817616297,107242.4439312844
gesummv,MINI2,250,140371,27735.0,1730.55,78.98332602184897,285.05,1765.2931447174951,68.99238012882134,168.2553974803967,140894.44393128442,79.81362435632873,81.11351882349543,647.6735248632723,107242.4439312844
gesummv,MINI2,500,140371,27735.0,996.15,69.86021757767435,161.2,978.0609561006037,51.72050249656708,98.0441956330184,140894.44393128442,144.054870049216,140.91351704060634,365.1682902475036,107242.4439312844
gesummv,MINI2,750,140371,27735.0,678.05,49.85397096573785,110.0,688.496444665338,43.16074891495408,73.80741489314397,140894.44393128442,204.64077196472658,207.02160607624808,264.33570850755007,107242.4439312844
gesummv,MINI2,1000,140371,27735.0,551.1,58.6980677526504,88.5,536.8520755425398,37.8415464268732,61.48062363705628,140894.44393128442,262.44556061164013,254.71057884231536,212.25258931929056,107242.4439312844
gesummv,MINI2,2500,140371,27735.0,246.8,41.45460421384235,40.05,246.10678095191793,25.20457467569157,38.28114502993641,140894.44393128442,572.4931405234669,568.7641815235008,111.10321461505038,107242.4439312844
gesummv,MINI2,5000,140371,27735.0,141.75,28.363941155889055,22.95,137.93214284757562,19.136961199591063,28.512119352892505,140894.44393128442,1021.476510279278,990.2716049382716,69.49052721817665,107242.4439312844
gesummv,MINI2,7500,140371,27735.0,97.5,22.533016711156613,15.55,98.08366735390214,16.3526444861412,23.53040479306366,140894.44393128442,1436.4720216151165,1439.702564102564,52.2407090573476,107242.4439312844
gesummv,MINI2,10000,140371,27735.0,76.4,27.056276633401684,12.9,76.68308014675029,14.596075423893323,20.09449026265883,140894.44393128442,1837.3602581123669,1837.3167539267015,42.2192351704587,107242.4439312844
gesummv,MINI2,25000,140371,27735.0,34.95,13.512080364972439,5.85,33.82763151639767,9.945558713951984,10.651124161461967,140894.44393128442,4165.069726001567,4016.337625178827,19.982694230866944,107242.4439312844
gesummv,MINI2,50000,140371,27735.0,17.0,9.453487242950697,2.85,17.628067090634666,7.272691744310289,5.94066672981664,140894.44393128442,7992.620132818644,8257.117647058823,10.695607807074406,107242.4439312844
gesummv,MINI2,75000,140371,27735.0,15.2,14.185240661743423,2.55,11.929412084415961,6.013217927706058,4.1150549515701735,140894.44393128442,11810.677922287761,9234.934210526317,7.305545640266203,107242.4439312844
gesummv,MINI2,100000,140371,27735.0,14.7,10.993299394583381,2.5,9.016488215842475,5.241967788399055,3.1470815372621206,140894.44393128442,15626.310439104771,9549.04761904762,5.547752330940551,107242.4439312844
gesummv,MINI3,100,187015,33565.0,5302.45,132.92913624618907,819.4,5270.248857318147,129.68262507679026,554.5003020288858,187494.44393128442,35.576013392789584,35.269545210233005,2900.0849752613326,107242.4439312844
gesummv,MINI3,250,187015,33565.0,2507.45,118.73875570033226,378.35,2529.8486434209126,95.59808593294572,263.8248348183239,187494.44393128442,74.11290964733394,74.58374045344873,1412.22902356669,107242.4439312844
gesummv,MINI3,500,187015,33565.0,1372.05,94.49671395010739,205.7,1396.6312214685345,73.7415832810067,150.3654788041731,187494.44393128442,134.24763892513954,136.3033417149521,783.7385556154343,107242.4439312844
gesummv,MINI3,750,187015,33565.0,955.6,65.72862870605888,144.05,976.9078991846382,62.287566880554195,109.85884738059292,187494.44393128442,191.9264283642029,195.70426956885726,552.7471630268502,107242.4439312844
gesummv,MINI3,1000,187015,33565.0,756.55,65.95091875183034,114.2,757.2294587494373,54.91823567964785,89.02784023139431,187494.44393128442,247.605850201511,247.19450135483447,432.6299725261882,107242.4439312844
gesummv,MINI3,2500,187015,33565.0,334.9,49.11308111737753,50.7,342.4590967144184,35.99684070029754,50.41150993774323,187494.44393128442,547.494418253514,558.4204240071664,207.45553037755087,107242.4439312844
gesummv,MINI3,5000,187015,33565.0,195.0,36.212821224707575,29.1,194.68500753699107,26.293125563442285,36.739348069767445,187494.44393128442,963.0656530943174,959.0512820512821,126.2433919075921,107242.4439312844
gesummv,MINI3,7500,187015,33565.0,149.35,37.34656328865727,22.4,141.6354293130826,22.23617772652447,31.559301173536195,187494.44393128442,1323.7820850377152,1252.1928356210244,95.79247101652805,107242.4439312844
gesummv,MINI3,10000,187015,33565.0,118.15,34.161035051495055,17.8,113.31165316644078,19.87220572665291,28.416389168290312,187494.44393128442,1654.679273418404,1582.8607702073634,78.8478081901492,107242.4439312844
gesummv,MINI3,25000,187015,33565.0,47.95,12.39471449321932,8.2,54.83313744429221,13.961906026904774,18.66053253229599,187494.44393128442,3419.3637765442404,3900.208550573514,40.98820015876148,107242.4439312844
gesummv,MINI3,50000,187015,33565.0,32.6,15.059181497293306,5.5,30.347812337665673,10.498032707421672,11.793308632628417,187494.44393128442,6178.186481619266,5736.6564417177915,23.415353054105417,107242.4439312844
gesummv,MINI3,75000,187015,33565.0,20.75,11.40579261880374,3.45,21.066256034779236,8.796384677895576,8.583546382675058,187494.44393128442,8900.226201644058,9012.77108433735,16.442389590629478,107242.4439312844
gesummv,MINI3,100000,187015,33565.0,18.1,8.51562032230678,3.05,16.14535518912429,7.727523079888768,6.73957230551538,187494.44393128442,11612.903013591362,10332.32044198895,12.676619304222367,107242.4439312844
gesummv,SMALL,100,238667,40020.0,6865.25,202.01273409575478,1017.0,6826.932916171472,157.10661519737866,749.0858093855514,239174.44393128442,35.033952562318845,34.76450238520083,4456.769034114658,107242.4439312844
gesummv,SMALL,250,238667,40020.0,3346.8,135.67088661051872,485.6,3328.964112472905,115.75584755044176,363.7142684498229,239174.44393128442,71.84650715673075,71.3119995219314,2211.344492618682,107242.4439312844
gesummv,SMALL,500,238667,40020.0,1838.25,101.66294931368994,266.8,1845.639079651089,90.73952089968317,206.4914610769925,239174.44393128442,129.58895732555652,129.83380932952537,1232.7464137979891,107242.4439312844
gesummv,SMALL,750,238667,40020.0,1308.0,97.49817812063004,188.35,1289.4576504870925,77.29010064887834,148.9275662933997,239174.44393128442,185.48452819752265,182.467125382263,865.2969143293046,107242.4439312844
gesummv,SMALL,1000,238667,40020.0,1018.3,103.83443298677082,146.55,996.9596046836657,68.47382683948584,118.99410847317401,239174.44393128442,239.9038464624394,234.37788470981047,672.3601184604166,107242.4439312844
gesummv,SMALL,2500,238667,40020.0,428.25,54.001827454457995,61.15,443.0040043918918,45.24021308030789,62.97969555145284,239174.44393128442,539.8922844040594,557.3076474022183,308.00043805502423,107242.4439312844
gesummv,SMALL,5000,238667,40020.0,248.5,42.634925144830056,36.1,248.62573344090407,32.62403486697736,43.51223201153964,239174.44393128442,961.9858758028918,960.430583501006,180.18411781150513,107242.4439312844
gesummv,SMALL,7500,238667,40020.0,175.6,33.820579222529126,25.4,180.7811365803677,27.13581329175604,36.676920147508675,239174.44393128442,1323.0055328530225,1359.1514806378132,134.93817828381316,107242.4439312844
gesummv,SMALL,10000,238667,40020.0,151.45,22.77920335005502,22.35,145.16657238080273,24.001632253695767,32.9917242324571,239174.44393128442,1647.5862177408108,1575.8798283261804,110.70272740451117,107242.4439312844
gesummv,SMALL,25000,238667,40020.0,74.25,23.58829995435962,11.7,72.9991835922435,16.80017988618112,23.575627071729073,239174.44393128442,3276.3988877910933,3214.3703703703704,59.154246306712764,107242.4439312844
gesummv,SMALL,50000,238667,40020.0,41.25,14.934506141289392,6.65,42.221294424353964,12.82064334035669,16.399417410798932,239174.44393128442,5664.78236141724,5785.866666666667,35.28883514079371,107242.4439312844
gesummv,SMALL,75000,238667,40020.0,27.05,13.06854399331705,4.75,29.989580124635157,10.846567258831305,12.492350012919964,239174.44393128442,7975.2515019312605,8823.179297597042,25.3657136804854,107242.4439312844
gesummv,SMALL,100000,238667,40020.0,20.6,9.901621345171602,3.7,23.29947345813784,9.588642936786247,10.064866972239221,239174.44393128442,10265.229571003358,11585.776699029126,19.830737573235915,107242.4439312844
gesummv,SMALL2,100,340216,52715.0,9607.15,220.0194429207521,1357.45,9648.282100976307,199.80905535900575,1101.7544574861556,340694.4439312844,35.311409882678454,35.41279151465315,7278.1182189194915,107242.4439312844
gesummv,SMALL2,250,340216,52715.0,4815.25,168.5317009067621,670.1,4804.662103112248,144.561658885538,548.1765172797409,340694.4439312844,70.90913712966363,70.65386013187269,3687.0424832580247,107242.4439312844
gesummv,SMALL2,500,340216,52715.0,2661.95,126.26558267564859,368.85,2695.5057513782203,115.02816671143344,312.7247950428839,340694.4439312844,126.39351400273819,127.80705873513779,2082.6130855251204,107242.4439312844
gesummv,SMALL2,750,340216,52715.0,1907.7,91.442878344899,260.75,1887.658795965261,99.00151773197348,223.7027094781708,340694.4439312844,180.48518337079508,178.3383131519631,1463.498059807473,107242.4439312844
gesummv,SMALL2,1000,340216,52715.0,1441.3,109.57434390451655,197.6,1458.6166151302318,88.2693459448912,176.70123477899472,340694.4439312844,233.57367549310803,236.04801221119823,1134.0171289069826,107242.4439312844
gesummv,SMALL2,2500,340216,52715.0,608.15,78.53277894243304,85.1,637.9346379939324,59.108078146638796,87.34602478220586,340694.4439312844,534.0585439954193,559.4277727534326,502.9310716570648,107242.4439312844
gesummv,SMALL2,5000,340216,52715.0,357.35,37.87552327239711,49.65,349.02651012760174,42.66639696058468,56.06293249719055,340694.4439312844,976.1276981703448,952.0526094864978,280.5848944982028,107242.4439312844
gesummv,SMALL2,7500,340216,52715.0,251.05,42.17816222194908,35.25,250.35627933154785,35.14745369754503,45.390613412267804,340694.4439312844,1360.8384213127779,1355.1722764389563,204.5133210349933,107242.4439312844
gesummv,SMALL2,10000,340216,52715.0,199.9,30.490550736425316,28.25,199.86224717907004,30.698371149169997,39.91783942464356,340694.4439312844,1704.6463188519708,1701.9309654827414,165.39840220277847,107242.4439312844
gesummv,SMALL2,25000,340216,52715.0,102.15,19.159373135553487,14.8,101.61225596130278,20.783135517853022,28.766603350083123,340694.4439312844,3352.887313721603,3330.5531081742533,87.76731867577205,107242.4439312844
gesummv,SMALL2,50000,340216,52715.0,58.75,15.86082562396057,9.0,61.248136356568615,15.954141930186056,22.076807512910808,340694.4439312844,5562.527518353566,5790.9106382978725,54.31567707300836,107242.4439312844
gesummv,SMALL2,75000,340216,52715.0,41.3,14.404312219829023,6.65,44.83048500105989,13.633015146764388,17.944429403299853,340694.4439312844,7599.615393927361,8237.675544794189,40.20661855691013,107242.4439312844
gesummv,SMALL2,100000,340216,52715.0,33.1,16.315636671610456,5.4,35.5442656863104,12.14668387818866,15.062496700394096,340694.4439312844,9585.074761088685,10278.429003021147,32.07552980140848,107242.4439312844
gesummv,SMALL3,100,629656,88896.0,17067.6,363.4374484658512,2292.55,16960.97315665277,289.63839870145785,2015.8408394457138,630134.4439312844,37.1520217685222,36.89188872483536,14590.809274595955,107242.4439312844
gesummv,SMALL3,250,629656,88896.0,8609.15,211.20388627804033,1142.45,8625.538586329842,199.81463879266522,1025.78607768194,630134.4439312844,73.05450408974473,73.13799852482533,7507.9189664756195,107242.4439312844
gesummv,SMALL3,500,629656,88896.0,4975.8,156.3483290604667,658.35,4969.033348120565,159.96441750623455,596.9157446356769,630134.4439312844,126.81227912660714,126.54367136942803,4356.140682267465,107242.4439312844
gesummv,SMALL3,750,629656,88896.0,3517.2,158.62919356988357,464.9,3516.3150203308533,139.62167057306988,427.28473752386975,630134.4439312844,179.20306920396297,179.02194927783464,3092.154284173065,107242.4439312844
gesummv,SMALL3,1000,629656,88896.0,2762.45,129.5622081838438,363.5,2728.445614301818,125.75305692691961,335.42985967544297,630134.4439312844,230.94997409084496,227.93389925609515,2403.8461280785687,107242.4439312844
gesummv,SMALL3,2500,629656,88896.0,1172.9,95.13419884286449,155.2,1185.3480598664662,86.25068963484487,155.7727025162726,630134.4439312844,531.6028812687063,536.8368999914741,1050.3444935295986,107242.4439312844
gesummv,SMALL3,5000,629656,88896.0,646.45,62.959866080242804,86.1,630.1558735673957,62.851243267295715,91.20410321470197,630134.4439312844,999.9659931185121,974.0211926676463,561.7142579379968,107242.4439312844
gesummv,SMALL3,7500,629656,88896.0,424.95,39.20724288619188,57.1,440.06497107719895,51.85318531907777,69.1042990369328,630134.4439312844,1431.9122978337266,1481.7178491587247,394.2220127806444,107242.4439312844
gesummv,SMALL3,10000,629656,88896.0,336.6,47.69353922923447,46.05,344.0042671656248,45.1463678591042,57.937463365633654,630134.4439312844,1831.7634520152592,1870.6357694592987,309.54042218933324,107242.4439312844
gesummv,SMALL3,25000,629656,88896.0,177.2,33.79598232116699,24.2,167.1730280900334,29.12753690071547,37.35934057980345,630134.4439312844,3769.3547286343137,3553.363431151242,153.32809080450266,107242.4439312844
gesummv,SMALL3,50000,629656,88896.0,112.7,18.465045213506574,15.9,101.89354957237634,21.658809963802632,29.461455996290514,630134.4439312844,6184.242737404014,5587.009760425909,94.96109028881608,107242.4439312844
gesummv,SMALL3,75000,629656,88896.0,72.35,22.20781038520599,10.6,76.69341016496803,18.514332921455715,25.726450868179406,630134.4439312844,8216.27885076255,8702.916378714583,72.06954372081827,107242.4439312844
gesummv,SMALL3,100000,629656,88896.0,61.0,20.746591349703184,9.2,62.45906418850919,16.602420933543883,23.012655708590238,630134.4439312844,10088.758967464844,10322.22950819672,58.990328303607264,107242.4439312844
gramschmidt,MEDIUM,100,1340990,178365.0,873945.85,780.6426687773278,109415.0,873406.1738609526,745.4525491333667,109069.44473959714,1335940.115578328,1.529574847945844,1.5344085677619501,871036.1775963936,107028.11557832804
gramschmidt,MEDIUM,250,1340990,178365.0,685969.3,901.3119151664964,85825.55,685887.8890173564,1105.1422721266688,85683.14478375515,1335940.115578328,1.947752886397039,1.9548834036741876,684773.4054698879,107028.11557832804
gramschmidt,MEDIUM,500,1340990,178365.0,481437.35,973.73487556662,60221.3,481844.76276030875,1275.6943143830329,60206.45570892711,1335940.115578328,2.772552944075237,2.7853883791940945,481235.76915934024,107028.11557832804
gramschmidt,MEDIUM,750,1340990,178365.0,366435.4,1544.3321295355431,45835.0,366762.444677084,1268.8111682771587,45833.08870800135,1335940.115578328,3.642521569389572,3.6595536348289492,366340.7919644041,107028.11557832804
gramschmidt,MEDIUM,1000,1340990,178365.0,295084.55,1187.8934683317536,36908.25,295126.54807876836,1221.0241730190085,36885.190465149775,1335940.115578328,4.526668726602561,4.544426334757276,294803.58543715987,107028.11557832804
gramschmidt,MEDIUM,2500,1340990,178365.0,135189.65,1342.2270289963699,16910.65,134988.28010930103,944.4524053982449,16881.088756183977,1335940.115578328,9.896711881184109,9.919324445325511,134853.53472913647,107028.11557832804
gramschmidt,MEDIUM,5000,1340990,178365.0,70525.2,845.6451041100315,8823.2,70750.84478399719,716.517612296237,8856.251412240827,1335940.115578328,18.882320340583384,19.014338137289933,70682.423636639,107028.11557832804
gramschmidt,MEDIUM,7500,1340990,178365.0,48007.2,724.6026569964498,6007.65,47936.926699441894,599.1353415273447,6006.182637965942,1335940.115578328,27.86870597596908,27.933101701411456,47891.06932968831,107028.11557832804
gramschmidt,MEDIUM,10000,1340990,178365.0,36239.4,407.1663826470636,4536.4,36252.87934834107,525.1176678365214,4546.523421621612,1335940.115578328,36.85059337609443,37.003647963266495,36218.39357874396,107028.11557832804
gramschmidt,MEDIUM,25000,1340990,178365.0,14819.0,270.07718195087523,1857.05,14742.40851133899,339.3907467519436,1859.2424615205841,1335940.115578328,90.61885068174591,90.49126121870572,14728.546384354468,107028.11557832804
gramschmidt,MEDIUM,50000,1340990,178365.0,7471.6,190.64417116712494,937.7,7431.413579071925,241.74852160075508,945.6705948517881,1335940.115578328,179.76931324890245,179.47829112907542,7424.471060412138,107028.11557832804
gramschmidt,MEDIUM,75000,1340990,178365.0,5067.55,172.50216627167634,636.9,4977.630198775641,197.8853418490135,638.7796848759074,1335940.115578328,268.38878386484646,264.62294402620597,4972.999295994565,107028.11557832804
gramschmidt,MEDIUM,100000,1340990,178365.0,3812.5,147.5417871227282,479.95,3747.273871622689,171.59848485045507,484.74407451406177,1335940.115578328,356.50986859944226,351.7350819672131,3743.7997340459046,107028.11557832804
gramschmidt,MINI,100,129821,26974.0,7502.3,177.5236381591566,1108.55,7071.302693792829,168.02560946332073,777.5858436992194,123940.11557832804,17.527197030770914,17.30416005758234,4701.306429233897,107028.11557832804
gramschmidt,MINI,250,129821,26974.0,3532.35,128.0330035576765,520.05,3328.305652906879,128.14554118760446,363.1960213530173,123940.11557832804,37.23820120609449,36.75202060950925,2213.822105438364,107028.11557832804
gramschmidt,MINI,500,129821,26974.0,1948.8,119.75835318630065,288.3,1799.8671228004569,97.10840040605508,200.7892458452874,123940.11557832804,68.86070310873095,66.61586617405582,1190.8735218319366,107028.11557832804
gramschmidt,MINI,750,129821,26974.0,1411.7,88.49329442333321,205.2,1245.3628630051026,81.23179204966222,143.23500689436366,123940.11557832804,99.52128753804041,91.9607565346745,823.7101503252286,107028.11557832804
gramschmidt,MINI,1000,129821,26974.0,1081.3,67.26389506226478,156.4,957.5339891399401,71.23801779059372,113.62646577466167,123940.11557832804,129.43677925172287,120.06011282715251,634.5713475314533,107028.11557832804
gramschmidt,MINI,2500,129821,26974.0,465.9,63.41500735547338,69.6,418.1506042253194,46.1643576046577,58.298221036118534,123940.11557832804,296.4006612113927,278.64563210989485,283.40522406075934,107028.11557832804
gramschmidt,MINI,5000,129821,26974.0,264.2,48.518688748715554,40.15,230.75913976085945,32.98606365949867,38.874818037143044,123940.11557832804,537.0973202048239,491.37395912187736,162.33799240266777,107028.11557832804
gramschmidt,MINI,7500,129821,26974.0,184.1,41.474024844981045,27.8,166.24286243616194,27.184475633929033,31.952218715828977,123940.11557832804,745.5364625108139,705.1656708310701,120.38549268257766,107028.11557832804
gramschmidt,MINI,10000,129821,26974.0,152.35,33.66596751054472,23.85,132.70639750352015,23.83456147357326,28.13058293278788,123940.11557832804,933.9422809291498,852.1234000656384,98.22062790641311,107028.11557832804
gramschmidt,MINI,25000,129821,26974.0,71.35,20.267357732908454,11.45,65.43415360480492,16.381186559142204,18.67810645732836,123940.11557832804,1894.1196416610628,1819.4954449894885,51.572026620283026,107028.11557832804
gramschmidt,MINI,50000,129821,26974.0,41.85,16.339409897223145,6.85,37.51158729337667,12.531717824021062,12.7546610275011,123940.11557832804,3304.04881587647,3102.0549581839905,30.569068633590085,107028.11557832804
gramschmidt,MINI,75000,129821,26974.0,26.75,12.134661099511597,4.95,26.635808844952418,10.638006518124818,9.759205107826906,123940.11557832804,4653.138798967434,4853.121495327103,22.00490606387689,107028.11557832804
gramschmidt,MINI,100000,129821,26974.0,19.9,11.205731616125366,3.45,20.718636127470823,9.42722244075487,7.910701621311045,123940.11557832804,5982.059572637407,6523.668341708543,17.24449855068643,107028.11557832804
gramschmidt,MINI2,100,145034,28876.0,14088.8,207.2449859719804,1936.95,13570.363285607054,223.5734869623942,1589.968417678946,139140.11557832803,10.25323439394598,10.294276304582365,11200.367021048121,107028.11557832804
gramschmidt,MINI2,250,145034,28876.0,6895.8,206.3491165349076,940.45,6630.043469671017,186.69783002970559,775.9140893508344,139140.11557832803,20.986305175044677,21.032222512253835,5515.559922202502,107028.11557832804
gramschmidt,MINI2,500,145034,28876.0,3690.45,172.6689790199429,502.4,3599.132727858331,146.38396947181894,425.75012369154393,139140.11557832803,38.65934548657881,39.29981438577951,2990.1391268898105,107028.11557832804
gramschmidt,MINI2,750,145034,28876.0,2592.45,175.86402492595775,352.9,2481.468920507751,123.85824858736407,297.943974878787,139140.11557832803,56.07167368828362,55.94476267623291,2059.8162078278774,107028.11557832804
gramschmidt,MINI2,1000,145034,28876.0,2000.45,111.87750585255947,273.95,1899.3241837208745,109.22697415664285,231.70726972919934,139140.11557832803,73.2576970118631,72.5006873453473,1576.3615421123877,107028.11557832804
gramschmidt,MINI2,2500,145034,28876.0,849.45,75.41218315644397,117.75,807.001798631832,71.47489411773537,107.65570665010785,139140.11557832803,172.41611581810875,170.7387132850668,672.2564184672719,107028.11557832804
gramschmidt,MINI2,5000,145034,28876.0,456.95,49.39046892926437,64.5,428.11757376417467,51.180803121019984,64.26518648462489,139140.11557832803,325.00444762160663,317.39577634314475,359.696426405983,107028.11557832804
gramschmidt,MINI2,7500,145034,28876.0,327.8,38.39490097724738,46.35,299.8361504825092,41.98083670136204,49.427433200675814,139140.11557832803,464.0538352510789,442.44661378889566,253.9787807289249,107028.11557832804
gramschmidt,MINI2,10000,145034,28876.0,256.0,28.07321255499439,36.4,235.1949669375441,36.45324249422971,41.89604439874208,139140.11557832803,591.5947836387018,566.5390625,200.70919734043707,107028.11557832804
gramschmidt,MINI2,25000,145034,28876.0,115.75,31.078635409994575,17.55,115.31275622881634,23.547858153510912,27.369774940663024,139140.11557832803,1206.6324674629302,1252.9935205183585,101.45062924429445,107028.11557832804
gramschmidt,MINI2,50000,145034,28876.0,76.55,19.394722559446286,12.15,69.39956944981988,17.643876044036872,20.490044209930907,139140.11557832803,2004.9132391078422,1894.6309601567605,62.45705079003329,107028.11557832804
gramschmidt,MINI2,75000,145034,28876.0,54.8,14.420745290616644,8.8,51.25917481978006,15.120854810651108,16.936914948713646,139140.11557832803,2714.4431424720515,2646.6058394160586,46.62827203870453,107028.11557832804
gramschmidt,MINI2,100000,145034,28876.0,43.1,12.95701395099642,7.25,41.06514612020842,13.56324632252602,14.548176797823224,139140.11557832803,3388.27762041875,3365.058004640371,37.591008543424024,107028.11557832804
gramschmidt,MINI3,100,165014,31374.0,23988.6,247.81814215054425,3167.5,23534.987518289287,275.66212743874917,2835.546446764225,159140.11557832803,6.761852559074381,6.878850787457376,21164.991253730353,107028.11557832804
gramschmidt,MINI3,250,165014,31374.0,12326.9,324.3818250473547,1619.5,12023.869329263613,248.59463633078374,1450.142322743417,159140.11557832803,13.235349721492222,13.38649619936886,10909.385781795098,107028.11557832804
gramschmidt,MINI3,500,165014,31374.0,6744.0,190.68132688087883,884.8,6613.785970559074,201.0668581971217,802.583587600049,159140.11557832803,24.061878670814572,24.46826809015421,6004.792369590554,107028.11557832804
gramschmidt,MINI3,750,165014,31374.0,4617.0,196.5028458344882,606.5,4570.001409875917,171.990367863298,559.0320824150161,159140.11557832803,34.822771659199326,35.740524149880876,4148.348697196043,107028.11557832804
gramschmidt,MINI3,1000,165014,31374.0,3537.95,145.3675830800193,464.95,3496.7937309869576,152.50532694728028,431.4622495734311,159140.11557832803,45.51029537947933,46.641133990022475,3173.8310893784706,107028.11557832804
gramschmidt,MINI3,2500,165014,31374.0,1567.9,118.81294453666943,207.05,1470.6138300056127,100.73805065194455,191.05915027955567,159140.11557832803,108.21339520363456,105.245232476561,1335.8684498410528,107028.11557832804
gramschmidt,MINI3,5000,165014,31374.0,847.15,87.75460701656394,113.0,764.9261708031817,72.34948406088148,106.95097627091248,159140.11557832803,208.04637316988251,194.78722776367823,696.50502344499,107028.11557832804
gramschmidt,MINI3,7500,165014,31374.0,564.7,52.708832776220504,76.6,525.6728293817539,59.4053936867958,78.1968211307771,159140.11557832803,302.7360492751611,292.21533557641226,479.8154596281696,107028.11557832804
gramschmidt,MINI3,10000,165014,31374.0,422.6,59.822016718015504,57.1,405.19827899415156,51.598363296462,63.63647822310983,159140.11557832803,392.74627713960496,390.4732607666824,370.7125093970445,107028.11557832804
gramschmidt,MINI3,25000,165014,31374.0,170.85,31.00131576155064,24.55,186.4683457445978,32.852097022556116,36.96254663191629,159140.11557832803,853.4430599620338,965.8413813286509,172.6062187600759,107028.11557832804
gramschmidt,MINI3,50000,165014,31374.0,116.7,22.909662406481413,17.5,110.58749002924426,23.625541468168517,27.227302837158213,159140.11557832803,1439.0426578652277,1414.0017137960583,103.64497136945768,107028.11557832804
gramschmidt,MINI3,75000,165014,31374.0,94.35,27.071591246758636,14.0,82.68137487895572,19.831813814456726,23.1225020441966,159140.11557832803,1924.7395899173996,1748.956014838368,78.0504720978802,107028.11557832804
gramschmidt,MINI3,100000,165014,31374.0,67.55,18.305808684102086,10.45,67.25999898386465,17.679723951849258,20.49476053359576,159140.11557832803,2366.0439783310876,2442.842339008142,63.78586140708025,107028.11557832804
gramschmidt,SMALL,100,241042,40877.0,68284.4,458.3470760300132,8710.05,67956.12316552337,388.84238159402,8388.188402668487,235140.11557832803,3.4601755460002934,3.529971706568411,65586.12690096445,107028.11557832804
gramschmidt,SMALL,250,241042,40877.0,39020.05,511.9398068029802,4954.25,38649.017671368296,412.97901831343995,4778.285865506644,235140.11557832803,6.083986857770073,6.177388291404034,37534.53412389978,107028.11557832804
gramschmidt,SMALL,500,241042,40877.0,22509.25,371.9883805485845,2854.8,22176.501935318778,358.8571065629981,2747.9231058033674,235140.11557832803,10.603120197412144,10.708575363461687,21567.50833435026,107028.11557832804
gramschmidt,SMALL,750,241042,40877.0,15589.55,335.3988160227669,1977.65,15527.413159653168,314.9950080225075,1928.7097683124805,235140.11557832803,15.143547296681858,15.461767658463522,15105.760446973294,107028.11557832804
gramschmidt,SMALL,1000,241042,40877.0,11988.05,214.5817167372252,1522.2,11946.512601149157,283.036647676031,1487.6860290745165,235140.11557832803,19.682741183875656,20.106856411176132,11623.54995954067,107028.11557832804
gramschmidt,SMALL,2500,241042,40877.0,5080.45,219.7585936287457,646.25,5028.450563653921,191.50743196179866,636.1004632150666,235140.11557832803,46.761942391945006,47.44500979243965,4893.705183489361,107028.11557832804
gramschmidt,SMALL,5000,241042,40877.0,2569.5,124.37020289611597,329.0,2577.174725380874,138.56742653300364,334.3593000671225,235140.11557832803,91.2394931017249,93.80891223973536,2508.753578022682,107028.11557832804
gramschmidt,SMALL,7500,241042,40877.0,1756.65,106.47770955265213,225.85,1742.2349539126349,114.04147746640868,231.35611341278178,235140.11557832803,134.96464127887037,137.2168616400535,1696.3775841590507,107028.11557832804
gramschmidt,SMALL,10000,241042,40877.0,1380.25,103.8966465190034,178.1,1321.0529854558954,99.17065303196918,179.24398379035944,235140.11557832803,177.9944621200649,174.63647889875023,1286.5672158587884,107028.11557832804
gramschmidt,SMALL,25000,241042,40877.0,557.85,58.743219093557386,73.4,555.9169181579681,63.22333118990654,84.0059518311669,235140.11557832803,422.9770814629375,432.0910639060679,542.0547911734462,107028.11557832804
gramschmidt,SMALL,50000,241042,40877.0,291.8,52.79015059648911,39.3,298.6014939956348,44.837956398901845,51.694988111771906,235140.11557832803,787.4713298713954,826.0520904729266,291.65897533584825,107028.11557832804
gramschmidt,SMALL,75000,241042,40877.0,224.5,47.01119687456327,30.8,212.44898452687977,36.657268874650285,40.81588945713423,235140.11557832803,1106.8074347447741,1073.683741648107,207.81808174580425,107028.11557832804
gramschmidt,SMALL,100000,241042,40877.0,174.15,32.92619338044281,24.15,169.06182445280604,31.797508452611083,35.28825161419968,235140.11557832803,1390.8528216786628,1384.1056560436405,165.58768687602165,107028.11557832804
gramschmidt,SMALL2,100,420235,63276.0,189314.75,420.146074222064,23835.55,188936.25555126427,516.0018701533445,23510.7049508861,414340.115578328,2.193015386958935,2.2197689297849217,186566.25928670535,107028.11557832804
gramschmidt,SMALL2,250,420235,63276.0,122240.8,520.1968858038271,15356.0,122089.97746526233,641.0780935055254,15208.405839743402,414340.115578328,3.3937275129419873,3.437763823535186,120975.49391779382,107028.11557832804
gramschmidt,SMALL2,500,420235,63276.0,74904.65,531.7327459898377,9406.95,74725.23247606347,612.8118324087724,9316.514423396455,414340.115578328,5.544848799380484,5.610265851318977,74116.23887509495,107028.11557832804
gramschmidt,SMALL2,750,420235,63276.0,53708.15,454.4900294199056,6742.5,53600.15667439025,558.4086702257264,6687.802707664632,414340.115578328,7.7302034412950995,7.824417709416541,53178.503961710376,107028.11557832804
gramschmidt,SMALL2,1000,420235,63276.0,41964.0,502.3468082803686,5269.75,41750.82083964446,511.7678831515172,5213.22456025929,414340.115578328,9.924119029173474,10.014178819940902,41427.858198035974,107028.11557832804
gramschmidt,SMALL2,2500,420235,63276.0,18039.25,306.12344861097097,2265.9,17932.872430669267,359.43856223478167,2249.162792234636,414340.115578328,23.105061232115425,23.295591557298668,17798.127050504707,107028.11557832804
gramschmidt,SMALL2,5000,420235,63276.0,9289.4,218.27635790678906,1168.35,9207.16204968428,263.4160190927391,1163.2872703202006,414340.115578328,45.001935812842135,45.238120868947405,9138.74090232609,107028.11557832804
gramschmidt,SMALL2,7500,420235,63276.0,6267.2,247.82434356446473,789.6,6204.006469974011,217.68207630032109,789.5306304049142,414340.115578328,66.78589353245205,67.0530699514935,6158.1491002204275,107028.11557832804
gramschmidt,SMALL2,10000,420235,63276.0,4770.4,180.611650845267,601.6,4683.927225549912,189.66600738505178,600.289063555107,414340.115578328,88.45998146986214,88.09219352674829,4649.441455952805,107028.11557832804
gramschmidt,SMALL2,25000,420235,63276.0,1913.7,146.3989142899057,243.2,1914.4793828169238,121.3225475582901,254.8730048158762,414340.115578328,216.42443334577825,219.59293515180016,1900.617255832402,107028.11557832804
gramschmidt,SMALL2,50000,420235,63276.0,1008.75,99.56319072512905,129.6,980.573476098742,86.14750232346591,137.77996004406802,414340.115578328,422.54876934546485,416.5898389095415,973.6309574389554,107028.11557832804
gramschmidt,SMALL2,75000,420235,63276.0,685.7,66.45782200210266,88.75,667.8546370692379,70.44522307469481,98.41227320403162,414340.115578328,620.4046398428652,612.8554761557532,663.2237342881624,107028.11557832804
gramschmidt,SMALL2,100000,420235,63276.0,529.9,59.34457807894852,69.0,511.2042793313897,61.05521299641426,78.65058471752684,414340.115578328,810.5176977787597,793.0458577090018,507.7301417546053,107028.11557832804
gramschmidt,SMALL3,100,803390,111165.0,468848.0,545.9447629664863,58780.1,468192.72044298454,642.8939020207305,58417.763062351136,798340.115578328,1.7051527730353682,1.7135404224823396,465822.7241784256,107028.11557832804
gramschmidt,SMALL3,250,803390,111165.0,340853.85,787.290241070092,42682.85,340826.9837361831,902.2967248140205,42550.5316236085,798340.115578328,2.342361824838032,2.3569925937465577,339712.5001887146,107028.11557832804
gramschmidt,SMALL3,500,803390,111165.0,225235.7,860.7317633392339,28197.2,225054.38672971775,960.2418077040414,28107.65870510324,798340.115578328,3.5473208373276717,3.5668857112793395,224445.39312874922,107028.11557832804
gramschmidt,SMALL3,750,803390,111165.0,166586.15,963.886719430623,20851.15,166553.50801231537,916.7334016969132,20806.971624905273,798340.115578328,4.793295110417589,4.822669831795741,166131.8552996355,107028.11557832804
gramschmidt,SMALL3,1000,803390,111165.0,132398.05,1006.5492627889893,16573.65,131931.75181012967,861.8005107989297,16485.84093156994,798340.115578328,6.051159820323342,6.0679896720533275,131608.78916852118,107028.11557832804
gramschmidt,SMALL3,2500,803390,111165.0,58529.7,743.2658446272602,7328.2,58492.1720703793,635.9043073938665,7319.07525131876,798340.115578328,13.64866592093288,13.72619371020183,58357.42669021474,107028.11557832804
gramschmidt,SMALL3,5000,803390,111165.0,30257.85,622.9177756840447,3790.3,30323.827238695998,474.2354474094607,3802.874218267644,798340.115578328,26.32715551681987,26.55145689465709,30255.406091337805,107028.11557832804
gramschmidt,SMALL3,7500,803390,111165.0,20542.5,456.0139079134828,2574.75,20475.33304060226,394.22326076714126,2573.483298626944,798340.115578328,38.99033602995527,39.108677132773515,20429.47567084868,107028.11557832804
gramschmidt,SMALL3,10000,803390,111165.0,15585.95,340.095416177965,1954.25,15461.48172103554,344.49797789764654,1947.5970378445886,798340.115578328,51.63412730955638,51.54578322142699,15426.995951438432,107028.11557832804
gramschmidt,SMALL3,25000,803390,111165.0,6355.45,228.68076461579184,799.0,6281.7931456250535,221.47112988080957,801.5162088006189,798340.115578328,127.08793445933999,126.40961694293874,6267.931018640532,107028.11557832804
gramschmidt,SMALL3,50000,803390,111165.0,3183.85,178.52797952613528,401.6,3175.1811344638754,157.49582852083486,413.1150492126717,798340.115578328,251.43136147825675,252.3328674403631,3168.238615804089,107028.11557832804
gramschmidt,SMALL3,75000,803390,111165.0,2159.6,153.87123803601784,273.2,2133.6980761934183,128.85541933367057,282.5992666235519,798340.115578328,374.1579581880633,372.00870531579926,2129.0671734123425,107028.11557832804
gramschmidt,SMALL3,100000,803390,111165.0,1638.5,94.51621971637294,207.85,1611.7012165455922,111.71089859436685,217.0702548778979,798340.115578328,495.3400217004455,490.3204150137321,1608.2270789688077,107028.11557832804
heat-3d,MEDIUM,100,1129894,151424.0,969076.4,515.5800412616607,121290.05,968831.8789286689,513.0874623381844,121000.97403534057,1131358.7200331741,1.167755463707725,1.165949351361771,966456.4790922896,107250.72003317418
heat-3d,MEDIUM,250,1129894,151424.0,913969.55,502.74996139654394,114314.35,913811.2486624973,582.8674541893282,114176.9419714336,1131358.7200331741,1.2380660904416432,1.2362490632209793,912694.2071447028,107250.72003317418
heat-3d,MEDIUM,500,1129894,151424.0,804084.05,616.8833784692184,100547.25,803710.4435126495,936.6552807259052,100443.02401110948,1131358.7200331741,1.4076695520945632,1.4051938973295142,803099.527216165,107250.72003317418
heat-3d,MEDIUM,750,1129894,151424.0,689914.05,1055.9378707301382,86266.1,689260.001272494,1177.3056733244764,86148.64287576613,1131358.7200331741,1.6414106693330368,1.6377315406172694,688836.6996332936,107250.72003317418
heat-3d,MEDIUM,1000,1129894,151424.0,595330.65,1210.28271055719,74437.0,594996.6237930633,1291.158170522931,74372.31937619996,1131358.7200331741,1.9014540163620401,1.8979268075648381,594672.2224333283,107250.72003317418
heat-3d,MEDIUM,2500,1129894,151424.0,314935.9,1395.7835716712532,39376.9,314828.9512558461,1282.1988141691259,39364.59394973491,1131358.7200331741,3.593566333465229,3.587695146853693,314693.41853378015,107250.72003317418
heat-3d,MEDIUM,5000,1129894,151424.0,174179.6,994.8719251081623,21779.25,174184.71154415922,1060.4458845469694,21788.939386815477,1131358.7200331741,6.495166596445824,6.486947954869571,174115.84855687493,107250.72003317418
heat-3d,MEDIUM,7500,1129894,151424.0,120151.65,972.2411588966135,15024.6,120226.85386369492,912.8445658212019,15045.891799102177,1131358.7200331741,9.410199832026148,9.403899155775223,120180.69003314078,107250.72003317418
heat-3d,MEDIUM,10000,1129894,151424.0,91633.8,931.346032137866,11459.25,91771.54557061421,811.8085419140617,11489.832322510112,1131358.7200331741,12.32799026101879,12.330537421781045,91736.8253100719,107250.72003317418
heat-3d,MEDIUM,25000,1129894,151424.0,38084.35,639.4269864907423,4764.2,37924.0954603657,538.6565077910735,4760.455664392599,1131358.7200331741,29.83218732838472,29.668197041566945,37910.136064191865,107250.72003317418
heat-3d,MEDIUM,50000,1129894,151424.0,19091.95,396.2869076286707,2389.65,19192.60092349032,387.04623685571016,2419.4019447716823,1131358.7200331741,58.94764990650511,59.181696997949395,19185.6091725464,107250.72003317418
heat-3d,MEDIUM,75000,1129894,151424.0,12890.25,356.4869341371806,1614.5,12858.724310349002,317.718579418742,1627.4601003256496,1131358.7200331741,87.98374494448335,87.65493299199007,12854.06045179259,107250.72003317418
heat-3d,MEDIUM,100000,1129894,151424.0,9695.15,324.88544944819824,1214.95,9674.462302314987,275.8910052519225,1229.0358449837745,1131358.7200331741,116.94280102393422,116.54218862008324,9670.963397358842,107250.72003317418
heat-3d,MINI,100,122677,25528.0,10807.65,188.35947575118973,1510.6,10765.079548495138,145.80924722408943,1242.6241128188447,123358.72003317418,11.459155455141865,11.350941231442544,8389.679712115838,107250.72003317418
heat-3d,MINI,250,122677,25528.0,6305.65,129.9527343225019,857.3,6274.028753476721,149.4016311671274,734.789459814291,123358.72003317418,19.661803424923033,19.45509186206022,5156.987235682283,107250.72003317418
heat-3d,MINI,500,122677,25528.0,3719.45,147.18033156641553,500.25,3689.5080577678164,133.65792581757037,440.3944166324355,123358.72003317418,33.43500491168658,32.98256462649048,3078.5917612832736,107250.72003317418
heat-3d,MINI,750,122677,25528.0,2626.3,131.1724858826407,354.6,2618.766122246981,118.86035083144655,318.38460364426976,123358.72003317418,47.10566513947746,46.710962190153445,2195.4644830465672,107250.72003317418
heat-3d,MINI,1000,122677,25528.0,2034.55,89.23031995908116,273.75,2034.636290923243,107.55338709895953,251.77336355332838,123358.72003317418,60.629371737588805,60.29687154407609,1710.234931188244,107250.72003317418
heat-3d,MINI,2500,122677,25528.0,887.3,78.02165691247797,120.0,889.3492212638658,73.75766898537049,120.16460309138643,123358.72003317418,138.70672744039453,138.25876253803673,753.8164991978663,107250.72003317418
heat-3d,MINI,5000,122677,25528.0,464.2,60.829874931735034,63.65,477.3549105384897,53.61614644096227,71.77967967221699,123358.72003317418,258.42139110712594,264.2761740629039,408.4919232542092,107250.72003317418
heat-3d,MINI,7500,122677,25528.0,313.35,39.33028162410712,43.95,336.1551959122739,44.18866308676844,54.85507629180057,123358.72003317418,366.9695472009512,391.50151587681506,289.9913653581321,107250.72003317418
heat-3d,MINI,10000,122677,25528.0,253.95,35.930451826007605,35.9,264.66317430337045,38.45367161797037,46.11509452448761,123358.72003317418,466.0970320403326,483.0754085449892,229.94291376106034,107250.72003317418
heat-3d,MINI,25000,122677,25528.0,127.5,33.75531147288645,18.55,132.42650283824898,24.77178347525336,29.106974879152776,123358.72003317418,931.5259210903533,962.1725490196078,118.46710666441062,107250.72003317418
heat-3d,MINI,50000,122677,25528.0,72.25,20.15694995724669,11.35,82.99895117754754,18.48703837855196,22.131528628974714,123358.72003317418,1486.2684200585966,1697.9515570934257,76.00720023362514,107250.72003317418
heat-3d,MINI,75000,122677,25528.0,54.95,17.003018307904846,8.85,63.38938696518251,16.02268325855651,19.016219656897466,123358.72003317418,1946.0469005786513,2232.520473157416,58.72552840877026,107250.72003317418
heat-3d,MINI,100000,122677,25528.0,46.15,11.806666270419125,7.3,52.06554656182752,14.59173739368936,16.91090167073967,123358.72003317418,2369.296553656389,2658.223185265439,48.566641605682925,107250.72003317418
heat-3d,MINI2,100,134338,26985.0,19329.9,187.17284440914568,2577.7,19278.187944642224,171.17869944006188,2306.762662337231,135006.72003317418,7.003081431763669,6.949751421373105,16902.788108262925,107250.72003317418
heat-3d,MINI2,250,134338,26985.0,12201.4,295.13821918052673,1593.0,12223.707898920824,197.17231350025878,1478.4993759834904,135006.72003317418,11.04466182843696,11.010048027275559,11106.666381126386,107250.72003317418
heat-3d,MINI2,500,134338,26985.0,7444.15,190.57482989490956,966.55,7446.568327399715,188.09281951949308,910.0394680427365,135006.72003317418,18.130058585028454,18.04611674939382,6835.652030915172,107250.72003317418
heat-3d,MINI2,750,134338,26985.0,5425.35,206.18036942648564,702.75,5341.549795834516,171.1740948229527,658.8311748280076,135006.72003317418,25.27482195119777,24.761167482282247,4918.248156634102,107250.72003317418
heat-3d,MINI2,1000,134338,26985.0,4168.9,136.52294968053428,541.3,4166.202426576882,156.7238945174729,518.484932533811,135006.72003317418,32.40522332086995,32.22384801746264,3841.8010668418838,107250.72003317418
heat-3d,MINI2,2500,134338,26985.0,1785.3,106.03976414037975,234.1,1813.0758530602889,109.80559009580371,236.8011237311549,135006.72003317418,74.46280849491016,75.24673724304039,1677.5431309942892,107250.72003317418
heat-3d,MINI2,5000,134338,26985.0,943.7,68.79726126739884,124.45,952.6178288534401,80.39420933500345,132.5490531255372,135006.72003317418,141.72180694504397,142.35244251351065,883.7548415691596,107250.72003317418
heat-3d,MINI2,7500,134338,26985.0,663.6,43.705232735006135,87.9,656.2862387982478,66.41522132402383,96.1608829892093,135006.72003317418,205.71316607276486,202.43821579264616,610.122408244106,107250.72003317418
heat-3d,MINI2,10000,134338,26985.0,532.1,49.86814192395147,70.85,506.212861013813,57.857126415451305,77.57540860494598,135006.72003317418,266.6995061381703,252.46758128171396,471.4926004715029,107250.72003317418
heat-3d,MINI2,25000,134338,26985.0,224.1,34.797005315793605,30.85,232.34448750306183,36.99479685639403,43.013402441830536,135006.72003317418,581.0627206354318,599.4556001784917,218.38509132922348,107250.72003317418
heat-3d,MINI2,50000,134338,26985.0,136.75,25.634834441480326,19.4,138.42884365531899,26.402917829035037,30.407712022965725,135006.72003317418,975.2788253388453,982.3619744058501,131.4370927113966,107250.72003317418
heat-3d,MINI2,75000,134338,26985.0,104.05,29.319429519832422,15.3,105.17478700201627,21.930427598558463,25.673052145093664,135006.72003317418,1283.6414874848856,1291.0908217203269,100.51092844560402,107250.72003317418
heat-3d,MINI2,100000,134338,26985.0,81.75,22.503508498384026,12.2,87.20875505916155,19.446876122371496,23.022549040643128,135006.72003317418,1548.086771122773,1643.2782874617737,83.70985010301695,107250.72003317418
heat-3d,MINI3,100,160682,30278.0,40599.85,149.66463387046068,5232.0,40475.550020107585,207.9612169278517,4956.432921770402,161358.72003317418,3.9865726334296587,3.957699351105977,38100.150183728285,107250.72003317418
heat-3d,MINI3,250,160682,30278.0,28418.3,296.17866229693175,3622.2,28342.754949250015,269.67716341043484,3493.3802572776926,161358.72003317418,5.693120528406641,5.6541735431042675,27225.713431455577,107250.72003317418
heat-3d,MINI3,500,160682,30278.0,18120.7,333.70032253978684,2299.7,18158.095889346358,280.31854477789415,2248.980558190339,161358.72003317418,8.886323820321154,8.86731748773502,17547.179592861816,107250.72003317418
heat-3d,MINI3,750,160682,30278.0,13232.6,220.410478306655,1679.2,13261.30957673772,263.38796154291373,1648.806407349865,161358.72003317418,12.167630888899616,12.142889530402188,12838.007937537306,107250.72003317418
heat-3d,MINI3,1000,160682,30278.0,10552.95,205.53485426026793,1339.1,10431.836598854969,245.15291000476793,1301.7207694649758,161358.72003317418,15.467910995738317,15.226263746156286,10107.43523911997,107250.72003317418
heat-3d,MINI3,2500,160682,30278.0,4595.85,167.993193784435,584.5,4580.571972420841,177.03929529434458,583.4386834014513,161358.72003317418,35.22676229184884,34.962411741027225,4445.039250354842,107250.72003317418
heat-3d,MINI3,5000,160682,30278.0,2382.15,119.71117654368653,304.3,2385.164764190996,130.94744624675468,313.12746916251257,161358.72003317418,67.6509742453386,67.45251138677246,2316.301776906715,107250.72003317418
heat-3d,MINI3,7500,160682,30278.0,1623.85,124.07691799423195,208.25,1622.9471533043918,108.54595678204154,218.66219211245763,161358.72003317418,99.42327432205091,98.95125781322167,1576.78332275025,107250.72003317418
heat-3d,MINI3,10000,160682,30278.0,1206.8,77.88898983066926,155.25,1235.7591875755668,94.71967623101055,170.39349614233302,161358.72003317418,130.5745663519957,133.147166058999,1201.0389270332566,107250.72003317418
heat-3d,MINI3,25000,160682,30278.0,505.5,70.6127318175472,66.3,528.0238087994869,60.735955380930115,81.33105245797368,161358.72003317418,305.58985663930343,317.8674579624134,514.0644126256485,107250.72003317418
heat-3d,MINI3,50000,160682,30278.0,283.25,42.20236336609848,38.0,288.68539349579544,43.14867345107196,50.71440561955933,161358.72003317418,558.9431390318135,567.2797881729921,281.69364255187304,107250.72003317418
heat-3d,MINI3,75000,160682,30278.0,198.9,38.17259970739552,27.15,208.18045760395574,35.299024101022226,40.128675930278966,161358.72003317418,775.0906203700655,807.8531925590748,203.5165990475435,107250.72003317418
heat-3d,MINI3,100000,160682,30278.0,149.65,27.271104816173786,20.85,167.479876133324,30.63175688010248,34.61179780896544,161358.72003317418,963.4513934362059,1073.7186769127966,163.9809711771794,107250.72003317418
heat-3d,SMALL,100,234674,39527.0,105071.75,224.28315632371093,13290.9,104982.61606597173,269.23949121628374,13019.816177503419,235358.72003317418,2.2418827883396744,2.233464275602148,102607.21622959242,107250.72003317418
heat-3d,SMALL,250,234674,39527.0,82363.9,513.219446241077,10366.8,82338.61495511407,380.8030029161917,10242.862758010699,235358.72003317418,2.858424569826408,2.8492337055433268,81221.57343731963,107250.72003317418
heat-3d,SMALL,500,234674,39527.0,57004.15,561.8431392816817,7161.0,56762.20300228618,448.9558792871858,7074.493947314077,235358.72003317418,4.146398617116653,4.116787988242961,56151.286705801635,107250.72003317418
heat-3d,SMALL,750,234674,39527.0,42635.35,282.5921880322264,5355.4,42690.99062091438,443.44486190431144,5327.516544318681,235358.72003317418,5.513077035927847,5.504211880516989,42267.68898171397,107250.72003317418
heat-3d,SMALL,1000,234674,39527.0,34173.0,481.00475979699917,4291.95,34102.55616988783,423.64251329507766,4260.560923302875,235358.72003317418,6.901497907098039,6.867234366312586,33778.15481015283,107250.72003317418
heat-3d,SMALL,2500,234674,39527.0,15491.0,299.45177979276156,1946.45,15370.64548862653,321.13088305628395,1932.3053401653822,235358.72003317418,15.312220960878141,15.149054289587502,15235.112766560529,107250.72003317418
heat-3d,SMALL,5000,234674,39527.0,8028.3,249.38874747754969,1009.7,8028.986025230228,241.48511693954043,1019.4216240128212,235358.72003317418,29.313629304321196,29.230845882689984,7960.1230379459475,107250.72003317418
heat-3d,SMALL,7500,234674,39527.0,5460.7,193.1089411650707,688.05,5443.9003014176715,201.28279823139124,697.7559514725313,235358.72003317418,43.23347361300561,42.975076455399496,5397.73647086353,107250.72003317418
heat-3d,SMALL,10000,234674,39527.0,4110.55,199.85507249004212,518.35,4124.16877974847,176.12870244916058,533.306729943629,235358.72003317418,57.068159089145844,57.090656968045636,4089.44851920616,107250.72003317418
heat-3d,SMALL,25000,234674,39527.0,1730.0,113.99722988324159,219.45,1700.7557602667628,113.49728912444142,229.91527308546048,235358.72003317418,138.38478488895916,135.64971098265897,1686.7963640929245,107250.72003317418
heat-3d,SMALL,50000,234674,39527.0,907.05,79.96675295988558,116.05,878.3859028007198,80.76181516508741,125.98269799573279,235358.72003317418,267.9445552151242,258.7222314095144,871.3941518567974,107250.72003317418
heat-3d,SMALL,75000,234674,39527.0,591.8,72.67345855914228,76.5,602.5105057038755,66.08140028528433,90.90963736750409,235358.72003317418,390.63006836406817,396.5427509293681,597.8466471474633,107250.72003317418
heat-3d,SMALL,100000,234674,39527.0,452.3,47.96500917609792,58.9,464.2157834404747,57.28912574900189,73.2652640405125,235358.72003317418,507.00283882819264,518.8458987397745,460.7168784843301,107250.72003317418
heat-3d,SMALL2,100,356715,54782.0,216884.25,306.59571786071433,27266.55,216612.8515918111,333.8142278014416,26973.59561823334,357358.72003317415,1.6497577009261986,1.6447252393846026,214237.4517554318,107250.72003317418
heat-3d,SMALL2,250,356715,54782.0,182728.05,472.2702699670359,22911.15,182600.74668915287,473.0597521893836,22775.629224765544,357358.72003317415,1.95704960966845,1.9521633378126677,181483.70517135842,107250.72003317418
heat-3d,SMALL2,500,356715,54782.0,133833.75,646.3181451397135,16766.2,133887.14930905253,621.6644545172815,16715.11223565987,357358.72003317415,2.6691039571563424,2.665359074224551,133276.233012568,107250.72003317418
heat-3d,SMALL2,750,356715,54782.0,103735.9,523.4846702626544,12990.25,103476.85233995275,643.8705604735663,12925.749259198474,357358.72003317415,3.453513630847049,3.4386841970812423,103053.55070075234,107250.72003317418
heat-3d,SMALL2,1000,356715,54782.0,83845.0,901.779001984993,10500.45,83902.8013408465,630.8020875470451,10485.591569672873,357358.72003317415,4.259198910194203,4.254457630150873,83578.3999811115,107250.72003317418
heat-3d,SMALL2,2500,356715,54782.0,38939.3,412.7469085605799,4876.95,38907.98270403713,501.3462130138568,4874.472880721009,357358.72003317415,9.184714683141213,9.160796419041944,38772.449981971135,107250.72003317418
heat-3d,SMALL2,5000,356715,54782.0,20360.0,414.28962663436585,2551.0,20498.619946177703,383.1976318961807,2578.1774252210575,357358.72003317415,17.433306289470938,17.520383104125738,20429.756958893424,107250.72003317418
heat-3d,SMALL2,7500,356715,54782.0,13899.45,401.6768110388198,1742.3,13921.191056986212,321.15860184383257,1757.6717209775843,357358.72003317415,25.670125391594077,25.66396512092205,13875.02722643207,107250.72003317418
heat-3d,SMALL2,10000,356715,54782.0,10615.15,382.7737101185169,1331.5,10545.223575320837,281.7963688408971,1336.482287305681,357358.72003317415,33.88820706177408,33.60432966090917,10510.503314778527,107250.72003317418
heat-3d,SMALL2,25000,356715,54782.0,4303.6,197.22720000307413,541.5,4316.69875507507,182.4853209024986,558.4927909242695,357358.72003317415,82.78518847603937,82.88758248907891,4302.739358901232,107250.72003317418
heat-3d,SMALL2,50000,356715,54782.0,2241.5,135.8259334977172,282.95,2195.0461877916273,130.0636396098572,292.1529427639584,357358.72003317415,162.80236927164728,159.14120008922598,2188.054436847705,107250.72003317418
heat-3d,SMALL2,75000,356715,54782.0,1453.55,116.88297116076586,184.25,1482.3469405260014,106.47964159411224,202.2321032043117,357358.72003317415,241.07630289732825,245.40951463657942,1477.6830819695892,107250.72003317418
heat-3d,SMALL2,100000,356715,54782.0,1112.2,83.65820185039902,141.45,1124.9094638885347,92.33755433706963,157.00211569486413,357358.72003317415,317.67776119321917,320.72918539830965,1121.4105589323901,107250.72003317418
heat-3d,SMALL3,100,537910,77426.0,387861.75,393.47064024758333,48644.0,387670.9838348402,400.6805697127302,48355.862148611974,539358.7200331741,1.3912795708820902,1.3868601376650314,385295.5839984609,107250.72003317418
heat-3d,SMALL3,250,537910,77426.0,342470.45,659.4668879601006,42875.8,342444.9192926346,547.2158725178043,42756.15080020077,539358.7200331741,1.5750232800863015,1.5706756597540021,341327.87777484016,107250.72003317418
heat-3d,SMALL3,500,537910,77426.0,264909.9,736.0726437262174,33153.6,264466.4333395714,787.6435011528392,33037.522739474734,539358.7200331741,2.0394222178685517,2.030539440013378,263855.5170430869,107250.72003317418
heat-3d,SMALL3,750,537910,77426.0,209687.75,767.5916454798893,26236.8,209584.0047259815,853.6524458015932,26189.14330745207,539358.7200331741,2.573472726310165,2.5652905331856535,209160.70308678108,107250.72003317418
heat-3d,SMALL3,1000,537910,77426.0,172431.75,860.8688313191743,21573.65,172366.64860660976,857.092978952862,21543.57247789328,539358.7200331741,3.129136201192528,3.1195530985447864,172042.24724687476,107250.72003317418
heat-3d,SMALL3,2500,537910,77426.0,82048.4,1077.2463140120874,10266.95,82219.54113583431,713.714557578245,10288.417684733437,539358.7200331741,6.559982123253443,6.556008404795219,82084.00841376832,107250.72003317418
heat-3d,SMALL3,5000,537910,77426.0,43629.15,568.5012868568494,5459.9,43740.50189269487,554.4078214856073,5483.413179855856,539358.7200331741,12.33087634331084,12.329142328007766,43671.63890541059,107250.72003317418
heat-3d,SMALL3,7500,537910,77426.0,29814.45,539.6377415500723,3731.9,29790.992214187245,467.1896688014206,3741.408968473508,539358.7200331741,18.10475851745272,18.04192262476752,29744.828383633103,107250.72003317418
heat-3d,SMALL3,10000,537910,77426.0,22592.9,293.794575565273,2828.55,22591.696787716897,411.05266114182973,2842.349309980122,539358.7200331741,23.874201442293764,23.80880719163985,22556.976527174585,107250.72003317418
heat-3d,SMALL3,25000,537910,77426.0,9206.3,292.97100628955684,1154.45,9242.205594692214,267.5051113515004,1174.9596458828598,539358.7200331741,58.358225697005395,58.42846746249851,9228.246198518375,107250.72003317418
heat-3d,SMALL3,50000,537910,77426.0,4698.85,204.30479681103932,590.25,4676.904914575944,190.97085478931558,603.728826999567,539358.7200331741,115.32385838168744,114.47694648690636,4669.913163632022,107250.72003317418
heat-3d,SMALL3,75000,537910,77426.0,3152.2,176.99170364142705,396.9,3141.4847331910505,156.42708722536537,410.9895074006498,539358.7200331741,171.68911067261675,170.64589810291227,3136.820874634638,107250.72003317418
heat-3d,SMALL3,100000,537910,77426.0,2341.0,110.10043262021223,295.35,2371.0540404195945,135.68794828286917,314.03631279464,539358.7200331741,227.47635053384374,229.77787270397266,2367.55513546345,107250.72003317418
jacobi-2d,MEDIUM,100,1105938,148429.0,994143.9,232.77748579862367,124429.0,994197.34613146,234.14290780176307,124167.97895885468,1107343.4986566054,1.1138065324408786,1.1124526338692013,991821.763659369,107247.49865660536
jacobi-2d,MEDIUM,250,1105938,148429.0,901207.8,714.7408510855568,112719.75,901316.106755523,824.2215136282256,112611.51777463395,1107343.4986566054,1.2285850550732098,1.2271731336546354,900199.3116418922,107247.49865660536
jacobi-2d,MEDIUM,500,1105938,148429.0,690617.65,1554.3466481552912,86363.9,691121.9866394289,1294.9967751010374,86365.88014975328,1107343.4986566054,1.602240299199636,1.6013752327355084,690510.6253611086,107247.49865660536
jacobi-2d,MEDIUM,750,1105938,148429.0,544073.35,1494.8835643797115,68035.3,544172.9688764915,1400.851383394055,68009.21544315795,1107343.4986566054,2.034910886777131,2.032700186473019,543749.4461962903,107247.49865660536
jacobi-2d,MEDIUM,1000,1105938,148429.0,445575.45,1529.65195473728,55717.45,445678.6114152987,1400.1596672508874,55704.0467587976,1107343.4986566054,2.484623381723707,2.482044286775674,445354.166012006,107247.49865660536
jacobi-2d,MEDIUM,2500,1105938,148429.0,210684.7,1235.2415105855555,26344.5,210617.14331463832,1151.3312815568586,26334.63470415469,1107343.4986566054,5.257613322588649,5.249256353214068,210481.79437629698,107247.49865660536
jacobi-2d,MEDIUM,5000,1105938,148429.0,111512.25,935.0358211545187,13945.45,111608.37583763208,889.6708030005809,13963.412993429636,1107343.4986566054,9.92168813806205,9.917636851556667,111539.6623133675,107247.49865660536
jacobi-2d,MEDIUM,7500,1105938,148429.0,76137.6,652.8088621689477,9522.05,75890.14393358097,748.3278259975658,9500.315331023028,1107343.4986566054,14.591400691317071,14.525516958769385,75844.09489089382,107247.49865660536
jacobi-2d,MEDIUM,10000,1105938,148429.0,57795.1,547.0856663410129,7228.8,57490.81616691496,657.790905164059,7201.251107505335,1107343.4986566054,19.261224183035058,19.13549764599421,57456.18804179777,107247.49865660536
jacobi-2d,MEDIUM,25000,1105938,148429.0,23372.5,340.464311446032,2924.9,23435.08279021803,427.34077163608606,2945.8346066855656,1107343.4986566054,47.25152919531474,47.31791635469034,23421.164858668973,107247.49865660536
jacobi-2d,MEDIUM,50000,1105938,148429.0,11798.4,236.07545626903192,1477.9,11809.2493231655,304.89511934644173,1493.0259989604635,1107343.4986566054,93.76916926331597,93.73626932465419,11802.27911125155,107247.49865660536
jacobi-2d,MEDIUM,75000,1105938,148429.0,7877.85,340.4950382202824,987.55,7902.712117708564,249.69143098539087,1004.5800949454689,1107343.4986566054,140.12195840656358,140.3857651516594,7898.062800694877,107247.49865660536
jacobi-2d,MEDIUM,100000,1105938,148429.0,5908.7,226.94958865235623,741.15,5943.310714479296,216.56357837433316,759.3328213717566,1107343.4986566054,186.31761855540506,187.17112055105184,5939.822784415719,107247.49865660536
jacobi-2d,MINI,100,121129,25333.0,11490.35,219.41915547525377,1594.65,11469.749626064826,172.38795467335063,1327.0293956802786,121743.49865660536,10.614311787586468,10.541802469028358,9094.167153973722,107247.49865660536
jacobi-2d,MINI,250,121129,25333.0,6032.2,170.55315578249616,822.85,6034.465560556538,164.66992463242013,701.3125743446708,121743.49865660536,20.17469441740875,20.080401843440203,4917.670446925671,107247.49865660536
jacobi-2d,MINI,500,121129,25333.0,3397.4,120.99386674321009,463.15,3370.6760414999844,135.99617630972463,396.9511299425006,121743.49865660536,36.11842169276769,35.653440866545004,2759.314763179667,107247.49865660536
jacobi-2d,MINI,750,121129,25333.0,2330.45,153.5932684243134,315.6,2346.0378498036266,117.12408052539773,280.7403970118785,121743.49865660536,51.89323721558704,51.976656868845076,1922.5151696024072,107247.49865660536
jacobi-2d,MINI,1000,121129,25333.0,1823.2,121.9536581527676,247.4,1803.7411966342866,104.20338979020426,219.39018485075906,121743.49865660536,67.49499256532708,66.43758227292672,1479.2957933415485,107247.49865660536
jacobi-2d,MINI,2500,121129,25333.0,761.9,58.03528872024417,105.2,771.2957618352889,69.21953272923486,101.97522684188333,121743.49865660536,157.84282071888762,158.9828061425384,635.9468234939455,107247.49865660536
jacobi-2d,MINI,5000,121129,25333.0,399.35,47.021019935657215,55.0,409.0091893643761,49.76951516270395,59.830612193709484,121743.49865660536,297.6546782379188,303.31538750469514,340.2956650998026,107247.49865660536
jacobi-2d,MINI,7500,121129,25333.0,303.85,46.87191393350044,42.2,285.7955636414913,40.8775419519747,45.1960802162596,121743.49865660536,425.9810652950627,398.6473588941912,239.74652095434018,107247.49865660536
jacobi-2d,MINI,10000,121129,25333.0,233.7,38.30363456713516,33.15,223.47771869957208,35.53041493337617,37.65879856674384,121743.49865660536,544.767949865592,518.3097988874625,188.84959358237896,107247.49865660536
jacobi-2d,MINI,25000,121129,25333.0,112.85,27.31160347197737,15.95,107.8681148864529,22.927923024319963,22.879080968788294,121743.49865660536,1128.6328567506564,1073.3628710677892,93.95018333739283,107247.49865660536
jacobi-2d,MINI,50000,121129,25333.0,62.8,18.262991050352714,9.3,65.04061678871969,16.99173557121317,16.68250794014788,121743.49865660536,1871.8072593327547,1928.8057324840765,58.07040487476795,107247.49865660536
jacobi-2d,MINI,75000,121129,25333.0,55.3,12.798437404620925,8.25,48.533955886520566,14.562232775891609,13.950670262178782,121743.49865660536,2508.419032259792,2190.3978300180834,43.8846388728342,107247.49865660536
jacobi-2d,MINI,100000,121129,25333.0,41.0,11.37402396043861,6.35,39.25701352792373,13.129914937441553,12.181857294420613,121743.49865660536,3101.1910411883096,2954.3658536585367,35.76908346434738,107247.49865660536
jacobi-2d,MINI2,100,146738,28535.0,31783.15,263.0671867353318,4132.0,31716.782171372175,248.71891251427235,3857.9084638436993,147343.49865660537,4.645600485587684,4.616848864885953,29341.19969928107,107247.49865660536
jacobi-2d,MINI2,250,146738,28535.0,18043.2,328.04486214380387,2326.15,18026.329943856428,278.56924738238143,2200.2956731756217,147343.49865660537,8.173793507359031,8.132592888179481,16909.534830225562,107247.49865660536
jacobi-2d,MINI2,500,146738,28535.0,10268.05,270.17703260523126,1320.6,10312.254113429392,242.5464008200368,1264.6635831842334,147343.49865660537,14.288195096426454,14.290736800074017,9700.892835109074,107247.49865660536
jacobi-2d,MINI2,750,146738,28535.0,7166.6,171.83664213126175,921.6,7213.896038493972,212.58465654075587,889.3312013837642,147343.49865660537,20.424954541951774,20.47526023497893,6790.3733582927525,107247.49865660536
jacobi-2d,MINI2,1000,146738,28535.0,5545.95,179.76255537733513,711.95,5549.588949429028,190.79529059539004,687.9171298002282,147343.49865660537,26.550344538898667,26.45858689674447,5225.14354613629,107247.49865660536
jacobi-2d,MINI2,2500,146738,28535.0,2378.75,174.0658904280972,307.5,2342.9934263802347,128.7340851896608,300.14213209070783,147343.49865660537,62.88685960346079,61.68702049395691,2207.6444880388913,107247.49865660536
jacobi-2d,MINI2,5000,146738,28535.0,1219.8,125.73932935787602,158.9,1209.1216597316302,93.02912534792424,162.29289674170548,147343.49865660537,121.85994475469813,120.2967699622889,1140.4081354670568,107247.49865660536
jacobi-2d,MINI2,7500,146738,28535.0,819.35,74.54654144965592,107.3,823.0105500392393,76.51584556052028,114.76335786394469,147343.49865660537,179.02990265383642,179.0907426618661,776.9615073520882,107247.49865660536
jacobi-2d,MINI2,10000,146738,28535.0,628.55,60.81245976901359,82.25,628.2418111835167,66.50995762533623,90.53889819375193,147343.49865660537,234.53309861537477,233.45477686739324,593.6136860663236,107247.49865660536
jacobi-2d,MINI2,25000,146738,28535.0,261.95,40.467628388236704,35.2,274.33964741342766,42.3582582788017,45.81080067989524,147343.49865660537,537.0842313380971,560.1756060316854,260.42171586436757,107247.49865660536
jacobi-2d,MINI2,50000,146738,28535.0,165.25,24.074172664365523,22.7,154.33207525813523,30.118840678740483,30.091401059988456,147343.49865660537,954.7172770803426,887.9757942511346,147.3618633441835,107247.49865660536
jacobi-2d,MINI2,75000,146738,28535.0,122.2,29.518237003409823,17.0,113.05368847470818,24.783947471060387,24.359238759171372,147343.49865660537,1303.3055413275467,1200.8019639934532,108.40437146102182,107247.49865660536
jacobi-2d,MINI2,100000,146738,28535.0,93.2,24.571271200755014,13.45,91.59973403085515,21.680076335435842,21.227677850076134,147343.49865660537,1608.5581493825416,1574.4420600858368,88.11180396727879,107247.49865660536
jacobi-2d,MINI3,100,164350,30736.0,48271.0,258.8771299691277,6191.2,48297.77977941872,267.65223735732866,5930.533164849518,164943.49865660537,3.415136252844758,3.4047357626732406,45922.19730732762,107247.49865660536
jacobi-2d,MINI3,250,164350,30736.0,29013.55,293.62193288935987,3695.85,29132.799015476856,336.2492299757469,3588.604307128175,164943.49865660537,5.661779994739908,5.664594646294576,28016.00390184599,107247.49865660536
jacobi-2d,MINI3,500,164350,30736.0,16956.65,261.4975646460011,2155.65,17079.967459927728,305.7514137237705,2110.6277523145914,164943.49865660537,9.657131902832285,9.692362583411228,16468.60618160741,107247.49865660536
jacobi-2d,MINI3,750,164350,30736.0,12023.25,302.8240543529143,1528.45,12046.838783372026,271.99758330209755,1493.4491799336836,164943.49865660537,13.691849091918876,13.669348969704531,11623.316103170806,107247.49865660536
jacobi-2d,MINI3,1000,164350,30736.0,9245.5,196.7816048313466,1176.15,9303.034440538084,245.9582356498542,1157.0995746068772,164943.49865660537,17.73007503206288,17.776215456167865,8978.589037245345,107247.49865660536
jacobi-2d,MINI3,2500,164350,30736.0,3936.9,208.18587342741787,500.85,3943.293627807041,168.23011022839069,500.34989057014906,164943.49865660537,41.82886546755443,41.74604384160126,3807.9446894656976,107247.49865660536
jacobi-2d,MINI3,5000,164350,30736.0,2029.85,137.2823732312346,259.5,2027.2677364751353,122.12351403258126,265.1972310275823,164943.49865660537,81.36246421175579,80.96657388476982,1958.554212210562,107247.49865660536
jacobi-2d,MINI3,7500,164350,30736.0,1411.35,141.10140996721768,180.85,1372.8614924948781,100.59549177738847,184.3480594318435,164943.49865660537,120.14576820627136,116.44879016544444,1326.812449807727,107247.49865660536
jacobi-2d,MINI3,10000,164350,30736.0,1052.65,92.16305630440223,135.8,1042.4260755842367,87.50523838844933,143.22521481041832,164943.49865660537,158.23040359400196,156.12976772906472,1007.7979504670436,107247.49865660536
jacobi-2d,MINI3,25000,164350,30736.0,434.75,62.97357424056204,56.8,441.5799679354018,55.793624716047674,67.44368316359623,164943.49865660537,373.53030172042304,378.0333525014376,427.6620363863417,107247.49865660536
jacobi-2d,MINI3,50000,164350,30736.0,240.25,31.86629138001141,32.1,239.14989981846458,39.57630806530963,41.39307813196179,164943.49865660537,689.707579981475,684.0790842872009,232.17968790451283,107247.49865660536
jacobi-2d,MINI3,75000,164350,30736.0,180.25,34.124963851918395,24.55,170.90458420117042,32.39882636778537,32.39374272232615,164943.49865660537,965.1203882422001,911.7891816920943,166.25526718748407,107247.49865660536
jacobi-2d,MINI3,100000,164350,30736.0,135.05,15.796318691724547,18.7,136.22917101817504,28.157856809161075,27.672726485082144,164943.49865660537,1210.7795813761459,1216.9566827101073,132.74124095459868,107247.49865660536
jacobi-2d,SMALL,100,236298,39729.0,116999.15,313.60455739841217,14785.9,116984.90020688284,313.10494298308544,14516.423218282533,236943.49865660537,2.0254195048897836,2.0196556983533642,114609.31773479174,107247.49865660536
jacobi-2d,SMALL,250,236298,39729.0,78243.0,382.7618470785021,9846.8,78384.34910186239,492.4491950914822,9745.048067926367,236943.49865660537,3.022841949592405,3.0200529120815918,77267.55398823152,107247.49865660536
jacobi-2d,SMALL,500,236298,39729.0,48233.95,587.7768530210839,6066.55,48233.89793408925,487.90144611547544,6004.869061585829,236943.49865660537,4.912385455149911,4.898997490356896,47622.53665576893,107247.49865660536
jacobi-2d,SMALL,750,236298,39729.0,34521.9,444.0792840544539,4339.25,34614.033041680916,447.0447302014157,4314.348463806623,236943.49865660537,6.845301683605806,6.844872385355383,34190.5103614797,107247.49865660536
jacobi-2d,SMALL,1000,236298,39729.0,26963.65,419.5396317769979,3389.65,26961.068603155913,410.32743180758956,3364.353907279676,236943.49865660537,8.788357099053192,8.76357614788799,26636.623199863174,107247.49865660536
jacobi-2d,SMALL,2500,236298,39729.0,11660.6,288.66761071115,1466.5,11577.410867391302,288.37754662987766,1454.6679493843458,236943.49865660537,20.466017952595564,20.26465190470473,11442.061929049958,107247.49865660536
jacobi-2d,SMALL,5000,236298,39729.0,5900.1,153.42815908430893,743.15,5946.703394117003,211.2575725893037,755.6730541763696,236943.49865660537,39.84451265738434,40.049829663904,5877.989869852429,107247.49865660536
jacobi-2d,SMALL,7500,236298,39729.0,4057.4,193.84540774870877,511.95,4009.8311213283782,174.54225035286808,515.099063824739,236943.49865660537,59.09064284435765,58.23877359885641,3963.782078641227,107247.49865660536
jacobi-2d,SMALL,10000,236298,39729.0,3010.15,99.7719900573302,379.85,3029.700571483159,152.05562118634128,393.17863515578273,236943.49865660537,78.20690298137684,78.50040695646396,2995.072446365966,107247.49865660536
jacobi-2d,SMALL,25000,236298,39729.0,1261.1,109.30059950719196,160.6,1244.3662854847796,97.20625579481673,169.742097712064,236943.49865660537,190.41298484255947,187.37451431290145,1230.4483539357195,107247.49865660536
jacobi-2d,SMALL,50000,236298,39729.0,626.35,65.93559457211977,80.65,642.3662994175509,68.98768893742793,93.31043143403153,236943.49865660537,368.8604132431104,377.26191426518716,635.3960875035991,107247.49865660536
jacobi-2d,SMALL,75000,236298,39729.0,429.9,51.18480448850338,55.65,440.77341122259634,56.39883445045449,67.4609674901019,236943.49865660537,537.5630485500084,549.6580600139567,436.12409420891,107247.49865660536
jacobi-2d,SMALL,100000,236298,39729.0,347.2,38.73744278710471,45.35,339.7665389820191,48.87503356560846,54.44116892162833,236943.49865660537,697.3714932804044,680.581797235023,336.2786089184427,107247.49865660536
jacobi-2d,SMALL2,100,337103,52330.0,217129.75,331.99633400005325,27296.15,217177.55080431965,323.6955898052319,27040.504542962135,337743.49865660537,1.5551492196397294,1.5525417405951971,214801.96833222854,107247.49865660536
jacobi-2d,SMALL2,250,337103,52330.0,158102.7,657.6551728039499,19832.8,158167.20168979856,621.8678683835662,19717.90464141839,337743.49865660537,2.13535736264081,2.132177375844941,157050.4065761677,107247.49865660536
jacobi-2d,SMALL2,500,337103,52330.0,101681.25,641.336177137438,12746.35,101788.5972240424,669.0206910573883,12699.206472829974,337743.49865660537,3.3180877609818418,3.3152916589833428,101177.23594572209,107247.49865660536
jacobi-2d,SMALL2,750,337103,52330.0,74301.3,526.6807781809241,9313.55,74302.0723854462,630.8679532448524,9275.353381777282,337743.49865660537,4.545546144453978,4.536973108142118,73878.54970524498,107247.49865660536
jacobi-2d,SMALL2,1000,337103,52330.0,58401.5,394.73768771839116,7319.05,58388.90797114373,587.5678797050284,7292.83382827823,337743.49865660537,5.784377725021351,5.7721633862143955,58064.46256785099,107247.49865660536
jacobi-2d,SMALL2,2500,337103,52330.0,25536.0,443.89270870572466,3201.2,25472.763758388184,424.09790758086285,3191.587259526119,337743.49865660537,13.259004867321725,13.201088659147869,25337.41482004684,107247.49865660536
jacobi-2d,SMALL2,5000,337103,52330.0,13098.4,335.82520516044144,1643.2,13135.078450580713,313.4891740532622,1654.2502054837396,337743.49865660537,25.71309337263025,25.73619678739388,13066.36492631614,107247.49865660536
jacobi-2d,SMALL2,7500,337103,52330.0,8822.55,250.42920524991743,1107.45,8857.311009153815,259.78657740252544,1121.19910561523,337743.49865660537,38.13160656857998,38.20924789318281,8811.261966466664,107247.49865660536
jacobi-2d,SMALL2,10000,337103,52330.0,6850.25,208.05284627254014,860.8,6686.477432448192,226.6576653726972,850.6531013094266,337743.49865660537,50.51142429907876,49.210320791212,6651.849307330999,107247.49865660536
jacobi-2d,SMALL2,25000,337103,52330.0,2727.8,156.22844272343454,343.8,2723.574915627717,145.28335020440986,355.94133974182495,337743.49865660537,124.00742007082401,123.58054109538821,2709.656984078657,107247.49865660536
jacobi-2d,SMALL2,50000,337103,52330.0,1377.05,81.06363647095247,174.75,1385.380537065327,103.19661328445513,187.58562735773447,337743.49865660537,243.79113869468142,244.80084238045097,1378.4103251513752,107247.49865660536
jacobi-2d,SMALL2,75000,337103,52330.0,936.4,96.00953899976484,119.2,937.00754508447,84.38952595699446,130.70264058232647,337743.49865660537,360.44907047803787,359.99893208030755,932.3582280707836,107247.49865660536
jacobi-2d,SMALL2,100000,337103,52330.0,722.9,56.67255903317249,92.75,712.3238582676425,73.14065204246722,102.0542855831394,337743.49865660537,474.14317902813315,466.32037626227697,708.8359282040662,107247.49865660536
jacobi-2d,SMALL3,100,515506,74625.0,401126.6,349.78284993016035,50298.1,401047.40376983734,270.9285020242694,50024.23616365184,516943.49865660537,1.2889835311171376,1.2851453880146568,398671.8212977462,107247.49865660536
jacobi-2d,SMALL3,250,515506,74625.0,328610.95,474.49601795234287,41143.0,328587.831570836,708.6253512624056,41020.48337654807,516943.49865660537,1.573227761312166,1.5687426118940955,327471.03645720513,107247.49865660536
jacobi-2d,SMALL3,500,515506,74625.0,228960.7,946.9353393141998,28654.8,228818.21620351681,891.264319988325,28577.908845264275,516943.49865660537,2.259188570008004,2.251504297462403,228206.8549251965,107247.49865660536
jacobi-2d,SMALL3,750,515506,74625.0,172356.15,647.7743495189799,21570.4,172475.6449361726,888.6438392864178,21547.049950618082,516943.49865660537,2.9971970758416857,2.9909347592180495,172052.1222559714,107247.49865660536
jacobi-2d,SMALL3,1000,515506,74625.0,137931.05,737.0550557883483,17261.2,137881.68876339332,851.6115441751587,17229.431427309428,516943.49865660537,3.7491816592389346,3.7374180795404666,137557.24336010058,107247.49865660536
jacobi-2d,SMALL3,2500,515506,74625.0,62047.65,541.3432878157427,7766.1,62135.71228593321,647.7750799830204,7774.455825566551,516943.49865660537,8.319587555024057,8.308227628282458,62000.36334759187,107247.49865660536
jacobi-2d,SMALL3,5000,515506,74625.0,32228.0,466.67197991962723,4034.75,32381.89713582259,487.4197526274969,4060.1031550102684,516943.49865660537,15.963965807449087,15.995593893508751,32313.183611558015,107247.49865660536
jacobi-2d,SMALL3,7500,515506,74625.0,21960.6,324.95544633882224,2749.9,21900.447597102564,406.33645688506107,2751.603166697557,516943.49865660537,23.604243537241548,23.474130943598993,21854.398554415413,107247.49865660536
jacobi-2d,SMALL3,10000,515506,74625.0,16560.2,323.36432117740867,2074.6,16549.583856349822,355.5791067924899,2083.5953983094214,516943.49865660537,31.236042135178042,31.129213415296917,16514.95573123263,107247.49865660536
jacobi-2d,SMALL3,25000,515506,74625.0,6737.9,265.70420831403726,845.5,6728.590556231784,229.14604351386066,857.3088771778371,516943.49865660537,76.8279024167744,76.508407664109,6714.672624682724,107247.49865660536
jacobi-2d,SMALL3,50000,515506,74625.0,3428.65,214.97889125263097,431.2,3398.9767552430008,163.05092078485978,440.65367988943046,516943.49865660537,152.08797702402876,150.35247108920422,3392.0065433290492,107247.49865660536
jacobi-2d,SMALL3,75000,515506,74625.0,2300.65,125.68392896468501,290.05,2282.2240442203156,133.41208152095254,300.2914424640303,516943.49865660537,226.50865499631988,224.0697194271184,2277.574727206629,107247.49865660536
jacobi-2d,SMALL3,100000,515506,74625.0,1681.6,130.0256654826674,212.55,1722.3895461461734,115.66169948042547,229.66971964524748,516943.49865660537,300.1315816234837,306.5568506184586,1718.901616082597,107247.49865660536
lu,MEDIUM,100,2665870,343425.0,2561913.25,109.65202136517735,320397.6,2562009.9706334057,97.4562756441913,320148.5366668869,2667321.370693976,1.0411049922785953,1.0405777791265962,2559634.2451603105,107241.37069397623
lu,MEDIUM,250,2665870,343425.0,2503197.1,645.6244549597934,312967.35,2503237.739261668,670.10893383643,312855.4012289105,2667321.370693976,1.0655485609132374,1.06498605323568,2502120.7878827783,107241.37069397623
lu,MEDIUM,500,2665870,343425.0,2213631.6,1016.2846886680209,276740.85,2213702.9664804866,1520.4899121225155,276692.1148015943,2667321.370693976,1.2049138529794206,1.2042970474400527,2213091.7069911733,107241.37069397623
lu,MEDIUM,750,2665870,343425.0,1904001.55,2463.1009867751436,238026.0,1904113.7818219217,1935.8310943454967,238005.39086966153,2667321.370693976,1.4008203691177483,1.400140666902293,1903690.3192434323,107241.37069397623
lu,MEDIUM,1000,2665870,343425.0,1647680.65,2479.1313477655412,205980.7,1648455.4179538917,2125.4907222341144,206054.69961506248,2667321.370693976,1.6180731014277165,1.6179530906064838,1648130.9910977932,107241.37069397623
lu,MEDIUM,2500,2665870,343425.0,881401.9,2911.123076824659,110186.3,880600.8625588287,2125.4786432422034,110086.11438170965,2667321.370693976,3.028978830367413,3.0245793661211757,880465.4726977239,107241.37069397623
lu,MEDIUM,5000,2665870,343425.0,489265.55,1822.8913838647688,61165.05,489576.7952268873,1768.3966855617564,61212.97101889531,2667321.370693976,5.44821853629285,5.448717981472433,489508.04696870653,107241.37069397623
lu,MEDIUM,7500,2665870,343425.0,338674.0,1565.588942488443,42339.2,338522.95074541913,1526.1431120547127,42332.91944410507,2667321.370693976,7.879292570328247,7.871492940113502,338476.87476354116,107241.37069397623
lu,MEDIUM,10000,2665870,343425.0,258647.9,2077.6588013282617,32335.7,258630.7634999145,1359.1114366351344,32347.24678113266,2667321.370693976,10.31324090993088,10.306946238496428,258596.11365671345,107241.37069397623
lu,MEDIUM,25000,2665870,343425.0,107306.3,897.1010680607778,13416.9,107009.1340220045,904.2422314342168,13396.09381040782,2667321.370693976,24.926109299655575,24.843555317814516,106995.20624605461,107241.37069397623
lu,MEDIUM,50000,2665870,343425.0,53882.25,917.326830065433,6738.5,54132.35433250198,650.3559387546535,6787.018889273971,2667321.370693976,49.274069151144815,49.47584779774415,54125.37899554299,107241.37069397623
lu,MEDIUM,75000,2665870,343425.0,36469.3,593.1774474898106,4561.95,36238.07795641251,534.0369276962574,4550.40915699672,2667321.370693976,73.60548685562888,73.09901752981274,36233.42517686463,107241.37069397623
lu,MEDIUM,100000,2665870,343425.0,27071.0,573.4329676789193,3387.1,27239.954172869162,463.8054337349599,3425.7312109929244,2667321.370693976,97.91945147068613,98.47696797310775,27236.46362860781,107241.37069397623
lu,MINI,100,132309,26738.0,19021.8,274.0727141318138,2534.3,19086.716067990015,225.94970996450706,2283.1298462099085,132921.37069397623,6.96407754065647,6.955650884774312,16710.990594894858,107241.37069397623
lu,MINI,250,132309,26738.0,10096.8,282.44954835938586,1332.25,10081.558454523994,219.10743387157322,1210.8786280175052,132921.37069397623,13.18460546487524,13.104052769194201,8964.607075634278,107241.37069397623
lu,MINI,500,132309,26738.0,5607.65,216.8165062176334,738.55,5615.845102554278,181.329544325094,681.2246293527138,132921.37069397623,23.6689880626371,23.594375540556207,5004.58561324083,107241.37069397623
lu,MINI,750,132309,26738.0,3846.1,176.29308730514353,505.5,3896.7950926635435,156.26959901720167,478.26752850424,132921.37069397623,34.11043371108374,34.400821611502565,3473.332514174073,107241.37069397623
lu,MINI,1000,132309,26738.0,3021.8,130.23686922397658,397.8,2987.624839444379,139.07702901553142,371.22547575654664,132921.37069397623,44.49064987647384,43.78483023363558,2663.1979833459327,107241.37069397623
lu,MINI,2500,132309,26738.0,1288.25,86.77185755276818,171.05,1260.6744772535392,92.43216574632984,168.5908715122949,132921.37069397623,105.43671113541858,102.7044440131962,1125.2846161487357,107241.37069397623
lu,MINI,5000,132309,26738.0,655.65,78.6988095944211,87.7,657.584073556644,66.45783836812213,98.06957853594264,132921.37069397623,202.13593369901844,201.79821551132466,588.8358153758847,107241.37069397623
lu,MINI,7500,132309,26738.0,441.1,50.441106878793754,60.65,453.35377804514195,54.56580557030551,74.21739910063891,132921.37069397623,293.1956832192558,299.95239174790294,407.2777961671637,107241.37069397623
lu,MINI,10000,132309,26738.0,358.15,49.17559835613808,49.8,350.6040914333539,47.38825292983911,62.2084735529198,132921.37069397623,379.12099128838366,369.42342593885246,315.9542482323193,107241.37069397623
lu,MINI,25000,132309,26738.0,162.05,27.39472673036873,23.85,163.2324982359975,30.20297837019591,39.55085953905263,132921.37069397623,814.3070291174605,816.4702252391237,149.30472228612467,107241.37069397623
lu,MINI,50000,132309,26738.0,109.2,24.123803488190706,16.35,96.58320365893006,21.71312484269321,29.404910763685045,132921.37069397623,1376.2369196549876,1211.6208791208792,89.60786669994046,107241.37069397623
lu,MINI,75000,132309,26738.0,70.3,15.10350255648286,11.3,71.83477512116116,18.093163001035876,24.43637645057481,132921.37069397623,1850.3763736962005,1882.0625889046942,67.18199557328037,107241.37069397623
lu,MINI,100000,132309,26738.0,62.75,17.240939649566666,10.1,58.176567211672875,16.0012081421665,21.162667229367646,132921.37069397623,2284.792263702114,2108.5099601593624,54.68602295031975,107241.37069397623
lu,MINI2,100,164258,30732.0,47754.3,307.9760927153447,6125.35,47727.90449305387,283.81177657387803,5863.278399342889,164921.37069397623,3.4554496461913224,3.439648366743937,45352.17901995871,107241.37069397623
lu,MINI2,250,164258,30732.0,28168.7,231.48447714240933,3590.65,28232.90770515496,337.57549623998244,3479.797284346376,164921.37069397623,5.841458925035332,5.831224018147802,27115.956326265245,107241.37069397623
lu,MINI2,500,164258,30732.0,16487.0,286.19610501597674,2096.85,16445.351295103017,302.2572579050483,2034.9129034213063,164921.37069397623,10.028449239821674,9.962879844726148,15834.091805789569,107241.37069397623
lu,MINI2,750,164258,30732.0,11560.2,301.421125233189,1471.3,11575.342276190699,267.76335014985716,1438.0859264451342,164921.37069397623,14.24764527552699,14.208923721042888,11151.879697701228,107241.37069397623
lu,MINI2,1000,164258,30732.0,8963.5,213.35379561953692,1140.55,8929.808040910555,241.67250759913,1113.9983759398187,164921.37069397623,18.46863560094619,18.325207787136723,8605.381184812108,107241.37069397623
lu,MINI2,2500,164258,30732.0,3818.8,132.5695845088236,487.75,3777.6325320085534,164.799598209157,483.2106283571148,164921.37069397623,43.6573354598596,43.01298837331099,3642.24267090375,107241.37069397623
lu,MINI2,5000,164258,30732.0,1971.65,118.39642375466725,252.8,1940.637610865094,119.52382542157694,258.4513168925309,164921.37069397623,84.98308482254853,83.3099180889103,1871.8893526843349,107241.37069397623
lu,MINI2,7500,164258,30732.0,1331.8,89.44424902815459,171.8,1314.2823392730274,98.42209823499077,181.83589333675937,164921.37069397623,125.48397385085433,123.33533563598138,1268.2063573950493,107241.37069397623
lu,MINI2,10000,164258,30732.0,980.35,90.02647271482809,126.85,998.4252649467975,85.59876660351524,143.20450173459668,164921.37069397623,165.1814877729124,167.55036466568063,963.7754217457629,107241.37069397623
lu,MINI2,25000,164258,30732.0,432.8,63.29845761819244,57.9,425.3309298901985,54.553424552379276,73.11545605588232,164921.37069397623,387.74836040386623,379.52402957486134,411.4031539403257,107241.37069397623
lu,MINI2,50000,164258,30732.0,226.55,40.08868458279652,31.55,232.71580995158874,38.6854686385182,49.39874382613008,164921.37069397623,708.6814201763275,725.0408298388876,225.74047299259914,107241.37069397623
lu,MINI2,75000,164258,30732.0,166.7,37.92666052986169,24.0,167.57691396437625,31.664034076564835,40.9387924097456,164921.37069397623,984.1532869440207,985.3509298140373,162.92413441649546,107241.37069397623
lu,MINI2,100000,164258,30732.0,128.65,23.90391952005053,19.0,134.18288561127912,27.519105322618884,36.17287206260833,164921.37069397623,1229.079028541277,1276.7819665759812,130.69234134992598,107241.37069397623
lu,MINI3,100,209094,36337.0,91338.85,227.2659640620522,11577.6,91248.83384763084,311.46337188099903,11303.394568665011,209721.37069397623,2.2983457634557087,2.289212093211158,88873.10837453569,107241.37069397623
lu,MINI3,250,209094,36337.0,59169.35,541.8029623396319,7465.15,59283.09306179735,443.46318063693747,7361.070453926675,209721.37069397623,3.5376253137696505,3.5338228322602836,58166.14168290763,107241.37069397623
lu,MINI3,500,209094,36337.0,35925.15,504.90033148814774,4527.45,36081.75890025586,427.2380289322476,4489.463854065411,209721.37069397623,5.812393217130252,5.820267973828919,35470.499410942415,107241.37069397623
lu,MINI3,750,209094,36337.0,25880.7,360.833114946654,3261.85,25804.806685535743,388.5417906046148,3216.768977613265,209721.37069397623,8.127221151070682,8.079147781937891,25381.344107046272,107241.37069397623
lu,MINI3,1000,209094,36337.0,20126.1,421.7532204350895,2537.9,20067.11175944658,355.44229605250007,2506.1613407568216,209721.37069397623,10.450999287191891,10.389196118473029,19742.684903348134,107241.37069397623
lu,MINI3,2500,209094,36337.0,8650.1,193.68283895395356,1091.45,8596.077507334026,248.49171897821932,1085.516250272799,209721.37069397623,24.397333611178535,24.172437312863433,8460.687646229224,107241.37069397623
lu,MINI3,5000,209094,36337.0,4416.2,188.1059611803383,558.7,4414.8488332310835,181.75853320283912,567.7277196882796,209721.37069397623,47.50363571123408,47.34704044200897,4346.100575050325,107241.37069397623
lu,MINI3,7500,209094,36337.0,3001.05,135.27261947248363,380.3,2978.543749151362,150.09634805313786,389.8685695715997,209721.37069397623,70.41070682736469,69.67361423501774,2932.4677672733837,107241.37069397623
lu,MINI3,10000,209094,36337.0,2239.55,111.38906447318115,285.35,2252.216091246799,130.72700098520605,299.9283550492046,209721.37069397623,93.11778363943625,93.36429193364738,2217.5662480457645,107241.37069397623
lu,MINI3,25000,209094,36337.0,862.95,64.39881904768784,111.4,930.9136010936008,83.52919734708165,136.31625769785492,209721.37069397623,225.28553718369113,242.30140796106377,916.985825143728,107241.37069397623
lu,MINI3,50000,209094,36337.0,489.3,34.05892726313894,64.55,486.46666950739177,59.266112186577374,81.28210703559081,209721.37069397623,431.111489932795,427.33292458614346,479.49133254840217,107241.37069397623
lu,MINI3,75000,209094,36337.0,328.8,62.18783093009013,44.45,337.84244500066995,48.44650944014038,62.86167454021797,209721.37069397623,620.7667917320464,635.9306569343065,333.1896654527892,107241.37069397623
lu,MINI3,100000,209094,36337.0,267.5,45.47816132930986,36.7,263.346617391201,41.98424967247045,53.5689857900189,209721.37069397623,796.370094940067,781.6598130841121,259.85607312984786,107241.37069397623
lu,SMALL,100,337078,52335.0,220630.25,376.628935775198,27733.5,220581.03923321734,310.9437605142922,27469.92024186332,337721.37069397623,1.531053493391642,1.5277959391334597,218205.31376012217,107241.37069397623
lu,SMALL,250,337078,52335.0,164892.4,544.1045178233577,20677.2,164694.1682423562,605.9439613249679,20537.45485149653,337721.37069397623,2.0505970205150272,2.0442300554786033,163577.21686346648,107241.37069397623
lu,SMALL,500,337078,52335.0,108172.7,675.25333257815,13558.75,108438.66885761578,668.2951594298717,13534.0775987354,337721.37069397623,3.1143998192878746,3.116109702355585,107827.40936830232,107241.37069397623
lu,SMALL,750,337078,52335.0,79892.95,648.1743166285136,10011.75,79981.85322515512,638.8791245853665,9988.899795065685,337721.37069397623,4.222474937449428,4.219120710901275,79558.39064666565,107241.37069397623
lu,SMALL,1000,337078,52335.0,63289.2,603.334907432278,7931.6,63216.75460693301,599.8386250823991,7899.866696692626,337721.37069397623,5.342276312566956,5.325995588504832,62892.32775083456,107241.37069397623
lu,SMALL,2500,337078,52335.0,28017.45,331.3065800735022,3512.6,27894.94938019411,440.2218979412335,3497.87523438031,337721.37069397623,12.10690028832833,12.031002107615075,27759.559519089307,107241.37069397623
lu,SMALL,5000,337078,52335.0,14506.1,232.9587494544225,1819.9,14440.28048153524,327.4284952944998,1820.906675726299,337721.37069397623,23.387452281541204,23.23698306229793,14371.53222335448,107241.37069397623
lu,SMALL,7500,337078,52335.0,9700.8,255.6964894886953,1218.15,9748.631244679742,271.91838533162337,1236.1295065126471,337721.37069397623,34.64295265843455,34.74744350981363,9702.555262801763,107241.37069397623
lu,SMALL,10000,337078,52335.0,7385.3,206.70627520838912,927.55,7362.628266970272,237.49915513634292,938.7298770146388,337721.37069397623,45.869675671259834,45.64174779629805,7327.978423769237,107241.37069397623
lu,SMALL,25000,337078,52335.0,2991.85,155.27336674733576,377.9,2999.015836244324,152.52968538264994,394.8290371877988,337721.37069397623,112.61073269853276,112.6654076908936,2985.088060294451,107241.37069397623
lu,SMALL,50000,337078,52335.0,1487.8,135.89337925857828,189.35,1524.5500931795243,108.4087864433147,211.0433593586623,337721.37069397623,221.52199012998102,226.56136577496977,1517.5747562205347,107241.37069397623
lu,SMALL,75000,337078,52335.0,1049.85,99.62734511536901,134.55,1030.8241364985925,88.66680056644248,149.50242949323498,337721.37069397623,327.6226843514906,321.07253417154834,1026.1713569507117,107241.37069397623
lu,SMALL,100000,337078,52335.0,766.65,56.36373880990842,99.25,783.5401341155609,76.85335873662859,118.67945405070436,337721.37069397623,431.01987503829275,439.6765147068415,780.0495898542079,107241.37069397623
lu,SMALL2,100,624302,88228.0,513299.8,246.767864494891,64319.45,513332.9811730936,254.29267517055467,64063.91298434786,625721.3706939763,1.2189385713422256,1.216252178551404,510957.25569999847,107241.37069397623
lu,SMALL2,250,624302,88228.0,435232.15,597.70827904766,54474.6,435223.3446464959,738.6951544856637,54353.601902013994,625721.3706939763,1.4377017648311348,1.4344114974043163,434106.39326760615,107241.37069397623
lu,SMALL2,500,624302,88228.0,315585.1,1127.439899203424,39485.2,315461.7275806856,976.8039435153161,39411.95993911912,625721.3706939763,1.9835096177679292,1.978236615100016,314850.4680913721,107241.37069397623
lu,SMALL2,750,624302,88228.0,242757.6,866.6642280667411,30371.5,242598.22290592003,1001.285805603075,30315.946005161302,625721.3706939763,2.579249605371726,2.571709392414491,242174.76032743056,107241.37069397623
lu,SMALL2,1000,624302,88228.0,196239.95,898.1048746051147,24549.8,196197.94517241773,975.5542362997292,24522.51551737822,625721.3706939763,3.1892350867594237,3.1813196038828995,195873.5183163193,107241.37069397623
lu,SMALL2,2500,624302,88228.0,90490.55,981.243168263176,11320.85,90532.27450079197,768.3013300167096,11327.540874455042,625721.3706939763,6.911583456223697,6.8990850425817944,90396.88463968717,107241.37069397623
lu,SMALL2,5000,624302,88228.0,47723.35,470.4212306120191,5972.3,47587.08940574212,585.738053749965,5964.257791252158,625721.3706939763,13.148973356174066,13.081688523542459,47518.34114756136,107241.37069397623
lu,SMALL2,7500,624302,88228.0,32389.0,484.0874214219448,4053.55,32274.05675362409,490.52386264218615,4051.8076951306907,625721.3706939763,19.387750832523196,19.275124270585692,32227.98077174611,107241.37069397623
lu,SMALL2,10000,624302,88228.0,24278.85,469.2363645216275,3039.3,24420.159002406905,430.2412987716107,3070.921218944218,625721.3706939763,25.623148916938003,25.713820877018478,24385.50915920587,107241.37069397623
lu,SMALL2,25000,624302,88228.0,9959.1,290.6047958455275,1248.45,9941.873561234901,278.4290039205424,1262.6862528116208,625721.3706939763,62.93797309329833,62.68658814551515,9927.945785285028,107241.37069397623
lu,SMALL2,50000,624302,88228.0,5006.65,213.17950800107158,629.1,5016.265967544843,198.3961965891275,647.5078436543276,625721.3706939763,124.73847573920185,124.69455624020054,5009.290630585853,107241.37069397623
lu,SMALL2,75000,624302,88228.0,3356.95,102.46101954556079,422.75,3363.166410990028,162.40525792208672,441.04521381891016,625721.3706939763,186.05126664243187,185.9729814265926,3358.513631442147,107241.37069397623
lu,SMALL2,100000,624302,88228.0,2548.85,137.64036854292263,321.8,2534.4995415769968,140.82738244788356,337.54938208140345,625721.3706939763,246.88162709417765,244.93477450614984,2531.0089973156437,107241.37069397623
lu,SMALL3,100,1027450,138622.0,920218.0,199.87048438005394,115184.95,920220.1588237365,190.75667128594074,114924.81019067821,1028921.3706939763,1.118125223434777,1.1165289094540642,917844.4333506413,107241.37069397623
lu,SMALL3,250,1027450,138622.0,837174.75,835.4243721480437,104715.0,836985.4983495813,777.6585328927008,104573.87111489967,1028921.3706939763,1.2293180380339515,1.227282595419893,835868.5469706915,107241.37069397623
lu,SMALL3,500,1027450,138622.0,653356.75,1232.1557435307436,81708.85,653499.1712909027,1209.7867386682183,81666.64040289626,1028921.3706939763,1.5744799930831983,1.5725711871806636,652887.9118015892,107241.37069397623
lu,SMALL3,750,1027450,138622.0,520964.7,1012.6691203786279,65147.75,521237.3062849267,1322.773300427129,65145.831427537145,1028921.3706939763,1.9739979435231205,1.9722065621720626,520813.84370643727,107241.37069397623
lu,SMALL3,1000,1027450,138622.0,430141.25,1391.0159435689993,53788.3,430482.3130870509,1334.6146958024317,53808.06150670737,1028921.3706939763,2.3901594546717435,2.38863396616809,430157.88623095246,107241.37069397623
lu,SMALL3,2500,1027450,138622.0,207518.3,1442.3460092939945,25950.0,207320.27308960326,1125.1558419912267,25926.040698056455,1028921.3706939763,4.962955891193908,4.95112961121983,207184.88322849845,107241.37069397623
lu,SMALL3,5000,1027450,138622.0,110482.75,1018.1684730307068,13816.1,110691.1936254456,878.9090328738466,13852.270818715093,1028921.3706939763,9.295422128842675,9.299641799285409,110622.44536726484,107241.37069397623
lu,SMALL3,7500,1027450,138622.0,75518.3,748.5458253384207,9444.85,75465.86939398616,742.1682808251294,9450.784275175949,1028921.3706939763,13.634261142905094,13.605311560244338,75419.79341210818,107241.37069397623
lu,SMALL3,10000,1027450,138622.0,57288.85,532.4013400078034,7166.0,57246.22576677189,653.6884716467273,7174.17956448984,1028921.3706939763,17.973610607726833,17.934554455186305,57211.575923570854,107241.37069397623
lu,SMALL3,25000,1027450,138622.0,23401.75,408.54683104620267,2928.9,23391.33453321238,426.25478399997934,2943.868874308806,1028921.3706939763,43.9872880802527,43.90483617678165,23377.406757262506,107241.37069397623
lu,SMALL3,50000,1027450,138622.0,11809.85,293.51289310872255,1479.65,11795.315495150868,304.5049814177086,1494.8890346050807,1028921.3706939763,87.23135647511698,86.99941150819019,11788.340158191879,107241.37069397623
lu,SMALL3,75000,1027450,138622.0,7902.6,221.1152116931471,991.15,7894.6900977160885,249.4771338667096,1007.4856746596678,1028921.3706939763,130.33081197090186,130.01417255080605,7890.037318168208,107241.37069397623
lu,SMALL3,100000,1027450,138622.0,5847.85,223.25634899912944,734.05,5937.713536460674,216.42265808210595,762.9511314418631,1028921.3706939763,173.28578827116863,175.69705105295108,5934.22299219932,107241.37069397623
ludcmp,MEDIUM,100,2676505,344759.0,2566927.4,132.86059175735102,321029.15,2566940.211878766,128.3575577966406,320771.8796842323,2676979.836923479,1.0428680124825247,1.0426882349691697,2564564.6990923197,107235.83692347922
ludcmp,MEDIUM,250,2676505,344759.0,2494188.85,540.0714645692351,311843.3,2494167.215186794,745.7438662894779,311727.9186464405,2676979.836923479,1.073296056745335,1.0730963695872506,2493050.2450873787,107235.83692347922
ludcmp,MEDIUM,500,2676505,344759.0,2153572.05,1975.2577839760509,269236.35,2153018.203571932,1650.5834316000376,269111.9599133555,2676979.836923479,1.2433614506752784,1.2428212002472823,2152406.8804574353,107235.83692347922
ludcmp,MEDIUM,750,2676505,344759.0,1814148.7,2282.678392175597,226796.5,1813867.8001598283,2045.0231238642684,226729.59986679873,2676979.836923479,1.4758406520517084,1.4753503943750588,1813444.3057604982,107235.83692347922
ludcmp,MEDIUM,1000,2676505,344759.0,1548224.15,2080.375479140874,193550.05,1547482.7074969774,2199.923401706602,193437.7737545256,2676979.836923479,1.7298932155781184,1.7287580742103785,1547158.2701366418,107235.83692347922
ludcmp,MEDIUM,2500,2676505,344759.0,797364.4,3068.6837809341587,99682.3,797569.9331511566,2088.148297720928,99711.27182603789,2676979.836923479,3.356420202986932,3.35668986475945,797434.5598018388,107235.83692347922
ludcmp,MEDIUM,5000,2676505,344759.0,436549.65,2292.1848753169047,54577.1,436766.9792860527,1698.6731024085054,54615.51687895893,2676979.836923479,6.12908018206715,6.131043742676233,436698.2450436646,107235.83692347922
ludcmp,MEDIUM,7500,2676505,344759.0,301433.0,1386.7215407496003,37685.65,300376.9107466545,1454.1058378199402,37568.3489096594,2676979.836923479,8.912069274130433,8.879270020203494,300330.8456128971,107235.83692347922
ludcmp,MEDIUM,10000,2676505,344759.0,228923.6,1735.6747027263514,28621.85,228852.56989710403,1289.5525905571378,28628.61190735846,2676979.836923479,11.697399064065982,11.69169539531966,228817.92878878585,107235.83692347922
ludcmp,MEDIUM,25000,2676505,344759.0,94177.45,872.5703998140078,11777.25,94214.80510249102,851.3567027513607,11800.359141064882,2676979.836923479,28.41357930965672,28.41980750168963,94200.88127616567,107235.83692347922
ludcmp,MEDIUM,50000,2676505,344759.0,47502.25,799.8699812107627,5942.65,47585.86719124708,610.7215974875172,5972.236340197566,2676979.836923479,56.25577497967466,56.344804719776434,47578.89390868054,107235.83692347922
ludcmp,MEDIUM,75000,2676505,344759.0,31952.55,703.9511402751881,3998.75,31841.755500442643,501.0625438633688,4004.3877726831042,2676979.836923479,84.07136462329363,83.76498902278536,31837.104108450985,107235.83692347922
ludcmp,MEDIUM,100000,2676505,344759.0,23838.45,512.1106454252779,2984.15,23931.33478718007,434.98584434269554,3015.6679899218266,2676979.836923479,111.86086612926947,112.27680490971518,23927.84529036065,107235.83692347922
ludcmp,MINI,100,133483,26883.0,18434.85,322.13535484653835,2463.6,18355.652339585613,234.04849697674007,2196.5311676162396,133939.83692347922,7.296926006526389,7.240796643314158,15980.139553139512,107235.83692347922
ludcmp,MINI,250,133483,26883.0,9362.3,265.55068898621386,1241.45,9419.594026823579,217.0164537300423,1132.1888291404464,133939.83692347922,14.219279147494813,14.257500827788045,8302.623927408347,107235.83692347922
ludcmp,MINI,500,133483,26883.0,5156.2,174.43188988979713,684.55,5190.318766154814,176.0357391218046,631.8150563060179,133939.83692347922,25.805705383044703,25.887863155036655,4578.99565165803,107235.83692347922
ludcmp,MINI,750,133483,26883.0,3586.9,184.55519784777553,474.3,3589.9717092335386,150.63875722967967,443.6057359739617,133939.83692347922,37.30944079001544,37.21402882712091,3166.477309903539,107235.83692347922
ludcmp,MINI,1000,133483,26883.0,2747.65,96.71840569405596,367.1,2748.930292410887,133.59248392528892,345.03455888822367,133939.83692347922,48.72434826494284,48.580787218168254,2424.4929320753563,107235.83692347922
ludcmp,MINI,2500,133483,26883.0,1157.95,96.06219202601046,155.0,1160.463450725526,88.23886509400766,159.62608651555612,133939.83692347922,115.41926360519113,115.27527095297724,1025.0901014076758,107235.83692347922
ludcmp,MINI,5000,133483,26883.0,618.1,49.16021069716313,85.2,608.2598677777584,63.31900623638289,95.43490530172575,133939.83692347922,220.20166711445313,215.95696489241223,539.5256253896241,107235.83692347922
ludcmp,MINI,7500,133483,26883.0,411.3,44.61189362301919,57.1,421.518273062601,51.955937827773546,73.74680250051588,133939.83692347922,317.7557071258626,324.5392657427668,375.45313930518034,107235.83692347922
ludcmp,MINI,10000,133483,26883.0,342.1,41.62350044714744,48.15,327.5805990655677,45.10820343780133,62.79832198639885,133939.83692347922,408.87597527309657,390.1870798012277,292.9394907473887,107235.83692347922
ludcmp,MINI,25000,133483,26883.0,161.4,27.872642690034176,24.4,155.84079002500584,28.74909429680788,41.671918587492684,133939.83692347922,859.4658491014294,827.0322180916976,141.91696369966144,107235.83692347922
ludcmp,MINI,50000,133483,26883.0,95.25,24.595410354908005,15.0,93.86333092954794,20.718789157619835,31.506965622664367,133939.83692347922,1426.9665863873076,1401.3963254593175,86.89004836300913,107235.83692347922
ludcmp,MINI,75000,133483,26883.0,69.5,18.835856064543773,11.3,70.2866973149403,17.32779815621285,26.197006181639686,133939.83692347922,1905.6214339296985,1920.6187050359713,65.63530532328217,107235.83692347922
ludcmp,MINI,100000,133483,26883.0,59.75,16.130634470505264,9.85,57.067475832098424,15.374672658732376,22.619112858116466,133939.83692347922,2347.0433021700746,2234.0251046025105,53.57797901267699,107235.83692347922
ludcmp,MINI2,100,165976,30944.0,46407.2,347.0348988972603,5960.6,46291.71269208855,302.0509467512871,5688.965064585732,166419.83692347922,3.5950244059974277,3.5765139892085713,43916.19990564245,107235.83692347922
ludcmp,MINI2,250,165976,30944.0,26372.95,273.20870661166873,3369.25,26320.401302957758,339.56937903646843,3245.0194123552897,166419.83692347922,6.322845727461525,6.2934180666175,25203.431203542525,107235.83692347922
ludcmp,MINI2,500,165976,30944.0,15071.6,211.26869895442346,1922.9,15049.878607065231,295.3355046676055,1864.3868362779003,166419.83692347922,11.05788566595831,11.01250033174978,14438.555492568446,107235.83692347922
ludcmp,MINI2,750,165976,30944.0,10516.3,287.3012539588293,1342.3,10523.844585484632,258.7858423908734,1310.4272164573265,166419.83692347922,15.813596977003956,15.782737274516704,10100.350186154634,107235.83692347922
ludcmp,MINI2,1000,165976,30944.0,8062.1,245.7219010010686,1029.0,8092.638123646223,232.250086954797,1013.0646566124349,166419.83692347922,20.56434927409024,20.58719192270004,7768.200763310692,107235.83692347922
ludcmp,MINI2,2500,165976,30944.0,3467.65,133.86335334370287,445.1,3407.361849263552,156.75570946558602,440.5158375203714,166419.83692347922,48.84125733797491,47.86411546724727,3271.9884999457017,107235.83692347922
ludcmp,MINI2,5000,165976,30944.0,1773.55,129.3922941657411,229.5,1750.9772609750996,113.31772006481748,238.28926034139104,166419.83692347922,95.0439738039784,93.58405457979758,1682.2430185869655,107235.83692347922
ludcmp,MINI2,7500,165976,30944.0,1230.65,98.89881857630789,160.25,1187.7166089872035,93.21413122571218,169.5457444777006,166419.83692347922,140.11746208162376,134.86856539227236,1141.6514752297828,107235.83692347922
ludcmp,MINI2,10000,165976,30944.0,911.0,77.07412699882875,119.5,903.9532094573592,81.02796090769692,134.9185074508764,166419.83692347922,184.10226899175524,182.19099890230515,869.3121011391802,107235.83692347922
ludcmp,MINI2,25000,165976,30944.0,405.4,53.36902314619359,55.05,389.52228115502675,51.59448103680102,72.12658572677046,166419.83692347922,427.24086650449004,409.41292550567346,375.59845482968234,107235.83692347922
ludcmp,MINI2,50000,165976,30944.0,219.1,32.869598815863114,31.3,216.45651382984252,36.5815133591486,50.606938239896174,166419.83692347922,768.8372781162993,757.5353719762666,209.4832312633037,107235.83692347922
ludcmp,MINI2,75000,165976,30944.0,170.0,28.48822471422923,24.95,157.62912356547332,29.95006337304539,42.65021571044002,166419.83692347922,1055.768332394201,976.3294117647059,152.9777315738152,107235.83692347922
ludcmp,MINI2,100000,165976,30944.0,128.15,25.20082496561112,19.35,127.28883817407043,26.043309286840486,38.03552240314431,166419.83692347922,1307.4189324903432,1295.1697229808817,123.799341354649,107235.83692347922
ludcmp,MINI3,100,211264,36605.0,89406.7,329.0658388769489,11337.95,89390.44726301388,337.901804124471,11076.655602951594,211699.83692347922,2.3682601822160474,2.3629549015901494,87014.93447656778,107235.83692347922
ludcmp,MINI3,250,211264,36605.0,55493.85,534.2036153299399,7007.6,55590.86899420586,453.10504041669157,6904.039855295838,211699.83692347922,3.8081764281386628,3.8069804131448803,54473.89889479063,107235.83692347922
ludcmp,MINI3,500,211264,36605.0,32988.9,523.8544293579029,4160.95,33035.39176352604,421.1421625645119,4112.697803920502,211699.83692347922,6.40827384275837,6.4040934981160325,32424.06864902925,107235.83692347922
ludcmp,MINI3,750,211264,36605.0,23376.65,441.53658428623845,2950.05,23411.27848141007,377.6060632093091,2921.4415237851335,211699.83692347922,9.04264314704476,9.03739415185666,22987.78408208007,107235.83692347922
ludcmp,MINI3,1000,211264,36605.0,18252.0,341.46618850881435,2303.15,18120.271983642102,342.8499940800937,2266.5841881372703,211699.83692347922,11.683038594265538,11.574841113302652,17795.83462330657,107235.83692347922
ludcmp,MINI3,2500,211264,36605.0,7659.05,162.10343514006894,968.75,7699.198426383823,236.32760946535788,977.0226419016101,211699.83692347922,27.49634769744607,27.583577597743844,7563.825077065972,107235.83692347922
ludcmp,MINI3,5000,211264,36605.0,4038.25,164.66069578634145,512.05,3947.1498237145993,172.0547430180474,512.824637420062,211699.83692347922,53.63359547478537,52.315730823995544,3878.415581326465,107235.83692347922
ludcmp,MINI3,7500,211264,36605.0,2674.05,177.0823403480931,340.65,2663.3157217422236,141.87051391487603,354.0048809219259,211699.83692347922,79.48732296184342,79.00525420242703,2617.250587984803,107235.83692347922
ludcmp,MINI3,10000,211264,36605.0,2070.9,124.2509769102758,264.35,2015.0083562033162,123.47290009274681,273.8073607439403,211699.83692347922,105.06151811815043,102.01554879520981,1980.3672478851372,107235.83692347922
ludcmp,MINI3,25000,211264,36605.0,839.6,99.75570159143787,109.25,837.1454059910764,78.79484175230746,128.10727562729446,211699.83692347922,252.8829942904039,251.6245831348261,823.221579665732,107235.83692347922
ludcmp,MINI3,50000,211264,36605.0,435.05,51.9933953295487,58.25,441.3550215310486,55.884603505622486,79.13711184676458,211699.83692347922,479.6588383408401,485.6085507412941,434.38173896450974,107235.83692347922
ludcmp,MINI3,75000,211264,36605.0,339.45,39.258220728107915,46.1,308.9652407488043,45.677349859401595,62.670431214006655,211699.83692347922,685.189817503115,622.3714832817793,304.3138487571462,107235.83692347922
ludcmp,MINI3,100000,211264,36605.0,246.3,31.009506182527485,34.7,242.49664144621528,39.58444405399479,54.24905114675563,211699.83692347922,873.0011090501364,857.7507105156313,239.00714462679383,107235.83692347922
ludcmp,SMALL,100,340220,52725.0,219055.2,451.9964601631308,27543.2,218972.38363859252,344.499388247965,27274.916149777502,340659.8369234792,1.5557205491525739,1.5531245092561143,216596.8708521464,107235.83692347922
ludcmp,SMALL,250,340220,52725.0,156782.35,614.7609954925174,19666.3,156747.87358550893,635.8973386004284,19549.041662236094,340659.8369234792,2.1732979793033227,2.170014673207794,155630.9034860937,107235.83692347922
ludcmp,SMALL,500,340220,52725.0,99829.4,625.2770670081532,12518.55,100078.99743997028,670.7368224855478,12493.378002994465,340659.8369234792,3.4039093679751833,3.4080140720068437,99467.67432547349,107235.83692347922
ludcmp,SMALL,750,340220,52725.0,73088.0,439.5673710413597,9162.65,72858.85648117262,628.8551031820565,9102.552253305279,340659.8369234792,4.675613279924435,4.654936514886165,72435.36208184263,107235.83692347922
ludcmp,SMALL,1000,340220,52725.0,57191.25,420.3896532103462,7170.1,57180.331585900094,584.1449342483046,7149.218381155398,340659.8369234792,5.957640109374276,5.948812099753022,56855.89422556456,107235.83692347922
ludcmp,SMALL,2500,340220,52725.0,24811.8,439.38013753827994,3113.95,24893.828077461123,419.8202994799581,3126.405163402198,340659.8369234792,13.684509905967925,13.71202411755697,24758.45472814327,107235.83692347922
ludcmp,SMALL,5000,340220,52725.0,12765.45,268.6732460776374,1604.0,12831.416397801717,309.9559124395987,1623.3854075070326,340659.8369234792,26.54888800755006,26.6516260688029,12762.682155413582,107235.83692347922
ludcmp,SMALL,7500,340220,52725.0,8705.45,241.3358600963007,1094.5,8652.347518739862,256.7801640981913,1102.6522762098484,340659.8369234792,39.37195497356691,39.081265184453414,8606.282384982442,107235.83692347922
ludcmp,SMALL,10000,340220,52725.0,6524.8,263.15706736712053,821.65,6532.007901355335,224.0092605666149,838.4461652810076,340659.8369234792,52.1523920466776,52.14259440902403,6497.366793037156,107235.83692347922
ludcmp,SMALL,25000,340220,52725.0,2678.1,131.8287964708295,339.4,2662.4172556431795,143.57022590624487,356.2718648056794,340659.8369234792,127.95133302318669,127.03782532392368,2648.493429317835,107235.83692347922
ludcmp,SMALL,50000,340220,52725.0,1378.85,97.21342499881384,176.55,1357.13361021469,101.97534396488395,193.6251439823042,340659.8369234792,251.01422170923095,246.74185009246838,1350.1603276481512,107235.83692347922
ludcmp,SMALL,75000,340220,52725.0,937.25,105.70857406842146,121.15,920.2990962150202,83.38761484307791,139.19268719980565,340659.8369234792,370.16209004717626,362.9981328354228,915.6477042233621,107235.83692347922
ludcmp,SMALL,100000,340220,52725.0,702.2,54.74015172180577,91.55,701.5533580565675,72.27014222399217,111.93519598220529,340659.8369234792,485.57936899791906,484.50583879236683,698.063861237146,107235.83692347922
ludcmp,SMALL2,100,629661,88904.0,513434.9,292.05711409711444,64337.95,513449.7435442606,285.3509946724392,64085.060641461634,630099.8369234792,1.227188921303187,1.2263696916590594,511074.23075781454,107235.83692347922
ludcmp,SMALL2,250,629661,88904.0,422079.25,735.2826076808157,52830.9,421965.5756270919,797.1968002926611,52701.71690075732,630099.8369234792,1.4932493864862664,1.4918075219286426,420848.6055276767,107235.83692347922
ludcmp,SMALL2,500,629661,88904.0,295490.25,1017.0514076434199,36975.95,295364.38971596153,1004.3518350437395,36904.363586383,630099.8369234792,2.133296561340443,2.1309027962851568,294753.06660146476,107235.83692347922
ludcmp,SMALL2,750,629661,88904.0,222973.45,1180.6628145151963,27899.85,223292.58818045075,1004.1970593141167,27906.9981439312,630099.8369234792,2.8218573758224026,2.823928140323433,222869.09378112076,107235.83692347922
ludcmp,SMALL2,1000,629661,88904.0,179071.1,755.6793318806447,22405.6,178823.87425095268,964.3169589750489,22354.842066977384,630099.8369234792,3.5235778195881604,3.5162625348255525,178499.43689061716,107235.83692347922
ludcmp,SMALL2,2500,629661,88904.0,80622.3,739.1531498595979,10089.15,80892.84145600205,737.1464048448839,10126.360960716493,630099.8369234792,7.789315167846999,7.810010381743016,80757.4681066842,107235.83692347922
ludcmp,SMALL2,5000,629661,88904.0,42284.9,344.64885257163803,5293.4,42218.68319287922,555.8109662362352,5296.8345198028655,630099.8369234792,14.924668162785201,14.89091850755234,42149.94895049109,107235.83692347922
ludcmp,SMALL2,7500,629661,88904.0,28480.2,420.12887747001,3566.75,28567.06094971522,463.69996370665154,3592.018902511091,630099.8369234792,22.056866053970474,22.108728169043758,28520.995815957802,107235.83692347922
ludcmp,SMALL2,10000,629661,88904.0,21718.35,498.147756034397,2721.35,21591.783040652685,405.94179499852646,2720.938746093863,630099.8369234792,29.182390159123806,28.992119567094186,21557.141932334507,107235.83692347922
ludcmp,SMALL2,25000,629661,88904.0,8805.75,215.107531248908,1105.75,8777.532827899424,261.82675448897027,1120.6696612566095,630099.8369234792,71.78552894962743,71.50566391278426,8763.60900157408,107235.83692347922
ludcmp,SMALL2,50000,629661,88904.0,4447.95,127.27652241436647,560.35,4430.264622348197,186.3714830635937,577.7707079821054,630099.8369234792,142.22623040280243,141.56206791892896,4423.291339781658,107235.83692347922
ludcmp,SMALL2,75000,629661,88904.0,2999.6,117.0435816266744,379.0,2972.5471944125657,152.51132861482674,395.7265073122217,630099.8369234792,211.9730304393029,209.91498866515536,2967.8958024209073,107235.83692347922
ludcmp,SMALL2,100000,629661,88904.0,2250.95,146.82516455760722,285.35,2242.0551499747803,132.2265893142101,304.5003575289926,630099.8369234792,281.0367251361176,279.73122459406034,2238.565653155359,107235.83692347922
ludcmp,SMALL3,100,1034285,139482.0,922153.5,183.71502531450093,115429.3,922041.9843459945,217.6633872029044,115159.35036940688,1034739.8369234792,1.1222263785064206,1.1215974347004052,919666.4715595484,107235.83692347922
ludcmp,SMALL3,250,1034285,139482.0,821483.75,1103.001544828807,102755.05,821692.8834800309,853.2402692680906,102667.9940095921,1034739.8369234792,1.259278080322605,1.259044990238699,820575.9133806156,107235.83692347922
ludcmp,SMALL3,500,1034285,139482.0,619500.75,1030.0433243315438,77476.45,619889.2997098101,1268.804043030448,77470.25362149073,1034739.8369234792,1.6692332605319593,1.6695460013567376,619277.9765953133,107235.83692347922
ludcmp,SMALL3,750,1034285,139482.0,484784.9,1509.143392440685,60624.65,484859.1882195737,1349.1966182294198,60603.03492645306,1034739.8369234792,2.134103801813252,2.1334926067210427,484435.6938202437,107235.83692347922
ludcmp,SMALL3,1000,1034285,139482.0,395643.15,1472.6502166252214,49477.3,395731.9126414664,1338.0035575161162,49468.51718132829,1034739.8369234792,2.6147495409624817,2.6141865466393135,395407.4752811309,107235.83692347922
ludcmp,SMALL3,2500,1034285,139482.0,185709.55,1479.3125528255935,23225.15,185842.58217317736,1086.5943193137657,23245.155798596054,1034739.8369234792,5.567829637446907,5.569368941984944,185707.20882385952,107235.83692347922
ludcmp,SMALL3,5000,1034285,139482.0,98122.6,893.6819992533532,12273.45,98282.0523363936,836.6262839045729,12304.79593937326,1034739.8369234792,10.528268512157613,10.54074188820924,98213.31809400546,107235.83692347922
ludcmp,SMALL3,7500,1034285,139482.0,66843.6,514.014785779553,8362.15,66788.31791702769,702.91507076423,8369.703252136493,1034739.8369234792,15.492826727706406,15.47320910304053,66742.25278327026,107235.83692347922
ludcmp,SMALL3,10000,1034285,139482.0,50719.55,580.5827811686064,6346.4,50582.547847604284,617.5342028704202,6344.804911598572,1034739.8369234792,20.456459410485923,20.39223534120472,50547.9067392861,107235.83692347922
ludcmp,SMALL3,25000,1034285,139482.0,20675.1,314.3171211238402,2589.7,20614.125102017126,400.82782369028826,2600.252025424045,1034739.8369234792,50.19567077441614,50.025634700678594,20600.201275691783,107235.83692347922
ludcmp,SMALL3,50000,1034285,139482.0,10374.55,351.41285885468227,1301.5,10389.842542498069,285.9186554150208,1322.7221304397312,1034739.8369234792,99.59148396051562,99.69444457831906,10382.869259931529,107235.83692347922
ludcmp,SMALL3,75000,1034285,139482.0,6987.4,239.09971493962638,877.7,6954.898567998539,234.1400452989646,893.5232212000711,1034739.8369234792,148.7785661870916,148.02143858946104,6950.247176006881,107235.83692347922
ludcmp,SMALL3,100000,1034285,139482.0,5169.0,221.6196362191191,650.3,5232.326341374995,203.07159166593556,678.2863520591341,1034739.8369234792,197.7590405134328,200.0938285935384,5228.836844555573,107235.83692347922
mvt,MEDIUM,100,1399693,185151.0,53250.7,680.1516936065007,6815.8,53128.10491463977,549.8779254535061,6526.796034884947,1400166.1770046088,26.354528911848774,26.284969023881377,50755.9887209981,107242.17700460883
mvt,MEDIUM,250,1399693,185151.0,27693.95,287.20054885594794,3528.25,27729.03973380736,365.6089450650038,3405.5474746043064,1400166.1770046088,50.49457862392257,50.54147205436566,26610.62529500986,107242.17700460883
mvt,MEDIUM,500,1399693,185151.0,17007.5,369.1870870753176,2162.95,16972.781655462142,288.3060341411686,2090.110703462977,1400166.1770046088,82.49479698891963,82.2985741584595,16362.007929463525,107242.17700460883
mvt,MEDIUM,750,1399693,185151.0,12451.65,231.86458729634685,1580.5,12442.592877882127,256.05823687261915,1535.810696232866,1400166.1770046088,112.53009647961198,112.41024281922476,12019.23367156347,107242.17700460883
mvt,MEDIUM,1000,1399693,185151.0,9844.1,289.80263701535335,1250.4,9856.507561645207,235.01536478755978,1219.1589105082521,1400166.1770046088,142.05499952671866,142.18597941914445,9531.83232302987,107242.17700460883
mvt,MEDIUM,2500,1399693,185151.0,4419.25,167.22813758455823,559.8,4426.951322945193,170.81664437737885,553.7375317902233,1400166.1770046088,316.28226173336293,316.7263675963116,4290.924643036736,107242.17700460883
mvt,MEDIUM,5000,1399693,185151.0,2321.0,136.15587043029603,295.65,2329.8596280839456,127.93377793592671,296.5158232779181,1400166.1770046088,600.9658951668655,603.0560103403706,2260.638776101491,107242.17700460883
mvt,MEDIUM,7500,1399693,185151.0,1571.3,105.37257208291167,200.0,1591.9448122478946,106.61858997679566,205.97979243208783,1400166.1770046088,879.5318570293363,890.7866098135303,1545.5131317133278,107242.17700460883
mvt,MEDIUM,10000,1399693,185151.0,1203.9,80.51537937431257,153.6,1215.1642432008716,93.30788316420704,159.74691288653142,1400166.1770046088,1152.2443857600865,1162.6322784284407,1180.2313969114086,107242.17700460883
mvt,MEDIUM,25000,1399693,185151.0,516.1,58.98340533796908,67.1,523.2799820611502,60.16470852890717,74.8405225383134,1400166.1770046088,2675.7495509182045,2712.057740747917,509.2266175653796,107242.17700460883
mvt,MEDIUM,50000,1399693,185151.0,295.8,37.86485664070382,39.0,288.0053002085381,42.88178297960182,45.96422235184871,1400166.1770046088,4861.598644159605,4731.889790398918,280.9650002159972,107242.17700460883
mvt,MEDIUM,75000,1399693,185151.0,209.65,41.314295983734,27.95,207.89404155860808,35.256191037489366,36.128672222401335,1400166.1770046088,6734.999072158994,6676.331981874553,203.19746343030226,107242.17700460883
mvt,MEDIUM,100000,1399693,185151.0,163.7,34.200800236867344,22.05,166.6639023281371,30.80543149906987,31.0632202746654,1400166.1770046088,8401.136403537967,8550.354306658523,163.1403242937846,107242.17700460883
mvt,MINI,100,120975,25311.0,3424.8,168.48851280537903,584.0,3379.3628055219606,108.21401420210397,308.20327124522134,121446.17700460883,35.93759652149892,35.323230553608965,1007.2466118802951,107242.17700460883
mvt,MINI,250,120975,25311.0,1585.1,109.26544212195026,268.2,1598.7852414522495,73.82057521872619,139.26566305991742,121446.17700460883,75.96153245341053,76.32010598700398,480.3708026547492,107242.17700460883
mvt,MINI,500,120975,25311.0,883.5,75.94838967836544,146.35,885.5405934664263,54.020527294676505,79.20557058843633,121446.17700460883,137.14354587541925,136.9269949066214,274.76686746781047,107242.17700460883
mvt,MINI,750,120975,25311.0,629.2,46.46515389316804,101.95,624.4416279529441,44.77688235708864,58.541751821321434,121446.17700460883,194.487637543858,192.26795931341385,201.08242163428667,107242.17700460883
mvt,MINI,1000,120975,25311.0,492.4,57.11152524481791,81.0,487.04480764762343,39.207337537829886,47.975396956205486,121446.17700460883,249.35319111845467,245.6844029244517,162.36956903228656,107242.17700460883
mvt,MINI,2500,120975,25311.0,215.5,25.388559379539856,34.75,220.31321329531357,26.167303511280164,27.777942846655804,121446.17700460883,551.2432740101667,561.368909512761,84.2865333868558,107242.17700460883
mvt,MINI,5000,120975,25311.0,125.9,32.90960506088091,20.85,120.49220958347834,19.642855314375506,19.45061397768534,121446.17700460883,1007.9172539405511,960.8816521048451,51.271357601024114,107242.17700460883
mvt,MINI,7500,120975,25311.0,70.4,18.53417895331984,11.75,84.39722298771402,16.599584634946183,15.701596315790255,121446.17700460883,1438.9830933452415,1718.3948863636363,37.96554245314713,107242.17700460883
mvt,MINI,10000,120975,25311.0,60.6,14.726989187417628,10.5,65.39295278731086,14.69491819389625,13.320808646884887,121446.17700460883,1857.1753044951167,1996.2871287128712,30.460106497847864,107242.17700460883
mvt,MINI,25000,120975,25311.0,27.5,13.38695358607736,5.05,28.390820662827505,9.802794890449114,7.126631868750167,121446.17700460883,4277.656445613776,4399.090909090909,14.337456167056931,107242.17700460883
mvt,MINI,50000,120975,25311.0,15.55,9.681642966269505,2.65,14.740009853839346,7.106231085710522,4.029145775307076,121446.17700460883,8239.219526232244,7779.742765273311,7.699709861298424,107242.17700460883
mvt,MINI,75000,120975,25311.0,17.35,12.440489920967108,2.95,9.966758140590297,5.858575338526633,2.808177374216154,121446.17700460883,12185.123316077177,6972.622478386166,5.270180012284481,107242.17700460883
mvt,MINI,100000,120975,25311.0,5.05,7.178000014664692,0.95,7.530722846913532,5.099922370144587,2.154963045311419,121446.17700460883,16126.762260860996,23955.445544554455,4.0071448125610205,107242.17700460883
mvt,MINI2,100,137592,27388.0,4398.9,128.89363219745434,708.75,4397.441224250246,128.44759392744385,435.463073586257,138086.17700460885,31.401483263293017,31.27872877310237,2025.3250306085802,107242.17700460883
mvt,MINI2,250,137592,27388.0,2073.85,123.07604623928547,325.15,2092.769375899751,91.64235400220012,201.01367986585512,138086.17700460885,65.98251034958929,66.3461677556236,974.3549371022507,107242.17700460883
mvt,MINI2,500,137592,27388.0,1121.9,100.57722877156849,176.65,1152.610509384052,68.77612917695342,112.5893102032164,138086.17700460885,119.80298277724472,122.64194669756662,541.8367833854361,107242.17700460883
mvt,MINI2,750,137592,27388.0,797.15,72.61453747447254,124.5,808.7762798627166,57.44182445224314,81.5836214803973,138086.17700460885,170.7347018486347,172.60490497396978,385.41707354405924,107242.17700460883
mvt,MINI2,1000,137592,27388.0,637.15,61.91868606657062,97.0,629.1151691679959,50.36113234994079,65.73486142591781,138086.17700460885,219.49268396632,215.94914855214628,304.43993055265906,107242.17700460883
mvt,MINI2,2500,137592,27388.0,283.45,38.71008980397204,44.0,286.5041367442425,33.003624226542755,36.17974970705498,138086.17700460885,481.96922590292684,485.4189451402364,150.47745683578472,107242.17700460883
mvt,MINI2,5000,137592,27388.0,156.2,25.322342953044032,24.7,160.6854847238963,24.478454593679587,25.27927898381694,138086.17700460885,859.356881188618,880.8706786171575,91.46463274144207,107242.17700460883
mvt,MINI2,7500,137592,27388.0,113.4,28.728126690717144,18.25,114.93447559587776,20.80237134305795,21.00178518464659,138086.17700460885,1201.4339151825516,1213.3333333333333,68.50279506131086,107242.17700460883
mvt,MINI2,10000,137592,27388.0,89.6,19.332002374029276,14.25,90.60531041509856,18.579144478001684,18.452897127318412,138086.17700460885,1524.0406591179012,1535.625,55.67246412563555,107242.17700460883
mvt,MINI2,25000,137592,27388.0,39.75,10.192231303663021,6.9,41.96457931888562,12.841288536531959,11.56974266581335,138086.17700460885,3290.5411955950417,3461.433962264151,27.911214823115046,107242.17700460883
mvt,MINI2,50000,137592,27388.0,22.25,10.218018141344345,4.2,22.816121385828126,9.521296192925949,7.30706822358599,138086.17700460885,6052.131940811768,6183.91011235955,15.7758213932872,107242.17700460883
mvt,MINI2,75000,137592,27388.0,19.5,11.600816668166988,3.2,15.755691757152945,7.931323374544787,5.342076536028543,138086.17700460885,8764.209095542818,7056.0,11.05911362884713,107242.17700460883
mvt,MINI2,100000,137592,27388.0,10.95,7.96356836177298,1.8,12.04760344178257,6.94617723583577,4.208798704865825,138086.17700460885,11461.71333343435,12565.479452054795,8.52402540743006,107242.17700460883
mvt,MINI3,100,160680,30274.0,5773.85,203.03675451555685,874.65,5686.399956166353,149.3633856552622,596.5829150757705,161126.17700460885,28.335357738929886,27.8289183127376,3314.283762524688,107242.17700460883
mvt,MINI3,250,160680,30274.0,2816.6,139.75105686447185,418.8,2746.831132513007,109.53780277325761,282.7713994425122,161126.17700460885,58.65893068468266,57.047504082936875,1628.4166937155069,107242.17700460883
mvt,MINI3,500,160680,30274.0,1519.65,102.16821784117653,225.7,1514.159477877573,84.0595922090247,157.78293126490652,161126.17700460885,106.41295012759328,105.73487316158325,903.3857518789571,107242.17700460883
mvt,MINI3,750,160680,30274.0,1052.1,63.30535854927787,158.05,1058.768990442206,70.86800980982237,112.83271030287555,161126.17700460885,152.18256150221478,152.723125178215,635.4097841235484,107242.17700460883
mvt,MINI3,1000,160680,30274.0,823.8,80.2231099398487,122.5,820.4227184404294,62.425015856687324,89.648305107655,161126.17700460885,196.39409463319018,195.04734158776404,495.74747982509257,107242.17700460883
mvt,MINI3,2500,160680,30274.0,372.25,52.56462188282352,54.45,368.91498576532786,40.88924134722198,46.482983495264094,161126.17700460885,436.7569310591886,431.645399597045,232.88830585687012,107242.17700460883
mvt,MINI3,5000,160680,30274.0,193.95,32.50178132770086,28.5,207.35021923720927,29.761906181815625,31.19741148808074,161126.17700460885,777.0726146196162,828.4609435421501,138.12936725475504,107242.17700460883
mvt,MINI3,7500,160680,30274.0,150.0,31.082233883006133,22.3,149.59630843930037,25.012965593022138,25.640810249983243,161126.17700460885,1077.0732158139235,1071.2,103.16462790473348,107242.17700460883
mvt,MINI3,10000,160680,30274.0,120.05,27.159325237723067,18.25,118.96836818963986,22.26048253849302,22.5764956015727,161126.17700460885,1354.3614950468843,1338.442315701791,84.03552190017686,107242.17700460883
mvt,MINI3,25000,160680,30274.0,62.35,15.848875105358838,9.75,57.3145690037786,15.610565729765774,15.163319368989805,161126.17700460885,2811.2603794331285,2577.064955894146,43.26120450800803,107242.17700460883
mvt,MINI3,50000,160680,30274.0,34.9,16.14702188607774,5.8,32.39397674404444,11.798905195115537,10.476990602964909,161126.17700460885,4973.954827396471,4604.011461318052,25.35367675150351,107242.17700460883
mvt,MINI3,75000,160680,30274.0,26.75,12.544132618794125,4.45,22.869819254752056,9.926337943789697,8.0469274122187,161126.17700460885,7045.362939242683,6006.728971962617,18.17324112644624,107242.17700460883
mvt,MINI3,100000,160680,30274.0,21.2,6.420362344259003,3.55,17.732441969634017,8.747163787381377,6.532047478220068,161126.17700460885,9086.519345757903,7579.245283018869,14.208863935281506,107242.17700460883
mvt,SMALL,100,225960,38434.0,8962.95,191.3031419116348,1278.6,8948.728094845806,193.2752212508964,1004.3739324107021,226406.17700460885,25.300375048272155,25.210449684534666,6576.611901204142,107242.17700460883
mvt,SMALL,250,225960,38434.0,4436.6,170.41293501683666,624.15,4475.315739001829,143.85643782024263,498.8319752536148,226406.17700460885,50.58998966966883,50.93089302619122,3356.9013002043284,107242.17700460883
mvt,SMALL,500,225960,38434.0,2482.55,176.65830086117637,344.75,2501.0339610970123,113.96677061649798,281.14224166733646,226406.17700460885,90.52503105767576,91.01931481742562,1890.2602350983966,107242.17700460883
mvt,SMALL,750,225960,38434.0,1712.55,116.80279151314475,238.55,1750.070356473212,97.63089160445907,199.24538105675134,226406.17700460885,129.36975714557474,131.9435928877989,1326.7111501545546,107242.17700460883
mvt,SMALL,1000,225960,38434.0,1392.1,107.4385503683997,191.75,1352.4651790252535,86.78802347178174,156.15361268075802,226406.17700460885,167.40259232979582,162.31592558005892,1027.7899404099167,107242.17700460883
mvt,SMALL,2500,225960,38434.0,604.25,69.33888936915106,84.65,593.4769987074486,57.74673937804408,74.55324126050468,226406.17700460885,381.49107294420116,373.9511791477038,457.45031879899085,107242.17700460883
mvt,SMALL,5000,225960,38434.0,303.85,37.846330559806,43.05,325.7193191364077,41.65551677064729,45.99828326855778,226406.17700460885,695.0959421286043,743.656409412539,256.49846715395347,107242.17700460883
mvt,SMALL,7500,225960,38434.0,224.05,43.150257668316485,31.35,233.31665848716915,34.42259724257056,36.1510834161131,226406.17700460885,970.3815341460485,1008.524882838652,186.88497795260227,107242.17700460883
mvt,SMALL,10000,225960,38434.0,178.45,33.09710593167674,25.35,185.58822824610826,30.17602871077381,31.04767567486576,226406.17700460885,1219.9382425504486,1266.2370411880079,150.65538195664527,107242.17700460883
mvt,SMALL,25000,225960,38434.0,99.6,29.236602869834606,14.75,91.92765779776312,20.608648961119226,20.705069996060267,226406.17700460885,2462.8733335368197,2268.674698795181,77.87429330199255,107242.17700460883
mvt,SMALL,50000,225960,38434.0,57.85,14.042323244579693,8.9,54.16727398694497,15.843961791863586,15.551347805783436,226406.17700460885,4179.75948095848,3905.9636992221263,47.12697399440405,107242.17700460883
mvt,SMALL,75000,225960,38434.0,46.3,16.3903052217815,7.2,39.44423588714739,13.53650431214265,12.834527251680111,226406.17700460885,5739.9052589679295,4880.345572354212,34.74765775884158,107242.17700460883
mvt,SMALL,100000,225960,38434.0,32.15,10.82528716040656,5.3,31.302252048862876,12.056922977881436,10.984625292590742,226406.17700460885,7232.9037748206865,7028.304821150856,27.778674014510365,107242.17700460883
mvt,SMALL2,100,371889,56676.0,15295.75,295.87744173274837,2069.05,15341.544743010163,264.2644346418739,1803.4760134312467,372326.17700460885,24.26914520288097,24.313224261641306,12969.428549368498,107242.17700460883
mvt,SMALL2,250,371889,56676.0,7934.4,187.7572340746647,1057.45,7957.504386328966,192.20636131786452,934.105556169507,372326.17700460885,46.78931470578479,46.87046279491833,6839.089947531465,107242.17700460883
mvt,SMALL2,500,371889,56676.0,4595.9,177.0206351337547,610.75,4572.767016033056,155.73258446403423,540.108873534342,372326.17700460885,81.42251194936395,80.91755695293632,3961.9932900344406,107242.17700460883
mvt,SMALL2,750,371889,56676.0,3195.05,124.68422219013077,424.85,3229.8573801956877,135.7483985903109,384.21875902206074,372326.17700460885,115.2763522276797,116.39536157493622,2806.4981738770302,107242.17700460883
mvt,SMALL2,1000,371889,56676.0,2544.85,156.44345708005145,336.9,2503.85634644096,122.01741835842736,300.0775086077213,372326.17700460885,148.701093628571,146.1339568147435,2179.1811078256233,107242.17700460883
mvt,SMALL2,2500,371889,56676.0,1095.4,70.60594875787734,145.1,1087.5371643495823,83.1846751638211,136.31076196577197,372326.17700460885,342.35719864091635,339.50063903596856,951.5104844411246,107242.17700460883
mvt,SMALL2,5000,371889,56676.0,584.45,58.44608401631462,78.2,579.764339651639,60.455995767811125,77.75391222387978,372326.17700460885,642.2026184437752,636.3059286508683,510.5434876691848,107242.17700460883
mvt,SMALL2,7500,371889,56676.0,403.1,61.789029855843474,54.3,405.94706350938196,49.84384517524141,57.73007383873512,372326.17700460885,917.179136082121,922.5725626395434,359.51538297481505,107242.17700460883
mvt,SMALL2,10000,371889,56676.0,324.4,44.193831434286224,43.8,317.85088182498913,43.41395912126205,47.58274246422038,372326.17700460885,1171.3863270312215,1146.390258939581,282.91803553552614,107242.17700460883
mvt,SMALL2,25000,371889,56676.0,157.2,36.1962487152002,22.1,153.52690622106113,28.292467315062808,28.616438803908746,372326.17700460885,2425.152607898591,2365.706106870229,139.47354172529054,107242.17700460883
mvt,SMALL2,50000,371889,56676.0,97.15,22.642008000965586,13.9,91.70656133231236,21.215289244153595,21.27790410304139,372326.17700460885,4059.973153452233,3827.987647967061,84.66626133977144,107242.17700460883
mvt,SMALL2,75000,371889,56676.0,75.55,20.5617811024547,11.05,67.98757466484174,18.183464888016925,18.13886040977506,372326.17700460885,5476.385631346091,4922.4222369291865,63.290996536535935,107242.17700460883
mvt,SMALL2,100000,371889,56676.0,54.45,15.649028892016197,8.45,54.86360464475192,16.326175406762754,16.132968175563743,372326.17700460885,6786.396544949301,6829.9173553719,51.34002661039941,107242.17700460883
mvt,SMALL3,100,575409,82116.0,23469.05,321.03950814420546,3092.7,23421.550511656194,339.58038110452816,2813.476734512001,575846.1770046088,24.586168055698433,24.517779799352766,21049.43431801453,107242.17700460883
mvt,SMALL3,250,575409,82116.0,12286.9,210.46687450322904,1604.5,12338.75289124858,239.06088208506122,1481.7616192844587,575846.1770046088,46.669722789653655,46.831096533706635,11220.33845245108,107242.17700460883
mvt,SMALL3,500,575409,82116.0,7274.85,249.00185478066314,943.8,7266.35575655398,194.24399624511207,876.8074660994574,575846.1770046088,79.248277444332,79.09565145673106,6655.582030555364,107242.17700460883
mvt,SMALL3,750,575409,82116.0,5208.75,167.32724791478782,677.15,5191.098363527844,171.18548368010872,629.3738819385806,575846.1770046088,110.92954451613716,110.46969042476601,4767.739157209187,107242.17700460883
mvt,SMALL3,1000,575409,82116.0,3996.55,142.98416364280197,518.4,4047.4948634386856,155.17652831799523,493.03232323243697,575846.1770046088,142.27224405057783,143.97642967059087,3722.8196248233485,107242.17700460883
mvt,SMALL3,2500,575409,82116.0,1770.4,118.29997553053977,229.5,1766.0377920024666,108.04427055133613,221.12334042238248,575846.1770046088,326.0667351584085,325.0163804789878,1630.011112094009,107242.17700460883
mvt,SMALL3,5000,575409,82116.0,938.75,81.61325679208328,122.05,930.6409916021275,79.21750012556099,121.61349371769084,575846.1770046088,618.7629625182011,612.9523302263649,861.4201396196733,107242.17700460883
mvt,SMALL3,7500,575409,82116.0,633.2,76.7556615432853,82.75,642.7485045926005,65.4983682286144,87.33025397517608,575846.1770046088,895.9121225332184,908.7318382817434,596.3168240580336,107242.17700460883
mvt,SMALL3,10000,575409,82116.0,492.75,57.34372355872043,64.75,496.9181774961856,57.088625987848104,69.96615467344489,575846.1770046088,1158.83500158138,1167.7503805175038,461.9853312067226,107242.17700460883
mvt,SMALL3,25000,575409,82116.0,221.65,45.10371089879529,29.8,229.62628895240888,36.699254986485606,38.13378050079463,575846.1770046088,2507.7537055173834,2596.025265057523,215.5729244566383,107242.17700460883
mvt,SMALL3,50000,575409,82116.0,130.55,25.033608987666323,18.25,135.0351261639057,26.707997212916887,26.832319685640346,575846.1770046088,4264.417662006303,4407.57564151666,127.99482617136476,107242.17700460883
mvt,SMALL3,75000,575409,82116.0,94.4,19.669372397875733,13.5,100.27872161359485,22.552282104359925,22.597760319608707,575846.1770046088,5742.456303177891,6095.434322033898,95.58214348528904,107242.17700460883
mvt,SMALL3,100000,575409,82116.0,89.25,24.33726836723767,12.75,81.3259092887238,20.155000088711002,20.173009391506255,575846.1770046088,7080.722269704182,6447.1596638655465,77.8023312543713,107242.17700460883
nussinov,MEDIUM,100,1107247,274038.0,507585.6,207.06225862615358,127125.9,508003.14071104425,213.97693177729877,497551.8047798443,1107828.4782834926,2.1807512385314824,2.181399551129898,505617.112048552,107248.47828349269
nussinov,MEDIUM,250,1107247,274038.0,466391.5,387.2508367018935,116847.5,479277.0457774658,205.90930519539245,472741.4161461618,1107828.4782834926,2.3114574087027546,2.3740719974527837,478152.079442782,107248.47828349269
nussinov,MEDIUM,500,1107247,274038.0,368563.4,638.7680906903664,92333.5,399462.56113567454,302.606097945123,394798.3362694342,1107828.4782834926,2.7732973902083073,3.0042239679794576,398846.0654893083,107248.47828349269
nussinov,MEDIUM,750,1107247,274038.0,295342.1,832.4306767406798,73984.75,330975.70153790957,346.37808739152473,327271.558805744,1107828.4782834926,3.347159544147392,3.7490320546918308,330548.1868689058,107248.47828349269
nussinov,MEDIUM,1000,1107247,274038.0,244271.05,697.921762694152,61190.15,279821.487890359,361.0621575334442,276742.7444885649,1107828.4782834926,3.9590543479547478,4.532862162749127,279493.7218262034,107248.47828349269
nussinov,MEDIUM,2500,1107247,274038.0,118099.55,728.2181190737905,29580.7,141803.9938581127,328.0070684382121,140272.43422557643,1107828.4782834926,7.812392642424246,9.375539534231926,141666.9561163509,107248.47828349269
nussinov,MEDIUM,5000,1107247,274038.0,62941.05,435.37406481758825,15763.05,77226.53169725275,263.9380438679335,76389.97826083297,1107828.4782834926,14.34517974504483,17.59181011438481,77156.88843545495,107248.47828349269
nussinov,MEDIUM,7500,1107247,274038.0,43008.4,580.8488706421967,10770.25,53018.420759350294,225.21603780245414,52440.45305963888,1107828.4782834926,20.895161764849753,25.744900996084485,52971.73052021172,107248.47828349269
nussinov,MEDIUM,10000,1107247,274038.0,32680.35,370.57484150694165,8184.6,40361.50967144576,199.42692052416297,39918.46550118049,1107828.4782834926,27.447647208975418,33.88112428416464,40326.39226441834,107248.47828349269
nussinov,MEDIUM,25000,1107247,274038.0,13382.15,217.19195366505193,3349.6,16601.2766278498,131.3198578373035,16411.13583858711,1107828.4782834926,66.7315233109864,82.74059101116039,16587.15668553505,107248.47828349269
nussinov,MEDIUM,50000,1107247,274038.0,6738.55,199.52165823605003,1685.45,8391.391843426967,94.12502715343845,8288.592703351515,1107828.4782834926,132.01963380500007,164.31532006143755,8384.319537869316,107248.47828349269
nussinov,MEDIUM,75000,1107247,274038.0,4495.75,148.89624610870192,1123.75,5621.442100103101,77.2136732131991,5548.289319340959,1107828.4782834926,197.07193608970448,246.28749374409165,5616.72447589056,107248.47828349269
nussinov,MEDIUM,100000,1107247,274038.0,3383.95,152.47414793817896,845.45,4229.936547586718,67.0443326489311,4171.89689384924,1107828.4782834926,261.90191408793964,327.2054847146087,4226.397294919032,107248.47828349269
nussinov,MINI,100,121133,27188.0,6660.7,134.34366770574468,1543.75,7195.249602110306,92.4383297634615,4627.3216020839545,121788.47828349269,16.926233976340885,18.18622667287222,4809.220939618069,107248.47828349269
nussinov,MINI,250,121133,27188.0,3287.65,93.7933198159936,757.55,3697.7999650952174,70.03038722878613,2446.389507885889,121788.47828349269,32.9353884561348,36.844858789713015,2572.833630411373,107248.47828349269
nussinov,MINI,500,121133,27188.0,1828.25,64.64060561858037,418.45,2059.226931556828,54.23348864879747,1362.034319773904,121788.47828349269,59.14281540180591,66.25625598249692,1442.731285190592,107248.47828349269
nussinov,MINI,750,121133,27188.0,1238.7,73.92179366700572,282.15,1434.4814786130182,45.83392153660337,945.9464641392497,121788.47828349269,84.90069763831904,97.79042544603213,1006.9668096092222,107248.47828349269
nussinov,MINI,1000,121133,27188.0,968.8,65.91030587891876,221.5,1104.2790435583156,40.42952341134796,726.3848265066848,121788.47828349269,110.28777462900499,125.0340627580512,776.5129794026934,107248.47828349269
nussinov,MINI,2500,121133,27188.0,402.25,38.16153340182948,90.9,474.9230897463862,26.655388978617008,310.3135149342541,121788.47828349269,256.4383179359188,301.1385954008701,337.8853479845963,107248.47828349269
nussinov,MINI,5000,121133,27188.0,229.4,31.878717533472823,51.35,252.73623678387116,19.33802299993773,164.79228954714637,121788.47828349269,481.8797645849289,528.0427201394943,183.09297498606648,107248.47828349269
nussinov,MINI,7500,121133,27188.0,146.85,26.872554968337404,32.45,176.684751961539,15.997660291783692,115.17158329551043,121788.47828349269,689.2981818261475,824.8757235274089,129.9945128229639,107248.47828349269
nussinov,MINI,10000,121133,27188.0,131.05,21.00996004405129,28.7,138.16766451086784,13.966684167642855,90.06323986558635,121788.47828349269,881.4542730720702,924.3265929034719,103.05025748344462,107248.47828349269
nussinov,MINI,25000,121133,27188.0,62.2,17.819563465620114,13.05,67.80057706596132,8.99824042002099,44.193550665977284,121788.47828349269,1796.2749515392475,1947.475884244373,53.68063475121494,107248.47828349269
nussinov,MINI,50000,121133,27188.0,39.45,9.202259447949098,8.5,43.55141761651593,6.528373574633434,28.35601307647434,121788.47828349269,2796.4297133994337,3070.5449936628643,36.47911205886445,107248.47828349269
nussinov,MINI,75000,121133,27188.0,26.95,6.6922972218262355,5.65,34.43697845395853,5.727477847445854,22.38740619664549,121788.47828349269,3536.561096564298,4494.730983302412,29.71935424141664,107248.47828349269
nussinov,MINI,100000,121133,27188.0,25.3,8.778562404786836,5.1,29.047364844522125,5.478826387955212,18.859167769423102,121788.47828349269,4192.754796704393,4787.865612648221,25.50811217683592,107248.47828349269
nussinov,MINI2,100,139172,31719.0,14174.2,135.9847514671369,3442.7,15253.049044901461,102.24378637203932,12363.569912705896,139818.47828349267,9.166592061160971,9.818684652396607,12867.020382409224,107248.47828349269
nussinov,MINI2,250,139172,31719.0,7656.7,165.67314047148446,1857.15,8728.90912578102,89.44501829404287,7276.711588980205,139818.47828349267,16.017863889834278,18.17649901393551,7603.942791097175,107248.47828349269
nussinov,MINI2,500,139172,31719.0,4292.0,103.9711498445602,1038.35,5045.574566746857,74.96775954462653,4227.412346759396,139818.47828349267,27.711111278579494,32.42590866728798,4429.078920380622,107248.47828349269
nussinov,MINI2,750,139172,31719.0,2967.85,117.02148925461691,720.1,3548.435504713806,65.26315963787417,2973.6312924940553,139818.47828349267,39.40285179137546,46.89320551914686,3120.92083571001,107248.47828349269
nussinov,MINI2,1000,139172,31719.0,2258.5,79.07790961750115,546.35,2739.0247575475746,58.44127757621022,2294.0173216492894,139818.47828349267,51.04681069355546,61.621430152756254,2411.2586933919524,107248.47828349269
nussinov,MINI2,2500,139172,31719.0,971.3,38.44490247504587,232.25,1167.985353594869,39.37688933885221,973.4315260677106,139818.47828349267,119.70910238998644,143.28425821064553,1030.947611833079,107248.47828349269
nussinov,MINI2,5000,139172,31719.0,494.2,43.3281238434054,118.55,607.8902857106398,28.608410068295786,503.33467856898494,139818.47828349267,230.0061073028025,281.6106839336301,538.2470239128351,107248.47828349269
nussinov,MINI2,7500,139172,31719.0,360.9,38.328085071695895,84.85,416.160210269523,23.690375560534267,342.9053542794111,139818.47828349267,335.9727211617379,385.62482682183435,369.4699711309479,107248.47828349269
nussinov,MINI2,10000,139172,31719.0,267.45,32.26285953326453,63.2,319.0711316605911,20.71589440273981,261.8365837390598,139818.47828349267,438.2047274405986,520.3664236305851,283.9537246331679,107248.47828349269
nussinov,MINI2,25000,139172,31719.0,116.35,21.01697309068879,26.95,141.4790497827689,13.452282897397538,113.91569975145912,139818.47828349267,988.2627745816366,1196.1495487752472,127.35910746802253,107248.47828349269
nussinov,MINI2,50000,139172,31719.0,72.0,9.904810102061258,16.8,81.14936434545108,9.639656952841781,63.77561355256042,139818.47828349267,1722.9768761747591,1932.9444444444443,74.0770587877996,107248.47828349269
nussinov,MINI2,75000,139172,31719.0,57.05,14.673553008550343,12.6,60.86223885679486,7.91303167879072,46.926035547928805,139818.47828349267,2297.2943636279474,2439.4741454864156,56.14461464425297,107248.47828349269
nussinov,MINI2,100000,139172,31719.0,44.9,12.735776379946378,9.95,50.64745935507998,6.8808241642643795,38.44723890185058,139818.47828349267,2760.6217580086527,3099.599109131403,47.108206687393775,107248.47828349269
nussinov,MINI3,100,164434,38053.0,25980.35,196.39360987567792,6408.3,27518.68987542407,109.99191743200332,24268.77137458915,165048.47828349267,5.9976866279121595,6.329168005819783,25132.66121293183,107248.47828349269
nussinov,MINI3,250,164434,38053.0,15191.95,180.66266179933513,3760.2,17299.62078727918,108.32078016819763,15602.685018705,165048.47828349267,9.540583595037917,10.823758635329895,16174.654452595332,107248.47828349269
nussinov,MINI3,500,164434,38053.0,8786.6,208.54291493220538,2172.75,10420.94475017198,97.56057220688636,9446.608284643258,165048.47828349267,15.838149250409261,18.71417840803041,9804.449103805744,107248.47828349269
nussinov,MINI3,750,164434,38053.0,6258.8,128.17200613977585,1545.5,7432.62751194233,87.28516762524585,6743.920140218648,165048.47828349267,22.20593969202708,26.27244839266313,7005.1128429385335,107248.47828349269
nussinov,MINI3,1000,164434,38053.0,4765.3,80.63765608540086,1175.35,5774.826158352004,79.283225341981,5240.317891199609,165048.47828349267,28.580683427982795,34.506536839233625,5447.060094196382,107248.47828349269
nussinov,MINI3,2500,164434,38053.0,2041.9,90.12558489480996,503.05,2478.3383869130957,54.81682036250225,2244.478536354681,165048.47828349267,66.5964257161305,80.52989862383075,2341.3006451513056,107248.47828349269
nussinov,MINI3,5000,164434,38053.0,1067.05,82.93020210425532,261.85,1281.2407726643644,40.00890460408137,1155.5568577780152,165048.47828349267,128.8192522473908,154.10149477531513,1211.5975108665598,107248.47828349269
nussinov,MINI3,7500,164434,38053.0,726.0,45.6704442028344,177.05,869.9273554027534,33.093696827437746,781.7600568994067,165048.47828349267,189.7267366734083,226.4931129476584,823.2371162641783,107248.47828349269
nussinov,MINI3,10000,164434,38053.0,544.7,41.22352419879238,133.05,661.6089423668955,28.905761501217906,592.69885048206,165048.47828349267,249.46530754713558,301.8799339085735,626.4915353394722,107248.47828349269
nussinov,MINI3,25000,164434,38053.0,231.0,25.177266270230874,55.7,280.8396124682595,18.764562713174588,248.03128274858062,165048.47828349267,587.6965746851203,711.8354978354978,266.7196701535131,107248.47828349269
nussinov,MINI3,50000,164434,38053.0,122.1,18.783811619247263,29.0,151.47355993034938,13.48276824787305,131.33325899238804,165048.47828349267,1089.619061962928,1346.7158067158068,144.4012543726979,107248.47828349269
nussinov,MINI3,75000,164434,38053.0,88.7,17.514204761308825,20.8,107.93022285409307,11.085770113633016,92.11144358603819,165048.47828349267,1529.2146529393874,1853.8218714768884,103.21259864155118,107248.47828349269
nussinov,MINI3,100000,164434,38053.0,75.45,15.104809272476588,17.5,86.06142094141981,9.638136854800873,72.4244202081776,165048.47828349267,1917.7986660926465,2179.377070907886,82.52216827373361,107248.47828349269
nussinov,SMALL,100,236446,56107.0,62114.75,218.45796295614016,15499.75,64151.70455913896,122.38517996467708,60076.2107038084,237108.47828349267,3.6960588952848727,3.8065998816706177,61765.675896646724,107248.47828349269
nussinov,SMALL,250,236446,56107.0,41783.4,286.1608675295475,10440.05,46429.27768428623,140.21881999365,44140.79797820155,237108.47828349267,5.106874155910914,5.6588501653766805,45304.31134960239,107248.47828349269
nussinov,SMALL,500,236446,56107.0,25943.95,261.0927391197475,6479.6,30167.997371706184,142.77576150475156,28789.49515976573,237108.47828349267,7.859602855371197,9.113724008872975,29551.50172533995,107248.47828349269
nussinov,SMALL,750,236446,56107.0,18694.7,232.10390141622264,4668.05,22150.594405205342,134.09974347964106,21157.783967752017,237108.47828349267,10.704384448833242,12.647755781050243,21723.079736201547,107248.47828349269
nussinov,SMALL,1000,236446,56107.0,14538.1,202.89351627730358,3635.4,17469.528023329683,124.97551524413076,16691.903822970697,237108.47828349267,13.572689426230985,16.263885927322,17141.761959174062,107248.47828349269
nussinov,SMALL,2500,236446,56107.0,6236.05,163.62456224057888,1555.9,7686.4067721753045,90.70437494260412,7342.804102211449,237108.47828349267,30.84776610337907,37.91598848630142,7549.369030413514,107248.47828349269
nussinov,SMALL,5000,236446,56107.0,3241.2,93.52826760987956,807.05,3983.2668863936474,67.25539369465307,3799.9772015206677,237108.47828349267,59.52613396140395,72.95014192274466,3913.6236245958426,107248.47828349269
nussinov,SMALL,7500,236446,56107.0,2120.85,90.44176666725812,528.55,2694.5175118172524,55.80628360216605,2566.708667763987,237108.47828349267,87.99663659397804,111.48643232666149,2647.827272678677,107248.47828349269
nussinov,SMALL,10000,236446,56107.0,1648.2,92.3657489492039,409.85,2039.4377792382206,48.73794141197545,1939.8966797852645,237108.47828349267,116.26168775399387,143.45710472030092,2004.3203722107974,107248.47828349269
nussinov,SMALL,25000,236446,56107.0,677.35,55.705310150356105,167.4,840.5871178621414,31.465529576135843,793.9113293739954,237108.47828349267,282.07484179216164,349.0750719716542,826.4671755473951,107248.47828349269
nussinov,SMALL,50000,236446,56107.0,347.55,34.45435577077226,85.55,433.80332029402433,22.580900510807478,406.13315561822554,237108.47828349267,546.5805981447645,680.3222557905337,426.73101473637286,107248.47828349269
nussinov,SMALL,75000,236446,56107.0,247.7,36.51402037862342,60.8,296.92766409990054,18.583635252623573,275.9109241486463,237108.47828349267,798.5395331966042,954.5660072668551,292.2100398873587,107248.47828349269
nussinov,SMALL,100000,236446,56107.0,180.3,23.391631432044917,43.75,228.1547885379745,16.17344169239032,210.5444001738261,237108.47828349267,1039.243926471558,1311.4032168607876,224.61553587028828,107248.47828349269
nussinov,SMALL2,100,337355,81374.0,114107.0,196.78334332591518,28549.05,116022.2303380261,134.76944373964443,111011.9353605765,337968.4782834927,2.912963121798599,2.9564794447316993,113636.20167553387,107248.47828349269
nussinov,SMALL2,250,337355,81374.0,85126.8,273.6837591089396,21314.35,92363.90460285277,163.32469288008252,89398.59454323108,337968.4782834927,3.659096913850631,3.962970533369045,91238.93826816892,107248.47828349269
nussinov,SMALL2,500,337355,81374.0,55908.6,329.306032677653,14003.15,64020.227198533335,184.14179810379702,62146.970831594066,337968.4782834927,5.279089017216661,6.034044851775935,63403.7315521671,107248.47828349269
nussinov,SMALL2,750,337355,81374.0,41204.45,332.8717905551158,10318.0,48299.47579615399,180.65127244466174,46920.733435353024,337968.4782834927,6.997352925938062,8.187343842716018,47871.96112715019,107248.47828349269
nussinov,SMALL2,1000,337355,81374.0,32422.75,364.672437732968,8123.15,38656.31477540173,172.36903460983734,37563.629811605,337968.4782834927,8.742904755591265,10.404885458512927,38328.548711246105,107248.47828349269
nussinov,SMALL2,2500,337355,81374.0,14294.6,154.4993272000337,3580.45,17486.773288598008,130.90887267274263,16994.77096419982,337968.4782834927,19.327092123042508,23.60017069382844,17349.73554683622,107248.47828349269
nussinov,SMALL2,5000,337355,81374.0,7394.95,173.5097373272417,1851.6,9136.106621193856,98.63129817803434,8874.205514161295,337968.4782834927,36.99261537726328,45.619645839390394,9066.463359396052,107248.47828349269
nussinov,SMALL2,7500,337355,81374.0,4966.2,209.8130997867036,1240.4,6188.613373651401,82.27657460287583,6007.275715361359,337968.4782834927,54.61134148764649,67.93020820748258,6141.923134512826,107248.47828349269
nussinov,SMALL2,10000,337355,81374.0,3838.9,132.56216019584727,960.1,4682.651606460895,72.02613207066433,4542.377210031989,337968.4782834927,72.17459394527242,87.87803797962958,4647.534199433472,107248.47828349269
nussinov,SMALL2,25000,337355,81374.0,1532.45,74.01242783265666,381.8,1915.7093096827507,46.51082781103214,1851.3230086992808,337968.4782834927,176.4194998558845,220.14095076511467,1901.5893673680043,107248.47828349269
nussinov,SMALL2,50000,337355,81374.0,779.9,60.16109951402852,193.55,975.588649685128,33.27091441169491,938.1744300420905,337968.4782834927,346.42518482822885,432.5618669060136,968.5163441274765,107248.47828349269
nussinov,SMALL2,75000,337355,81374.0,530.9,52.97755234655127,131.45,659.5053465374494,27.352542677005722,631.653443468971,337968.4782834927,512.457526019922,635.4398191749859,654.7877223249076,107248.47828349269
nussinov,SMALL2,100000,337355,81374.0,409.65,44.1364809128279,101.05,500.7492574343,23.800148037131205,477.8546877040433,337968.4782834927,674.9255705642964,823.5200781154645,497.2100047666138,107248.47828349269
nussinov,SMALL3,100,516667,126258.0,206438.2,186.73893964287902,51699.15,207880.40787325753,155.03611651002615,201439.1438202052,517248.4782834927,2.488202152262726,2.502768382983382,205494.3792107653,107248.47828349269
nussinov,SMALL3,250,516667,126258.0,169332.45,414.45480675473726,42431.6,179653.03652644958,183.46148933108816,175686.6742802472,517248.4782834927,2.8791524389699936,3.0511989875537733,178528.07019176573,107248.47828349269
nussinov,SMALL3,500,516667,126258.0,119021.5,453.70654786871427,29828.35,133717.10712645945,230.98599420629236,131076.8849198352,517248.4782834927,3.868229648389854,4.340955205572103,133100.6114800932,107248.47828349269
nussinov,SMALL3,750,516667,126258.0,90110.1,505.0225529096417,22580.8,104241.0945353693,238.8683423394007,102243.35698849712,517248.4782834927,4.962039976546762,5.733730181189456,103813.5798663655,107248.47828349269
nussinov,SMALL3,1000,516667,126258.0,72137.15,399.3883843816036,18072.65,84978.66930760264,234.67717999676776,83369.70440932027,517248.4782834927,6.08680369436212,7.162287392834345,84650.90324344701,107248.47828349269
nussinov,SMALL3,2500,516667,126258.0,32735.25,351.5562207041562,8202.85,39872.610945134446,188.80500867483585,39125.8125986051,517248.4782834927,12.97252590243557,15.783200067205842,39735.57320337265,107248.47828349269
nussinov,SMALL3,5000,516667,126258.0,17123.05,156.51852925452627,4289.35,21095.489785872523,145.2296745608889,20696.19143235592,517248.4782834927,24.519387012758042,30.173771611949974,21025.846524074717,107248.47828349269
nussinov,SMALL3,7500,516667,126258.0,11590.2,215.7882978145114,2902.55,14342.482693714968,122.00844950659607,14067.148818235071,517248.4782834927,36.0640824416094,44.577919276630254,14295.792454576393,107248.47828349269
nussinov,SMALL3,10000,516667,126258.0,8816.1,184.8842881372023,2207.15,10867.504298514783,107.1883065936545,10655.788593509391,517248.4782834927,47.59588439768852,58.60493869171175,10832.38689148736,107248.47828349269
nussinov,SMALL3,25000,516667,126258.0,3558.15,118.5003997328368,889.65,4441.4055767680275,69.5818178981998,4347.175784523228,517248.4782834927,116.4605369500819,145.20663828112924,4427.285634453281,107248.47828349269
nussinov,SMALL3,50000,516667,126258.0,1835.0,63.0530269735428,458.5,2248.4684690146346,49.699170256368944,2194.993812279517,517248.4782834927,230.0447995653552,281.5623978201635,2241.3961634569832,107248.47828349269
nussinov,SMALL3,75000,516667,126258.0,1193.05,66.23361763684025,297.2,1511.0206374785198,40.78881147479956,1471.848837445613,517248.4782834927,342.3172824076307,433.0639956414233,1506.3030132659778,107248.47828349269
nussinov,SMALL3,100000,516667,126258.0,912.45,46.47294062706077,226.95,1140.781673915725,35.45673237395896,1109.0632026369533,517248.4782834927,453.4158376756185,566.2414378870075,1137.2424212480387,107248.47828349269
seidel-2d,MEDIUM,100,1385874,183419.0,1281662.1,159.106353043981,160368.4,1281712.8943900242,107.65236016856917,160107.3990497728,1387335.36552187,1.0824072782556442,1.0813099646154785,1279337.1172489661,107255.3655218701
seidel-2d,MEDIUM,250,1385874,183419.0,1253935.05,329.6916382255251,156808.2,1253841.0511376665,456.1451455244481,156677.10659628306,1387335.36552187,1.1064682913859603,1.1052199234721127,1252724.0193599858,107255.3655218701
seidel-2d,MEDIUM,500,1385874,183419.0,1101566.75,997.88480903622,137730.7,1101412.7215625118,1102.6586304396342,137652.24278832687,1387335.36552187,1.2595962788170234,1.25809352905759,1100801.525042148,107255.3655218701
seidel-2d,MEDIUM,750,1385874,183419.0,936921.45,1107.5917200941174,117141.1,936956.7706821265,1411.745690125813,117107.20594633621,1387335.36552187,1.48068236329821,1.4791784305930877,936533.3692700168,107255.3655218701
seidel-2d,MEDIUM,1000,1385874,183419.0,803414.85,1460.4983747445592,100445.5,803775.850456409,1542.0895147859549,100466.21006755755,1387335.36552187,1.7260227023915906,1.7249793179700377,803451.4717683108,107255.3655218701
seidel-2d,MEDIUM,2500,1385874,183419.0,418688.8,2148.678580454794,52345.75,418716.6088988217,1499.4260496197437,52347.064569679045,1387335.36552187,3.313303881521224,3.3100336096881504,418581.23301498196,107255.3655218701
seidel-2d,MEDIUM,5000,1385874,183419.0,230038.2,1091.7335128857553,28760.55,230142.56235562373,1227.9711496497084,28780.182552900285,1387335.36552187,6.028156423226551,6.024538533165361,230073.81864637774,107255.3655218701
seidel-2d,MEDIUM,7500,1385874,183419.0,158511.05,662.7831649070569,19819.0,158470.34275087048,1053.342926453032,19822.837119261545,1387335.36552187,8.754542594148894,8.743075009597124,158424.26910163162,107255.3655218701
seidel-2d,MEDIUM,10000,1385874,183419.0,121031.75,894.871168322421,15132.9,120810.82488652629,935.0728292597825,15116.249674424385,1387335.36552187,11.48353524466826,11.450499559000015,120776.17650558289,107255.3655218701
seidel-2d,MEDIUM,25000,1385874,183419.0,49882.05,542.573446398589,6238.15,49793.18683236645,618.3995094234102,6240.598453233739,1387335.36552187,27.86195168010571,27.783020144520922,49779.25941691581,107255.3655218701
seidel-2d,MEDIUM,50000,1385874,183419.0,25100.05,448.76420663628556,3140.45,25162.244312083614,443.84746863937295,3162.242808043659,1387335.36552187,55.13559713970478,55.21399359762232,25155.269115354527,107255.3655218701
seidel-2d,MEDIUM,75000,1385874,183419.0,16815.05,308.23427095226367,2104.4,16842.25264938157,364.2082797102818,2122.333709019681,1387335.36552187,82.37231648302173,82.41866661116084,16837.59995422695,107255.3655218701
seidel-2d,MEDIUM,100000,1385874,183419.0,12570.2,332.6755334050218,1573.95,12661.341167600418,316.20011135845135,1599.6221792090214,1387335.36552187,109.57254426347619,110.25075177801466,12657.850683195567,107255.3655218701
seidel-2d,MINI,100,119373,25113.0,12849.45,152.55455452153245,1766.35,12854.69215384522,141.43998199959046,1500.1237702504427,120135.3655218701,9.345643138247697,9.290125258279536,10478.91501278716,107255.3655218701
seidel-2d,MINI,250,119373,25113.0,7622.9,148.17873275914232,1021.8,7659.1198004390935,164.29365614295838,904.3651684173094,120135.3655218701,15.685270455618516,15.659788269556206,6542.088022758429,107255.3655218701
seidel-2d,MINI,500,119373,25113.0,4513.7,119.30240214637229,600.25,4510.22382111441,149.57114931132094,539.4218806648657,120135.3655218701,26.63623143478197,26.446817466823227,3899.027300750749,107255.3655218701
seidel-2d,MINI,750,119373,25113.0,3174.75,105.07935597743058,420.75,3194.2643911499003,133.41296740372564,386.8117410885111,120135.3655218701,37.609712538110436,37.60075596503662,2770.862979040163,107255.3655218701
seidel-2d,MINI,1000,119373,25113.0,2510.65,107.26027125396286,333.2,2475.0538151778455,120.84624444122254,303.363634432814,120135.3655218701,48.53848622812177,47.5466512656085,2150.675127079527,107255.3655218701
seidel-2d,MINI,2500,119373,25113.0,1051.45,59.37700689129105,141.9,1063.977442023099,82.96452312396094,138.6485518538301,120135.3655218701,112.91157197227679,113.53178943363926,928.6015581833408,107255.3655218701
seidel-2d,MINI,5000,119373,25113.0,570.25,80.23837840099372,76.4,556.5079860332345,60.318940078287724,78.33165062045477,120135.3655218701,215.87356971854067,209.33450241122316,487.7642767872595,107255.3655218701
seidel-2d,MINI,7500,119373,25113.0,383.9,59.246052500078896,52.1,382.5753813871347,49.72483760177086,57.323794541247395,120135.3655218701,314.0175018222174,310.94816358426675,336.50173214829556,107255.3655218701
seidel-2d,MINI,10000,119373,25113.0,280.95,37.28902053730533,38.6,294.4125132376958,43.29402945143179,46.52075404569118,120135.3655218701,408.05115312771386,424.8905499199146,259.7641322943002,107255.3655218701
seidel-2d,MINI,25000,119373,25113.0,136.85,25.02688028584677,19.1,131.80324497259232,27.852613434332273,25.76535787132203,120135.3655218701,911.4750213232726,872.2908293752284,117.87582952195034,107255.3655218701
seidel-2d,MINI,50000,119373,25113.0,76.2,22.6404389021991,11.25,75.16767906795994,19.992110763738133,17.907032999210088,120135.3655218701,1598.2316736592916,1566.5748031496062,68.1924823388738,107255.3655218701
seidel-2d,MINI,75000,119373,25113.0,56.55,14.590822638328447,8.45,55.56354582800342,16.487745434864568,14.978711213356526,120135.3655218701,2162.1256118849633,2110.928381962865,50.910850673380445,107255.3655218701
seidel-2d,MINI,100000,119373,25113.0,49.8,19.35431408457067,7.6,45.289197945071,14.432805668494826,13.289478812926461,120135.3655218701,2652.627358682224,2397.0481927710844,41.79871354021974,107255.3655218701
seidel-2d,MINI2,100,119390,25115.0,12820.45,148.65873139863868,1756.85,12854.69215384522,141.43998199959046,1500.1237702504427,120135.3655218701,9.345643138247697,9.312465631081592,10478.91501278716,107255.3655218701
seidel-2d,MINI2,250,119390,25115.0,7652.8,206.31774166638166,1026.9,7659.1198004390935,164.29365614295838,904.3651684173094,120135.3655218701,15.685270455618516,15.600825841522058,6542.088022758429,107255.3655218701
seidel-2d,MINI2,500,119390,25115.0,4584.0,150.47643634382374,609.7,4510.22382111441,149.57114931132094,539.4218806648657,120135.3655218701,26.63623143478197,26.044938917975568,3899.027300750749,107255.3655218701
seidel-2d,MINI2,750,119390,25115.0,3179.55,113.41283460275386,424.0,3194.2643911499003,133.41296740372564,386.8117410885111,120135.3655218701,37.609712538110436,37.54933874290387,2770.862979040163,107255.3655218701
seidel-2d,MINI2,1000,119390,25115.0,2500.9,109.30541470673136,334.1,2475.0538151778455,120.84624444122254,303.363634432814,120135.3655218701,48.53848622812177,47.738814026950294,2150.675127079527,107255.3655218701
seidel-2d,MINI2,2500,119390,25115.0,1055.6,83.9131129580818,140.2,1063.977442023099,82.96452312396094,138.6485518538301,120135.3655218701,112.91157197227679,113.10155361879501,928.6015581833408,107255.3655218701
seidel-2d,MINI2,5000,119390,25115.0,572.8,57.48464325823304,77.85,556.5079860332345,60.318940078287724,78.33165062045477,120135.3655218701,215.87356971854067,208.43226256983243,487.7642767872595,107255.3655218701
seidel-2d,MINI2,7500,119390,25115.0,392.5,42.413379219794614,53.25,382.5753813871347,49.72483760177086,57.323794541247395,120135.3655218701,314.0175018222174,304.1783439490446,336.50173214829556,107255.3655218701
seidel-2d,MINI2,10000,119390,25115.0,320.75,54.09141871819751,43.25,294.4125132376958,43.29402945143179,46.52075404569118,120135.3655218701,408.05115312771386,372.22135619641466,259.7641322943002,107255.3655218701
seidel-2d,MINI2,25000,119390,25115.0,128.6,29.582000217059456,18.05,131.80324497259232,27.852613434332273,25.76535787132203,120135.3655218701,911.4750213232726,928.3825816485225,117.87582952195034,107255.3655218701
seidel-2d,MINI2,50000,119390,25115.0,80.25,17.483450821607814,11.65,75.16767906795994,19.992110763738133,17.907032999210088,120135.3655218701,1598.2316736592916,1487.7258566978194,68.1924823388738,107255.3655218701
seidel-2d,MINI2,75000,119390,25115.0,55.4,18.79081522558575,8.45,55.56354582800342,16.487745434864568,14.978711213356526,120135.3655218701,2162.1256118849633,2155.054151624549,50.910850673380445,107255.3655218701
seidel-2d,MINI2,100000,119390,25115.0,38.8,12.055136489873258,6.1,45.289197945071,14.432805668494826,13.289478812926461,120135.3655218701,2652.627358682224,3077.0618556701033,41.79871354021974,107255.3655218701
seidel-2d,MINI3,100,186670,33525.0,77100.1,177.2244785278649,9797.45,77169.02197612313,205.50498654841928,9539.414998035181,187335.3655218701,2.4275980273513578,2.4211382345807593,74793.24483506507,107255.3655218701
seidel-2d,MINI3,250,186670,33525.0,55319.3,311.6258046203228,6984.65,55541.41110129695,370.9802401278642,6889.651591736855,187335.3655218701,3.3728953191377524,3.374410016034187,54424.37932361629,107255.3655218701
seidel-2d,MINI3,500,186670,33525.0,35671.75,370.1259920621626,4497.15,35605.5660863376,395.5668274858073,4426.348353805152,187335.3655218701,5.261406743754975,5.232992494060426,34994.36956597394,107255.3655218701
seidel-2d,MINI3,750,186670,33525.0,26048.3,353.16227073922363,3282.25,25962.417692894644,372.19353235258706,3232.9118226822266,187335.3655218701,7.215636376312509,7.166302599401881,25539.016280784905,107255.3655218701
seidel-2d,MINI3,1000,186670,33525.0,20355.55,381.18243663631694,2563.0,20393.500635593147,346.310343162951,2543.4163399450913,187335.3655218701,9.186032789040164,9.170471935172472,20069.12194749483,107255.3655218701
seidel-2d,MINI3,2500,186670,33525.0,8986.95,283.9511586986674,1133.1,8898.611347543458,249.56902038029142,1119.8128070038938,187335.3655218701,21.052202215077717,20.77122939373202,8763.235463703699,107255.3655218701
seidel-2d,MINI3,5000,186670,33525.0,4642.15,200.58316952011907,587.0,4596.810163063891,184.3915637350463,586.8431568102893,187335.3655218701,40.753339571675134,40.211970746313675,4528.066453817916,107255.3655218701
seidel-2d,MINI3,7500,186670,33525.0,3143.65,130.72601923589343,398.1,3105.674270741213,152.78197945978724,401.7871756763132,187335.3655218701,60.320352100917475,59.3800200403989,3059.600621502374,107255.3655218701
seidel-2d,MINI3,10000,186670,33525.0,2355.4,131.8948544545197,298.45,2348.8073270071523,133.2904784751135,307.57948089499524,187335.3655218701,79.75765545681118,79.25193173134075,2314.1589460637565,107255.3655218701
seidel-2d,MINI3,25000,186670,33525.0,980.0,93.72805006198013,125.5,966.1324315196321,85.43270067559864,134.11063401590772,187335.3655218701,193.90236722227598,190.4795918367347,952.2050160689901,107255.3655218701
seidel-2d,MINI3,50000,186670,33525.0,489.05,58.4532876928686,63.25,498.84325373853767,60.68553534441902,74.65640187776403,187335.3655218701,375.5395389591848,381.69921275943153,491.86805700945155,107255.3655218701
seidel-2d,MINI3,75000,186670,33525.0,347.75,44.03333067718492,45.55,342.09088730788244,49.63802342151144,54.50161700130972,187335.3655218701,547.6186957101488,536.7936736161035,337.4381921532595,107255.3655218701
seidel-2d,MINI3,100000,186670,33525.0,263.9,47.16030891376886,34.8,263.2579111308117,43.050029212430054,44.245575679731125,187335.3655218701,711.6039351568962,707.351269420235,259.76742672596043,107255.3655218701
seidel-2d,SMALL,100,221854,37923.0,114309.15,215.20572165158143,14448.05,114325.74132495871,171.36336081048472,14184.00491663963,222535.3655218701,1.9465027118375473,1.9408245096739851,111949.96418390065,107255.3655218701
seidel-2d,SMALL,250,221854,37923.0,90976.7,407.78865785316253,11438.25,91199.237897472,392.7771687490911,11346.879941258738,222535.3655218701,2.4401011527316574,2.438580427735893,90082.20611979134,107255.3655218701
seidel-2d,SMALL,500,221854,37923.0,62460.75,506.82103921352063,7843.4,62479.86840362265,476.10081323769214,7785.636143465783,222535.3655218701,3.5617130958772516,3.5518945898023957,61868.67188325898,107255.3655218701
seidel-2d,SMALL,750,221854,37923.0,46803.5,452.60573059609027,5875.6,46792.67982509377,469.1223201231594,5836.694589207129,222535.3655218701,4.7557730472733,4.740115589646074,46369.27841298404,107255.3655218701
seidel-2d,SMALL,1000,221854,37923.0,37361.8,316.02957889546053,4690.0,37281.54969338819,446.94615137175396,4654.422472179936,222535.3655218701,5.9690481579239805,5.937990139661365,36957.17100528987,107255.3655218701
seidel-2d,SMALL,2500,221854,37923.0,16868.45,366.6705785277771,2117.85,16702.64163148946,336.4195535907432,2095.318601744121,222535.3655218701,13.323363479362724,13.152008631498449,16567.2657476497,107255.3655218701
seidel-2d,SMALL,5000,221854,37923.0,8644.3,277.0694573758104,1086.45,8695.979751641615,252.2583718685847,1099.3393080787387,222535.3655218701,25.59060300018065,25.664773318834378,8627.23604239564,107255.3655218701
seidel-2d,SMALL,7500,221854,37923.0,5780.3,205.01889514974238,726.8,5884.34222830661,210.0508135842484,749.4441325323509,222535.3655218701,37.81822281704901,38.38105288652838,5838.2685790677715,107255.3655218701
seidel-2d,SMALL,10000,221854,37923.0,4457.35,138.5751838495889,561.5,4450.50870867352,183.70644647422188,570.8320481124715,222535.3655218701,50.002231225427046,49.77262274669927,4415.8603277301245,107255.3655218701
seidel-2d,SMALL,25000,221854,37923.0,1842.7,108.57502863046024,233.2,1820.3058071730254,118.26862065679288,241.81006518126904,222535.3655218701,122.25163741441465,120.39615781190643,1806.3783917223834,107255.3655218701
seidel-2d,SMALL,50000,221854,37923.0,925.45,87.00784901072825,117.75,928.4413504949882,84.1307818670286,129.12387231643325,222535.3655218701,239.6870469020233,239.72553892700847,921.466153765902,107255.3655218701
seidel-2d,SMALL,75000,221854,37923.0,605.75,72.86315580376827,77.6,629.2900687876089,68.83137619690781,91.06462073987002,222535.3655218701,353.6292348465105,366.24680148576147,624.6373736329859,107255.3655218701
seidel-2d,SMALL,100000,221854,37923.0,465.3,62.25676881398434,60.2,479.3127815482002,59.672055799122454,71.91020226560507,222535.3655218701,464.2800569662917,476.79776488287126,475.8222971433489,107255.3655218701
seidel-2d,SMALL2,100,365042,55815.0,259903.2,149.60319444942672,32646.5,259990.00152754117,133.8935300858328,32392.03744196244,366535.3655218701,1.4098056208636254,1.4045306098578239,257614.2243864831,107255.3655218701
seidel-2d,SMALL2,250,365042,55815.0,234292.3,424.1086131988763,29353.3,234227.88033939133,427.8120232953389,29225.46024649865,366535.3655218701,1.564866509446988,1.5580623008097152,233110.84856171065,107255.3655218701
seidel-2d,SMALL2,500,365042,55815.0,178905.5,670.7488744914745,22401.65,179007.25289792585,662.2078388495657,22351.55920525369,366535.3655218701,2.0476006395722814,2.040417986031732,178396.0563775622,107255.3655218701
seidel-2d,SMALL2,750,365042,55815.0,140630.75,813.8622588102928,17603.55,140779.46552328413,714.1244900471033,17585.042801480926,366535.3655218701,2.6036138449555857,2.5957480849671923,140356.0641111744,107255.3655218701
seidel-2d,SMALL2,1000,365042,55815.0,115291.85,551.4682101826959,14431.9,115231.76487193808,712.85934647486,14398.199369498676,366535.3655218701,3.1808535253210457,3.1662428870731105,114907.38618383976,107255.3655218701
seidel-2d,SMALL2,2500,365042,55815.0,54339.6,446.70105392639005,6802.25,54407.959849873936,585.0495892959957,6808.483438560548,366535.3655218701,6.736796721164309,6.717789604634557,54272.58396603418,107255.3655218701
seidel-2d,SMALL2,5000,365042,55815.0,28690.2,568.7957361599019,3592.1,28832.26741271801,451.8411941098758,3616.395670367682,366535.3655218701,12.712679175561131,12.723578085896927,28763.523703472038,107255.3655218701
seidel-2d,SMALL2,7500,365042,55815.0,19492.95,526.401135317125,2441.5,19610.491864892436,379.99160328196393,2465.3546119717194,366535.3655218701,18.69077879571485,18.726873048974117,19564.418215653597,107255.3655218701
seidel-2d,SMALL2,10000,365042,55815.0,14929.95,304.2487685396521,1870.45,14861.03949302099,333.9900822612665,1872.5163646659778,366535.3655218701,24.664180839705168,24.450316310503382,14826.391112077594,107255.3655218701
seidel-2d,SMALL2,25000,365042,55815.0,5993.85,230.16362029057322,752.2,6071.18141868743,216.94928815547652,774.8356174969231,366535.3655218701,60.37298842588596,60.902758660960814,6057.254003236788,107255.3655218701
seidel-2d,SMALL2,50000,365042,55815.0,3063.4,189.66629975606602,385.4,3069.625035887462,154.7835623656333,398.78326238198275,366535.3655218701,119.40721138140597,119.16236861004113,3062.649839158376,107255.3655218701
seidel-2d,SMALL2,75000,365042,55815.0,2064.4,140.32271077019115,260.45,2060.513421760341,126.75986773965089,271.78513398264965,366535.3655218701,177.8854540091911,176.8271652780469,2055.860726605718,107255.3655218701
seidel-2d,SMALL2,100000,365042,55815.0,1578.1,75.5533272805235,199.35,1554.2368782371846,109.94294856771653,207.87538935168934,366535.3655218701,235.82979573718166,231.31740700842786,1550.7463938323333,107255.3655218701
seidel-2d,SMALL3,100,566626,81013.0,462284.4,193.16597717207173,57942.75,462346.5236808148,112.49185016591537,57686.60271112164,568135.3655218701,1.2288085589978126,1.2257086763040241,459970.7465397567,107255.3655218701
seidel-2d,SMALL3,250,566626,81013.0,440129.8,429.34093923741256,55084.85,440244.8016303243,400.8510357785309,54977.57540786527,568135.3655218701,1.2904987484643513,1.2874065786956486,439127.7698526436,107255.3655218701
seidel-2d,SMALL3,500,566626,81013.0,364551.9,719.4761910401813,45606.2,364606.7127104391,775.7703871646806,45551.49168181784,568135.3655218701,1.5582142229319513,1.554308179438922,363995.51619007543,107255.3655218701
seidel-2d,SMALL3,750,566626,81013.0,299193.45,973.3889510365298,37426.2,299081.9201851418,912.0803791793849,37372.84963421313,568135.3655218701,1.8995978264756865,1.8938449354422697,298658.51877303206,107255.3655218701
seidel-2d,SMALL3,1000,566626,81013.0,251187.9,783.3879122456722,31418.45,250886.5271594522,952.6293090559908,31355.04465543794,568135.3655218701,2.2645112591509897,2.255785410045627,250562.1484713539,107255.3655218701
seidel-2d,SMALL3,2500,566626,81013.0,124298.45,1103.2659876356593,15546.15,124562.94655025438,851.1441408890206,15577.85677610813,568135.3655218701,4.561030236167851,4.558592645362834,124427.57066641461,107255.3655218701
seidel-2d,SMALL3,5000,566626,81013.0,67038.9,891.0176854526925,8386.25,67228.79891378603,676.8914218660813,8415.962122669986,568135.3655218701,8.450773696707639,8.452197157172925,67160.05520454005,107255.3655218701
seidel-2d,SMALL3,7500,566626,81013.0,46271.35,504.20466552466837,5788.2,46005.08969012702,574.903655364474,5764.680485320267,568135.3655218701,12.349402410659696,12.24572008380996,45959.01604088818,107255.3655218701
seidel-2d,SMALL3,10000,566626,81013.0,35079.8,467.724232742688,4388.9,34964.73078412279,507.8171177570823,4385.487847254389,568135.3655218701,16.248812811676387,16.152486616229282,34930.082403179396,107255.3655218701
seidel-2d,SMALL3,25000,566626,81013.0,14278.5,266.188002418552,1787.85,14340.9115811776,332.8275443913331,1808.996368059636,568135.3655218701,39.61640529654655,39.68386034947648,14326.984165726957,107255.3655218701
seidel-2d,SMALL3,50000,566626,81013.0,7235.35,233.1580162171477,907.25,7244.476701917515,238.16468013198775,921.8448103043277,568135.3655218701,78.42324420361409,78.31355774081419,7237.501505188429,107255.3655218701
seidel-2d,SMALL3,75000,566626,81013.0,4852.4,209.53291413346773,609.1,4853.175886357908,195.23661240648184,622.3043449158849,568135.3655218701,117.06465597483843,116.7723188525266,4848.523191203285,107255.3655218701
seidel-2d,SMALL3,100000,566626,81013.0,3613.95,220.33263728424706,454.15,3652.4283906280602,169.41809516396327,471.5948143605462,568135.3655218701,155.55003541744327,156.78855545870863,3648.9379062232088,107255.3655218701
symm,MEDIUM,100,1193979,159432.0,788578.4,941.4558379110689,98726.45,788560.5224777827,867.1708838212659,98463.17263032171,1195409.2716419767,1.515938520338059,1.5140904189107893,786184.3413827294,107249.27164197665
symm,MEDIUM,250,1193979,159432.0,545810.0,1116.7969235366884,68299.15,545491.1682458852,1241.7296392901521,68133.37064432584,1195409.2716419767,2.1914365277186945,2.1875359557355125,544374.5486186689,107249.27164197665
symm,MEDIUM,500,1193979,159432.0,347524.8,1349.8878549911556,43478.5,348075.0482456203,1254.6508236975405,43484.99043837547,1195409.2716419767,3.4343434775549677,3.4356655985414566,347463.7151270349,107249.27164197665
symm,MEDIUM,750,1193979,159432.0,253981.15,1269.57739653377,31772.35,254101.40929481163,1170.9839754738236,31750.250764244654,1195409.2716419767,4.704457464283671,4.701053601812576,253677.8671690891,107249.27164197665
symm,MEDIUM,1000,1193979,159432.0,200114.65,831.610376571294,25034.45,199829.23824687608,1087.7864833521828,24972.85790031561,1195409.2716419767,5.982153973709923,5.966474718367696,199504.7589845404,107249.27164197665
symm,MEDIUM,2500,1193979,159432.0,87373.95,852.5292077107985,10931.95,87388.21096775986,785.2491368614993,10931.009040751918,1195409.2716419767,13.67929676559003,13.665159924668624,87252.83063210157,107249.27164197665
symm,MEDIUM,5000,1193979,159432.0,45049.65,645.1771095068232,5637.75,45086.40533938436,581.3276002839037,5648.161668470601,1195409.2716419767,26.513740952369737,26.503624334484286,45017.67249968797,107249.27164197665
symm,MEDIUM,7500,1193979,159432.0,30496.55,366.6145939898136,3817.8,30391.977755350134,482.0683185192017,3813.0411098279687,1195409.2716419767,39.33305299394475,39.15128104654461,30345.91498011334,107249.27164197665
symm,MEDIUM,10000,1193979,159432.0,23104.4,479.01822841922706,2893.6,22929.25416025341,420.74939157030263,2881.0532230842505,1195409.2716419767,52.134677529727604,51.67755925278302,22894.61540736217,107249.27164197665
symm,MEDIUM,25000,1193979,159432.0,9275.45,251.39724802747838,1163.7,9297.499106164041,269.896032340208,1178.6120494461168,1195409.2716419767,128.5732064065966,128.72464408734885,9283.576681956187,107249.27164197665
symm,MEDIUM,50000,1193979,159432.0,4667.2,175.13561662473546,587.0,4694.309016158056,191.7775359005175,603.3405593732822,1195409.2716419767,254.6507414674483,255.82340589646898,4687.336516915769,107249.27164197665
symm,MEDIUM,75000,1193979,159432.0,3163.55,157.52810108542207,398.95,3152.3559602248715,156.8533565953974,410.11815578362297,1195409.2716419767,379.21138561925056,377.4174582352104,3147.705109159425,107249.27164197665
symm,MEDIUM,100000,1193979,159432.0,2363.3,127.53414403498702,298.85,2379.6538060683006,135.96003164276524,312.9762020146174,1195409.2716419767,502.34587425851225,505.2168577836076,2376.1647220207747,107249.27164197665
symm,MINI,100,119602,25140.0,5019.35,174.19175006145863,785.65,5040.865486734666,145.63677347367627,523.2155062541304,120209.27164197665,23.846950877446428,23.828184924342793,2664.6843916813286,107249.27164197665
symm,MINI,250,119602,25140.0,2339.15,99.90325583441103,363.25,2327.2423736604587,102.40432788444554,237.8736500489697,120209.27164197665,51.65309509765527,51.130538870957395,1210.622746444231,107249.27164197665
symm,MINI,500,119602,25140.0,1261.25,109.52042587668532,195.8,1267.8230782211613,75.37143235031714,133.8797299689444,120209.27164197665,94.81549413869175,94.82814667988107,656.489959635824,107249.27164197665
symm,MINI,750,119602,25140.0,882.8,83.17299663004243,137.25,885.763516214636,62.43440839731677,97.62573815622416,120209.27164197665,135.71260211269285,135.4802899864069,462.22139049208295,107249.27164197665
symm,MINI,1000,119602,25140.0,676.9,79.00293132469668,103.35,687.3468701425513,54.48237780457384,78.91873032564155,120209.27164197665,174.88880340292525,176.6907962771458,362.8676078069018,107249.27164197665
symm,MINI,2500,119602,25140.0,313.4,56.20301546508356,49.4,313.57701678776266,35.08744813385694,43.221104834174795,120209.27164197665,383.3484764712125,381.6273133375878,178.19668112946644,107249.27164197665
symm,MINI,5000,119602,25140.0,181.0,36.644810072685026,28.6,179.19621922383732,25.610337624392507,29.81448072435563,120209.27164197665,670.824820761542,660.7845303867404,110.46337952745019,107249.27164197665
symm,MINI,7500,119602,25140.0,133.6,19.010800254481392,21.0,130.1993834701113,21.761899274460337,24.608052419332676,120209.27164197665,923.2706671731055,895.2245508982036,84.13660823331601,107249.27164197665
symm,MINI,10000,119602,25140.0,113.6,30.385938576221317,17.95,103.75050583230713,19.561236456841467,21.524258322000023,120209.27164197665,1158.6379331612318,1052.8345070422536,69.11175294106604,107249.27164197665
symm,MINI,25000,119602,25140.0,46.4,13.754999091239517,7.95,49.00066373650465,14.039166430513285,13.120423752802507,120209.27164197665,2453.2172112685653,2577.6293103448274,35.078239528649796,107249.27164197665
symm,MINI,50000,119602,25140.0,30.3,15.221522159170064,5.15,26.631243450427274,10.651644476299055,8.035093987133768,120209.27164197665,4513.843743937086,3947.260726072607,19.65874420814011,107249.27164197665
symm,MINI,75000,119602,25140.0,17.0,9.67906041546987,2.6,18.341907417422114,8.946536158257945,5.783833042360479,120209.27164197665,6553.804296700109,7035.411764705882,13.691056351975439,107249.27164197665
symm,MINI,100000,119602,25140.0,12.9,9.31834636335055,2.25,13.996943703699165,7.86682827106966,4.5158683987369646,120209.27164197665,8588.251420215922,9271.472868217053,10.50785965617343,107249.27164197665
symm,MINI2,100,135599,27140.0,10340.2,286.771062182472,1452.45,10398.189838081953,214.43902962862032,1192.8810503591212,136209.27164197667,13.099325340563487,13.113769559582986,8022.008743028616,107249.27164197665
symm,MINI2,250,135599,27140.0,4868.65,146.29864013470245,677.95,4842.453589317208,162.50564070145813,552.2813108629301,136209.27164197667,28.128152212437072,27.85145779630904,3725.8339621009804,107249.27164197665
symm,MINI2,500,135599,27140.0,2573.2,130.9120234918735,359.1,2600.968320695122,122.96795065054864,300.72749704451843,136209.27164197667,52.36867767984734,52.69664231307322,1989.635202109785,107249.27164197665
symm,MINI2,750,135599,27140.0,1798.45,89.02895744171046,251.9,1793.5464214979258,102.81482542261527,211.72910294763358,136209.27164197667,75.94410159075673,75.39770357808112,1370.0042957753728,107249.27164197665
symm,MINI2,1000,135599,27140.0,1386.55,95.53036166580755,195.0,1376.1709991935527,90.13735500303918,166.08306097010248,136209.27164197667,98.97699611588705,97.7959684108038,1051.6917368579032,107249.27164197665
symm,MINI2,2500,135599,27140.0,586.4,59.18339027303631,83.3,597.586119581652,58.35979672566506,80.71690872862138,136209.27164197667,227.93245555524572,231.23976807639838,462.2057839233558,107249.27164197665
symm,MINI2,5000,135599,27140.0,331.7,60.773176215896605,47.6,328.1183390531012,41.64594301565955,50.17665768477667,136209.27164197667,415.12239771496945,408.8001205908954,259.3854993567141,107249.27164197665
symm,MINI2,7500,135599,27140.0,236.2,38.05065875354785,34.3,236.23560263700986,34.193231288656435,39.420624279783034,136209.27164197667,576.5823191827286,574.0855207451312,190.17282740021457,107249.27164197665
symm,MINI2,10000,135599,27140.0,195.6,33.27303317766665,28.35,189.17656006688082,29.823620134906182,33.81069667479418,136209.27164197667,720.0113565540134,693.2464212678937,154.53780717563973,107249.27164197665
symm,MINI2,25000,135599,27140.0,101.0,20.206825319027338,15.6,96.7509628653055,20.309836594053397,22.325374862746234,136209.27164197667,1407.8337580123532,1342.5643564356435,82.82853865745065,107249.27164197665
symm,MINI2,50000,135599,27140.0,53.4,16.490507636372605,8.55,57.82767243565014,15.961905223006928,16.282859506549173,136209.27164197667,2355.4341010966423,2539.307116104869,50.85517319336298,107249.27164197665
symm,MINI2,75000,135599,27140.0,48.0,17.549928774784245,7.6,42.01219501969335,13.848243303568097,13.01831835118357,136209.27164197667,3242.1365172214432,2824.9791666666665,37.36134395424668,107249.27164197665
symm,MINI2,100000,135599,27140.0,32.1,14.603171969779282,5.25,33.145638371369806,12.45081496522958,10.85201259129488,136209.27164197667,4109.41765899522,4224.267912772585,29.656554323844073,107249.27164197665
symm,MINI3,100,151603,29141.0,17312.75,345.74935780280566,2325.05,17244.423281151572,269.4214014585559,2048.660230742824,152209.27164197667,8.826579419930141,8.75672553464932,14868.242186098236,107249.27164197665
symm,MINI3,250,151603,29141.0,8290.35,162.46887151244226,1107.45,8192.525680678616,215.16457110336154,971.0403236746027,152209.27164197667,18.5790411375761,18.286682709415164,7075.9060534623895,107249.27164197665
symm,MINI3,500,151603,29141.0,4428.35,178.24089996701827,593.05,4401.060967325853,165.82508116741374,525.7419765451583,152209.27164197667,34.58467691586222,34.23464721623178,3789.7278487405165,107249.27164197665
symm,MINI3,750,151603,29141.0,3015.3,163.48993208982878,402.75,3023.874572455493,139.48664352037315,365.55627916083125,152209.27164197667,50.33584164781589,50.2779159619275,2600.33244673294,107249.27164197665
symm,MINI3,1000,151603,29141.0,2299.85,122.25825771270983,308.9,2310.8903981781355,122.64589557105525,283.0455086200497,152209.27164197667,65.86607126066028,65.91864686827402,1986.411135842486,107249.27164197665
symm,MINI3,2500,151603,29141.0,1006.75,77.83780369595824,136.7,981.4675061945895,79.80456141298276,129.51034425844367,152209.27164197667,155.08335291927543,150.58654084926744,846.0871705362932,107249.27164197665
symm,MINI3,5000,151603,29141.0,539.1,59.840929488981544,74.2,522.6225504069472,57.01836844444562,75.54713223082923,152209.27164197667,291.2413012478257,281.2149879428677,453.8897107105601,107249.27164197665
symm,MINI3,7500,151603,29141.0,368.45,36.45974709038363,51.2,367.281711559759,46.73318259692935,56.77601305155626,152209.27164197667,414.42104752665114,411.46152802279823,321.2189363229637,107249.27164197665
symm,MINI3,10000,151603,29141.0,295.65,37.906082000538895,41.8,288.9378669803664,40.56779407250004,47.142136569164194,152209.27164197667,526.7889364335878,512.7786233722308,254.29911408912528,107249.27164197665
symm,MINI3,25000,151603,29141.0,133.5,22.343019632891824,19.8,143.69191940658644,26.226302234561263,28.87716401379734,152209.27164197667,1059.2750954303128,1135.6029962546816,129.7694951987316,107249.27164197665
symm,MINI3,50000,151603,29141.0,96.15,20.165825703793768,14.3,88.14819885080057,19.839899964178542,21.49189810148151,152209.27164197667,1726.7428447358943,1576.7342693707747,81.1756996085134,107249.27164197665
symm,MINI3,75000,151603,29141.0,74.95,15.226275765406672,11.25,65.91478332494663,17.232086452357294,18.043527542609414,152209.27164197667,2309.182613733486,2022.7218145430286,61.26393225949995,107249.27164197665
symm,MINI3,100000,151603,29141.0,56.4,11.357353286933119,8.65,53.221279666221214,15.635224379440281,15.715333329372388,152209.27164197667,2859.932579535131,2687.996453900709,49.73219561869548,107249.27164197665
symm,SMALL,100,212407,36741.0,48346.9,508.2265242979758,6201.2,48344.0469967439,407.6014959341049,5936.113195191863,213009.27164197667,4.406111711258336,4.393394405846083,45967.86590169056,107249.27164197665
symm,SMALL,250,212407,36741.0,24573.15,378.8841337956833,3143.4,24596.687345555278,363.2061553253711,3021.5605317845984,213009.27164197667,8.6600796542006,8.643865357107249,23480.06771833905,107249.27164197665
symm,SMALL,500,212407,36741.0,13539.15,356.6573285381913,1730.45,13496.862673620257,293.01865739199616,1662.7172418754658,213009.27164197667,15.782132247541146,15.688355620552251,12885.52955503492,107249.27164197665
symm,SMALL,750,212407,36741.0,9288.6,258.7761479287497,1186.7,9309.519926980638,250.57393603111612,1151.2645931956292,213009.27164197667,22.880800869724556,22.867493486639535,8885.977801258085,107249.27164197665
symm,SMALL,1000,212407,36741.0,7143.9,209.5543893724567,914.0,7112.2948376756185,222.18199072366104,883.2399674155758,213009.27164197667,29.949443393939866,29.732639034700934,6787.815575339969,107249.27164197665
symm,SMALL,2500,212407,36741.0,3009.95,168.8971892197019,387.35,2969.5817641673143,146.75418770155247,378.65375661250016,213009.27164197667,71.73039456675998,70.56828186514727,2834.201428509018,107249.27164197665
symm,SMALL,5000,212407,36741.0,1485.95,79.3668862409188,192.55,1530.5472150380028,105.35522860250896,203.24996580039706,213009.27164197667,139.17197035746966,142.94357145260608,1461.8143753416157,107249.27164197665
symm,SMALL,7500,212407,36741.0,1055.55,96.27453890881672,137.45,1043.2497386602715,86.48277990851489,143.36259318154924,213009.27164197667,204.17860052907423,201.22874330917531,997.1869634234763,107249.27164197665
symm,SMALL,10000,212407,36741.0,788.45,91.17506295727554,103.35,797.8514615375751,75.10566157674683,112.8964755998745,213009.27164197667,266.97860680918853,269.39818631492165,763.212708646334,107249.27164197665
symm,SMALL,25000,212407,36741.0,328.55,40.17262094616445,44.05,352.40343738008255,47.76190655694383,56.49866105945439,213009.27164197667,604.447201836561,646.4982498858622,338.4810131722277,107249.27164197665
symm,SMALL,50000,212407,36741.0,198.7,28.80624932197873,27.1,201.8302732436931,33.92996044870949,36.909797189397935,213009.27164197667,1055.3881150662955,1068.983392048314,194.85777400140594,107249.27164197665
symm,SMALL,75000,212407,36741.0,148.05,33.227247854735126,20.45,149.97174950223703,27.975429982475756,30.080718613984303,213009.27164197667,1420.329311013334,1434.6977372509286,145.32089843679034,107249.27164197665
symm,SMALL,100000,212407,36741.0,118.9,23.63071150676148,16.9,122.66766431164068,24.599605928718507,26.453581949317822,213009.27164197667,1736.4745048118025,1786.4339781328847,119.17858026411494,107249.27164197665
symm,SMALL2,100,344356,53234.0,131588.0,379.2432908888609,16606.9,131510.69058257056,575.5493933087224,16331.943643420198,345009.27164197667,2.6234313736293435,2.6169255555217803,129134.50948751724,107249.27164197665
symm,SMALL2,250,344356,53234.0,73291.5,538.0160925004702,9230.0,73181.35507130985,583.4713779087496,9094.643997503921,345009.27164197667,4.714442241548964,4.6984438850344175,72064.73544409362,107249.27164197665
symm,SMALL2,500,344356,53234.0,41614.25,452.0287455926952,5239.95,41696.66403160706,498.6592560789281,5187.692411623824,345009.27164197667,8.274265571472371,8.27495389199613,41085.330913021724,107249.27164197665
symm,SMALL2,750,344356,53234.0,29150.25,227.8905265807753,3670.7,29127.115886661908,435.75702673764255,3628.464088225936,345009.27164197667,11.844951384286068,11.813140539103438,28703.573760939355,107249.27164197665
symm,SMALL2,1000,344356,53234.0,22341.4,337.5938699867497,2814.05,22381.615398733036,390.78568738896377,2791.9050442977277,345009.27164197667,15.41485122925965,15.413358160186917,22057.13613639739,107249.27164197665
symm,SMALL2,2500,344356,53234.0,9368.2,207.48889634210104,1181.75,9388.592121441083,263.63514334912674,1181.0566564236512,345009.27164197667,36.747711177490174,36.75796844644648,9253.211785782787,107249.27164197665
symm,SMALL2,5000,344356,53234.0,4787.45,172.69793373341054,605.5,4796.527093298617,190.58362942042658,611.913156207966,345009.27164197667,71.92897380356723,71.92889742973817,4727.79425360223,107249.27164197665
symm,SMALL2,7500,344356,53234.0,3268.05,160.88455324761358,414.55,3234.5676444159753,156.7890246821905,418.25589101203366,345009.27164197667,106.6631802360314,105.37048086779578,3188.50486917918,107249.27164197665
symm,SMALL2,10000,344356,53234.0,2455.9,139.57450377939077,312.2,2447.2622823833535,136.3091862289549,320.49656496441446,345009.27164197667,140.9776443356848,140.21580683252574,2412.6235294921125,107249.27164197665
symm,SMALL2,25000,344356,53234.0,1037.35,79.99886512352928,133.4,1017.7156726037774,86.84745748528948,141.66254717491753,345009.27164197667,339.00359494247226,331.9573914300863,1003.7932483959225,107249.27164197665
symm,SMALL2,50000,344356,53234.0,511.0,45.21294644585543,66.95,536.5894965142116,61.57934901448015,80.30489730727723,345009.27164197667,642.9668748330392,673.8864970645792,529.6169972719244,107249.27164197665
symm,SMALL2,75000,344356,53234.0,388.7,47.55063782847436,51.3,375.4860214234268,50.33033952557855,59.47376957590002,345009.27164197667,918.8338631997109,885.9171597633136,370.83517035798013,107249.27164197665
symm,SMALL2,100000,344356,53234.0,300.75,45.1020772073865,40.2,294.7040327086551,43.617612604720485,48.956554679789434,345009.27164197667,1170.69749087232,1144.9908561928512,291.21494866112937,107249.27164197665
symm,SMALL3,100,717979,99932.0,409063.7,600.2248789105265,51288.25,409246.5900857063,767.1324157691799,51048.93108131216,719409.2716419767,1.7578870272109406,1.7551765165180875,406870.408990653,107249.27164197665
symm,SMALL3,250,717979,99932.0,259937.8,861.4956150421439,32563.6,259939.6131005578,958.5402740550271,32439.42625115991,719409.2716419767,2.767601532759352,2.762118476035421,258822.99347334157,107249.27164197665
symm,SMALL3,500,717979,99932.0,157772.45,957.1438584609223,19758.85,157842.45199672593,901.4870446524518,19705.91590726368,719409.2716419767,4.557767967624446,4.550724793840749,157231.11887814058,107249.27164197665
symm,SMALL3,750,717979,99932.0,112541.4,653.3622675297149,14095.9,112923.6803745154,816.9880587664162,14103.034649207622,719409.2716419767,6.370756507900117,6.379687830433956,112500.13824879285,107249.27164197665
symm,SMALL3,1000,717979,99932.0,87918.7,1011.941703126379,11011.4,87844.61830926874,746.8727637484889,10974.780408114691,719409.2716419767,8.189565684140149,8.166396909872416,87520.1390469331,107249.27164197665
symm,SMALL3,2500,717979,99932.0,37505.85,511.50379686814307,4699.0,37630.549363275626,522.5032844994424,4711.301340191388,719409.2716419767,19.117692508206165,19.143120339893645,37495.16902761733,107249.27164197665
symm,SMALL3,5000,717979,99932.0,19304.85,348.38669909349744,2420.5,19288.180672606104,382.49604739404083,2423.383584118558,719409.2716419767,37.29793306341807,37.191638370668514,19219.44783290972,107249.27164197665
symm,SMALL3,7500,717979,99932.0,13010.85,264.630084417754,1631.95,12981.196299041625,315.9753752095803,1636.693239384018,719409.2716419767,55.41933540401736,55.18309718427312,12935.13352380483,107249.27164197665
symm,SMALL3,10000,717979,99932.0,9819.75,237.78337664884452,1232.6,9790.341752098218,275.25528724568125,1238.6865798408728,719409.2716419767,73.48152800567931,73.11581252068535,9755.702999206977,107249.27164197665
symm,SMALL3,25000,717979,99932.0,3955.05,169.1242069262146,498.6,3981.5640533000847,175.97566157285118,513.8501325914177,719409.2716419767,180.6850930969453,181.53474671622357,3967.64162909223,107249.27164197665
symm,SMALL3,50000,717979,99932.0,2038.45,148.6474015918206,258.4,2024.6162541045196,124.912543694589,268.61351842842896,719409.2716419767,355.33117457864563,352.2181068949447,2017.6437548622325,107249.27164197665
symm,SMALL3,75000,717979,99932.0,1332.05,113.68630663272279,169.85,1369.2760322705103,102.13093312201183,185.87258815354647,719409.2716419767,525.3938977147394,539.0030404264104,1364.6251812050637,107249.27164197665
symm,SMALL3,100000,717979,99932.0,1027.7,100.27126365908367,131.4,1040.8852479837708,88.51177013377608,144.17601011635963,719409.2716419767,691.1513762304695,698.6270312347962,1037.396163936245,107249.27164197665
syr2k,MEDIUM,100,1334765,177030.0,932654.75,743.3632585825933,116740.0,932597.460344152,740.5171142530027,116467.96932756521,1336198.3028343446,1.4327706858018396,1.4311458768638663,930222.1941450612,107246.30283434455
syr2k,MEDIUM,250,1334765,177030.0,664496.45,1174.1764627982766,83131.8,664297.5298994208,1323.20411509205,82984.22886400881,1336198.3028343446,2.0114455386228127,2.008686427143441,663181.2060498863,107246.30283434455
syr2k,MEDIUM,500,1334765,177030.0,423636.7,1184.9474383190823,52993.0,424139.85593792715,1384.052083495555,52993.122380123954,1336198.3028343446,3.1503719448376883,3.150730330965188,423528.66649789957,107246.30283434455
syr2k,MEDIUM,750,1334765,177030.0,308536.55,1273.5936505974357,38592.85,308935.8094846126,1296.3276829720778,38604.59008619881,1336198.3028343446,4.325164845938319,4.326116306155624,308512.5123026402,107246.30283434455
syr2k,MEDIUM,1000,1334765,177030.0,242381.85,813.3187550821795,30319.15,242534.22447093658,1204.1264490698522,30311.023002701666,1336198.3028343446,5.509318553903571,5.506868604229235,242210.0277220673,107246.30283434455
syr2k,MEDIUM,2500,1334765,177030.0,105761.0,868.7712435872915,13230.7,105608.9060037341,866.1411693264154,13208.626765432191,1336198.3028343446,12.652325958069289,12.620578474106713,105473.7515969191,107246.30283434455
syr2k,MEDIUM,5000,1334765,177030.0,54437.85,489.4775168214411,6811.65,54381.671569080354,639.7897667418598,6810.088683354944,1336198.3028343446,24.570747170523962,24.51906164552788,54313.078202450335,107246.30283434455
syr2k,MEDIUM,7500,1334765,177030.0,36637.95,505.4166051257541,4585.15,36627.72034214552,530.093179995165,4592.522246146578,1336198.3028343446,36.4805205006672,36.431214082665655,36581.75712599761,107246.30283434455
syr2k,MEDIUM,10000,1334765,177030.0,27648.05,453.05483286126287,3461.5,27619.390939681838,462.45805013663613,3467.330632246175,1336198.3028343446,48.378992344634845,48.27700326062779,27584.829425512256,107246.30283434455
syr2k,MEDIUM,25000,1334765,177030.0,11204.2,260.3124842831871,1404.9,11178.779424846576,296.40271952104456,1413.8011288847283,1336198.3028343446,119.52989249116375,119.13077238892558,11164.889817792122,107246.30283434455
syr2k,MEDIUM,50000,1334765,177030.0,5583.45,172.61715320021742,701.6,5632.440426665183,210.53807449539786,720.9571728662979,1336198.3028343446,237.23256734478625,239.05739283059756,5625.484666775851,107246.30283434455
syr2k,MEDIUM,75000,1334765,177030.0,3769.95,208.7333920276495,474.9,3775.8345814997906,172.1679936035697,488.79813601144514,1336198.3028343446,353.88157875909815,354.0537672913434,3771.1949643013345,107246.30283434455
syr2k,MEDIUM,100000,1334765,177030.0,2865.3,171.37926546574693,361.75,2845.810845949988,149.21864945520633,372.2575002609328,1336198.3028343446,469.5316643184326,465.8377831291662,2842.3302152767683,107246.30283434455
syr2k,MINI,100,123596,25639.0,6439.8,159.36571644788398,962.3,6417.972460116518,169.04769983223713,695.5333420607834,124198.30283434455,19.35164159805225,19.192521506879096,4042.706261025793,107246.30283434455
syr2k,MINI,250,123596,25639.0,3009.2,159.1294077820081,446.7,2934.498409598249,121.30815225184713,313.8499101406141,124198.30283434455,42.32352024049931,41.07271035491161,1818.1745600637717,107246.30283434455
syr2k,MINI,500,123596,25639.0,1615.55,114.0639132933351,240.4,1578.069710377976,89.69561350336039,172.88820944187594,124198.30283434455,78.70267201605233,76.50397697378602,966.8802703503957,107246.30283434455
syr2k,MINI,750,123596,25639.0,1107.2,90.40353975370655,165.2,1092.5380885916354,74.37079633683521,124.08760571183026,124198.30283434455,113.67869379679532,111.6293352601156,669.2409066191994,107246.30283434455
syr2k,MINI,1000,123596,25639.0,837.95,73.11092869562556,125.05,841.7334864451359,64.91399216421293,99.18696404370638,124198.30283434455,147.55062598123186,147.49806074348112,517.5367375758417,107246.30283434455
syr2k,MINI,2500,123596,25639.0,368.9,41.92964031376975,56.4,373.27023300017174,41.678182028962695,52.25795131881669,124198.30283434455,332.73026310214084,335.0393060449987,238.11582618517684,107246.30283434455
syr2k,MINI,5000,123596,25639.0,204.35,35.44495361602417,32.35,209.49215603826127,29.8102124438667,34.90435759166393,124198.30283434455,592.8541916942283,604.8250550526059,140.89878940823908,107246.30283434455
syr2k,MINI,7500,123596,25639.0,159.45,26.180496959619227,24.8,152.0264019746707,24.76629722246311,28.487184749910085,124198.30283434455,816.9521952840623,775.1395421762309,106.06318582676084,107246.30283434455
syr2k,MINI,10000,123596,25639.0,121.9,22.11667625166703,19.2,121.66976377650951,21.92376977825468,24.933450967387813,124198.30283434455,1020.7819837842343,1013.9130434782609,87.10824960692918,107246.30283434455
syr2k,MINI,25000,123596,25639.0,73.45,15.649028892016204,11.5,59.574777275852924,15.530482517648526,16.165637235675682,124198.30283434455,2084.7464063400716,1682.722940776038,45.68517022139918,107246.30283434455
syr2k,MINI,50000,123596,25639.0,35.75,14.700071607415996,6.25,33.52407242204397,11.958521814070473,10.626542060929172,124198.30283434455,3704.7498666265005,3457.230769230769,26.56831253271198,107246.30283434455
syr2k,MINI,75000,123596,25639.0,25.8,12.335656490541215,4.35,23.492379450367984,10.142796302329549,7.918986950457087,124198.30283434455,5286.748543149345,4790.542635658914,18.852762251911784,107246.30283434455
syr2k,MINI,100000,123596,25639.0,19.3,7.8947017543079925,3.3,18.109941993106222,8.973924665690877,6.3073052927806295,124198.30283434455,6858.017705502436,6403.937823834197,14.629311319886225,107246.30283434455
syr2k,MINI2,100,144541,28258.0,14475.35,229.63065882778866,1969.75,14532.871305638595,252.7789360065595,1709.8956977510431,145198.30283434456,9.991026534309789,9.985319871367532,12157.60510654787,107246.30283434455
syr2k,MINI2,250,144541,28258.0,6777.4,186.16359528792506,913.95,6765.200183736475,197.00420982153423,792.6876495482702,145198.30283434456,21.462528660038906,21.32691002449317,5648.876334201997,107246.30283434455
syr2k,MINI2,500,144541,28258.0,3632.2,149.24180308972976,490.4,3607.415901291616,149.76339637268123,426.567371256435,145198.30283434456,40.24994810893778,39.79433951874897,2996.2264612640356,107246.30283434455
syr2k,MINI2,750,144541,28258.0,2443.4,111.62031507231156,332.55,2472.627699553903,125.32470679489646,296.6918733253953,145198.30283434456,58.722266542812086,59.15568470164525,2049.3305175814667,107246.30283434455
syr2k,MINI2,1000,144541,28258.0,1897.1,130.98167810804694,256.6,1887.516508671548,109.89431503981602,230.1792172647167,145198.30283434456,76.9255803418305,76.19050129144485,1563.3197598022539,107246.30283434455
syr2k,MINI2,2500,144541,28258.0,806.0,72.68823114761028,110.9,801.149101072653,71.11674610644906,107.26586253824189,145198.30283434456,181.23755320943323,179.33126550868485,665.9946942576581,107246.30283434455
syr2k,MINI2,5000,144541,28258.0,438.6,67.02976557980946,61.35,427.62213329914607,50.69709212044119,64.18005457987125,145198.30283434456,339.5481466642656,329.5508435932512,359.0287666691239,107246.30283434455
syr2k,MINI2,7500,144541,28258.0,299.85,47.83554613134683,42.45,301.15264532855235,41.5233702715086,49.028469804594536,145198.30283434456,482.14188082570456,482.04435551108884,255.18942918064252,107246.30283434455
syr2k,MINI2,10000,144541,28258.0,238.25,29.163558731655794,34.15,237.2630468406054,36.04225758630157,41.16489786560193,145198.30283434456,611.971837872796,606.6778593913956,202.70153267102506,107246.30283434455
syr2k,MINI2,25000,144541,28258.0,121.75,28.1235525943348,18.25,117.9437343182808,23.41585520195114,25.918729910099742,145198.30283434456,1231.0811055254117,1187.1950718685832,104.05412726382707,107246.30283434455
syr2k,MINI2,50000,144541,28258.0,77.35,22.248063191870745,11.85,71.61000242372491,17.80817267970657,19.327222152427314,145198.30283434456,2027.626000836991,1868.6619263089854,64.6542425343929,107246.30283434455
syr2k,MINI2,75000,144541,28258.0,55.4,10.855025515740094,8.75,53.044299160024686,15.420609166191952,16.02758900664895,145198.30283434456,2737.302691026392,2609.043321299639,48.404681961568485,107246.30283434455
syr2k,MINI2,100000,144541,28258.0,49.95,17.264124652005965,7.85,42.50225578803467,13.923063295555204,13.767838161128248,145198.30283434456,3416.249329411384,2893.7137137137133,39.02162511481467,107246.30283434455
syr2k,MINI3,100,173969,31936.0,28640.95,268.5403968434585,3738.05,28669.47149442281,335.4111625910994,3476.97072134907,174598.30283434456,6.090042603970216,6.074135110741787,26294.205295332085,107246.30283434455
syr2k,MINI3,250,173969,31936.0,13802.8,270.8758892342042,1796.75,13826.000019808123,281.84267074911094,1675.2876290572294,174598.30283434456,12.628258540735025,12.603891963949344,12709.676170273646,107246.30283434455
syr2k,MINI3,500,173969,31936.0,7425.85,233.26183052301408,967.3,7423.530428055864,219.86072123855675,903.5816913899592,174598.30283434456,23.519577986032424,23.427486415696517,6812.340988028283,107246.30283434455
syr2k,MINI3,750,173969,31936.0,5146.7,217.27210686384154,669.9,5085.193961061772,185.56631648266236,623.2631454071337,174598.30283434456,34.33463977407246,33.802047914197445,4661.896779089336,107246.30283434455
syr2k,MINI3,1000,173969,31936.0,3893.85,208.95410601625568,508.8,3873.5615954752375,163.41144376872867,478.4401208448343,174598.30283434456,45.074358192288805,44.67788949240469,3549.3648466059435,107246.30283434455
syr2k,MINI3,2500,173969,31936.0,1649.4,106.83307195413741,216.4,1615.9822884715375,106.55732382543482,209.46825486582637,174598.30283434456,108.04468841022188,105.47411179822966,1480.8278816565426,107246.30283434455
syr2k,MINI3,5000,173969,31936.0,837.15,95.96670201031628,110.75,839.615466933921,76.14683020122267,116.78573589990793,174598.30283434456,207.95031738986023,207.81102550319537,771.0221003038988,107246.30283434455
syr2k,MINI3,7500,173969,31936.0,575.4,69.5938593782375,77.8,577.4462257759227,62.40250193831634,84.9617577604982,174598.30283434456,302.3628782052118,302.3444560305874,531.4830096280128,107246.30283434455
syr2k,MINI3,10000,173969,31936.0,443.4,51.31368956567152,60.4,445.4785295632966,54.14640151330944,68.63940315758806,174598.30283434456,391.9342712330123,392.35227785295444,410.91701539371627,107246.30283434455
syr2k,MINI3,25000,173969,31936.0,219.45,32.26285953326453,31.0,205.46504629853473,34.421726452921135,37.93890776227541,174598.30283434456,849.7713162396407,792.7500569605833,191.575439244081,107246.30283434455
syr2k,MINI3,50000,173969,31936.0,124.3,26.441793075595903,18.05,122.2847012915309,24.75010289314675,26.825297100397332,174598.30283434456,1427.8016872944413,1399.5897023330651,115.3289414021989,107246.30283434455
syr2k,MINI3,75000,173969,31936.0,97.55,18.71524849730266,14.3,91.92407910727408,20.81250078994716,22.616717418154536,174598.30283434456,1899.3750552626243,1783.3828805740645,87.28446190881787,107246.30283434455
syr2k,MINI3,100000,173969,31936.0,69.35,15.380353154524599,10.5,75.17026342595186,18.622048568961006,20.12469157533644,174598.30283434456,2322.7044163060104,2508.5652487382845,71.68963275273187,107246.30283434455
syr2k,SMALL,100,234785,39538.0,64103.1,560.506528437494,8172.1,64195.23205517528,449.7054787970086,7917.6907914431295,235398.30283434456,3.666912561855398,3.662615380535419,61819.96585608456,107246.30283434455
syr2k,SMALL,250,234785,39538.0,32764.85,450.04073207468167,4166.05,32879.00762060006,420.10971000394096,4056.9135791562217,235398.30283434456,7.159531867587687,7.16575842709489,31762.683771065585,107246.30283434455
syr2k,SMALL,500,234785,39538.0,18011.9,345.4193332595517,2288.45,18007.116137444442,340.5483237887135,2226.52990506362,235398.30283434456,13.072515389893638,13.034993532053807,17395.92669741686,107246.30283434455
syr2k,SMALL,750,234785,39538.0,12425.8,330.7765345206243,1579.1,12399.321205437447,291.2276195405911,1537.529051301912,235398.30283434456,18.984773354457168,18.894960485441583,11976.024023465012,107246.30283434455
syr2k,SMALL,1000,234785,39538.0,9480.95,325.2408783461395,1206.25,9459.925298413715,258.15359133199695,1176.735606135819,235398.30283434456,24.883738022098047,24.763868599665642,9135.728549544421,107246.30283434455
syr2k,SMALL,2500,234785,39538.0,3932.6,146.75271000815226,503.0,3926.4862048901623,170.33130259281162,498.3237796247785,235398.30283434456,59.95138924496221,59.70223261964095,3791.331798075167,107246.30283434455
syr2k,SMALL,5000,234785,39538.0,1991.05,118.04748152644697,256.35,2008.7387692365655,122.19307001444061,263.41469083439165,235398.30283434456,117.18711583577851,117.92019286306221,1940.1454026065433,107246.30283434455
syr2k,SMALL,7500,234785,39538.0,1351.5,106.4620021168907,174.5,1360.6643358993792,100.26186655405232,183.85840416501404,235398.30283434456,173.00247873311807,173.72179060303367,1314.7011197514694,107246.30283434455
syr2k,SMALL,10000,234785,39538.0,1062.85,88.85486391923217,137.65,1034.7090607420726,87.04715649792831,143.6185641530572,235398.30283434456,227.50192471062505,220.90135014348218,1000.1475465724923,107246.30283434455
syr2k,SMALL,25000,234785,39538.0,460.8,43.03927215193605,61.25,443.554823580543,55.31755587151787,69.23981601906958,235398.30283434456,530.70847236903,509.51605902777777,429.66521652608924,107246.30283434455
syr2k,SMALL,50000,234785,39538.0,272.4,50.863491197931985,36.8,244.43117603347702,39.201635548271376,43.21740929942001,235398.30283434456,963.0453310182686,861.9126284875184,237.47541614414502,107246.30283434455
syr2k,SMALL,75000,234785,39538.0,188.5,44.21657226830111,26.1,177.26809078537,32.09515473469727,34.241073232547464,235398.30283434456,1327.9225933524415,1245.5437665782492,172.6284735869138,107246.30283434455
syr2k,SMALL,100000,234785,39538.0,135.6,25.94406939633999,19.0,143.0068013610752,27.935140486928123,29.617609416185537,235398.30283434456,1646.0636878381176,1731.452802359882,139.5261706878552,107246.30283434455
syr2k,SMALL2,100,394810,59541.0,174232.8,380.93950341643375,21940.55,173954.07913680968,599.5448569019652,21637.546676647427,395398.30283434456,2.273003914575499,2.2659912484905256,171578.81293771896,107246.30283434455
syr2k,SMALL2,250,394810,59541.0,98513.5,565.3624361509331,12381.35,98423.3911790625,669.4531004770903,12249.961523964026,395398.30283434456,4.017320457034376,4.00767407512676,97307.06732952803,107246.30283434455
syr2k,SMALL2,500,394810,59541.0,56071.65,576.961941187586,7047.4,56048.451787842314,579.3317382235425,6981.6968613633535,395398.30283434456,7.054580282271274,7.041169646336428,55437.262347814736,107246.30283434455
syr2k,SMALL2,750,394810,59541.0,39098.15,535.679133633676,4912.3,39099.87047986684,506.7180392755973,4875.097710605586,395398.30283434456,10.112522061625283,10.097920234077572,38676.57329789441,107246.30283434455
syr2k,SMALL2,1000,394810,59541.0,29924.15,625.3664420498635,3761.8,30014.51077300455,454.3219080338332,3746.058790460163,395398.30283434456,13.173571470969003,13.193691383046803,29690.314024135256,107246.30283434455
syr2k,SMALL2,2500,394810,59541.0,12572.3,333.48212293283336,1581.6,12549.832086267535,306.0084906756611,1576.2425257435157,395398.30283434456,31.506262403861417,31.40316409885224,12414.677679452541,107246.30283434455
syr2k,SMALL2,5000,394810,59541.0,6462.3,263.62295643189844,815.6,6391.406015541337,221.02115999074275,811.3053231020156,395398.30283434456,61.864056496003286,61.09434721384027,6322.812648911315,107246.30283434455
syr2k,SMALL2,7500,394810,59541.0,4379.85,195.62108243933437,553.5,4298.989382193142,181.7609578480475,551.4253547288026,395398.30283434456,91.97471025914257,90.1423564733952,4253.0261660452325,107246.30283434455
syr2k,SMALL2,10000,394810,59541.0,3285.85,154.24801457393215,415.7,3245.0984554793317,157.9810253501772,420.5117297092463,395398.30283434456,121.84477859730777,120.15460230990459,3210.5369413097515,107246.30283434455
syr2k,SMALL2,25000,394810,59541.0,1344.15,93.21129082274372,172.4,1334.1116652833516,100.58527192774751,182.41523652188465,395398.30283434456,296.3757181077987,293.7246587062456,1320.2220582288978,107246.30283434455
syr2k,SMALL2,50000,394810,59541.0,686.4,64.33252431088437,88.9,691.789771396672,71.29523849411507,101.0840051681369,395398.30283434456,571.5584693252473,575.189393939394,684.83401150734,107246.30283434455
syr2k,SMALL2,75000,394810,59541.0,494.8,53.760286653371104,64.95,476.66735799119465,58.26360334173563,73.33930500713382,395398.30283434456,829.5057259650841,797.9183508488278,472.0277407927384,107246.30283434455
syr2k,SMALL2,100000,394810,59541.0,388.05,46.89010107631854,51.1,368.8357230727936,50.4821683892991,59.2751971098954,395398.30283434456,1072.0173727757617,1017.4204355108877,365.3550923995736,107246.30283434455
syr2k,SMALL3,100,797173,109831.0,490678.45,851.0055027962337,61494.2,490488.50945908925,727.6260721787942,61204.35046693237,798598.3028343446,1.628169238286619,1.6246342181931976,488113.2432599985,107246.30283434455
syr2k,SMALL3,250,797173,109831.0,317120.15,829.0805481153034,39709.85,317026.39853019244,1042.6571720829957,39575.33744285526,798598.3028343446,2.519027773512965,2.5137885435536025,315910.07468065794,107246.30283434455
syr2k,SMALL3,500,797173,109831.0,192017.05,765.8597147203714,24040.65,192115.6809483487,997.4434377470014,23990.10050642665,798598.3028343446,4.156861630930855,4.151574039909477,191504.4915083211,107246.30283434455
syr2k,SMALL3,750,797173,109831.0,137170.35,734.0847703092592,17171.15,137128.16305092585,904.4698878774329,17128.63428198796,798598.3028343446,5.82373660571655,5.811554756549064,136704.8658689534,107246.30283434455
syr2k,SMALL3,1000,797173,109831.0,106332.55,586.6840335846525,13312.2,106510.69321150237,826.1702062252571,13308.081595272391,798598.3028343446,7.4978227890089615,7.496979993426284,106186.49646263308,107246.30283434455
syr2k,SMALL3,2500,797173,109831.0,45537.9,681.7848016709343,5703.0,45462.70420261087,575.984260718481,5690.3515402917865,798598.3028343446,17.566009696107827,17.505704039931572,45327.54979579587,107246.30283434455
syr2k,SMALL3,5000,797173,109831.0,23230.0,409.2074496415055,2911.4,23261.28346062218,420.9148125889781,2920.040169797524,798598.3028343446,34.331652601467596,34.316530348687046,23192.690093992158,107246.30283434455
syr2k,SMALL3,7500,797173,109831.0,15576.9,322.1290849464251,1952.9,15640.309299740782,347.4916894632997,1969.0958654021154,798598.3028343446,51.060262781860736,51.176614088811,15594.346083592873,107246.30283434455
syr2k,SMALL3,10000,797173,109831.0,11844.05,318.67430576984816,1485.7,11787.24065159134,302.6112432469167,1488.3118210047292,798598.3028343446,67.75108156687456,67.30577800667847,11752.679137421761,107246.30283434455
syr2k,SMALL3,25000,797173,109831.0,4712.95,201.0879553565397,593.1,4778.416741535721,193.33347393554527,613.7147670516035,798598.3028343446,167.1261311079547,169.14522751143127,4764.527134481267,107246.30283434455
syr2k,SMALL3,50000,797173,109831.0,2460.75,109.15024652189057,311.4,2420.1533971660015,137.1818551474619,318.9649492574781,798598.3028343446,329.97838226680295,323.95529818144877,2413.1976372766694,107246.30283434455
syr2k,SMALL3,75000,797173,109831.0,1625.9,134.99820661576837,206.65,1630.9886872745487,112.14279236665257,219.7770183464924,798598.3028343446,489.64061434959194,490.2964511962605,1626.3490700760926,107246.30283434455
syr2k,SMALL3,100000,797173,109831.0,1250.6,85.88756420000813,159.7,1235.5881359492253,97.17919286428996,169.77040929365202,798598.3028343446,646.3305041536606,637.4324324324325,1232.1075052760052,107246.30283434455
syrk,MEDIUM,100,950731,129025.0,582273.15,444.58120743009994,72943.95,582323.8539424024,549.7051185226237,72683.46265146612,952189.840126124,1.6351551352047222,1.6327921010955082,579946.3624421582,107253.84012612392
syrk,MEDIUM,250,950731,129025.0,426258.9,825.2443274570279,53352.4,425867.3222553119,1013.7818064055298,53180.25805546071,952189.840126124,2.235883784375633,2.230407388561271,424749.5282638574,107253.84012612392
syrk,MEDIUM,500,950731,129025.0,276823.85,969.2703319073537,34637.95,276681.9474136699,1090.3853205772102,34560.80871902823,952189.840126124,3.441459947159095,3.4344258993580215,276070.2015503117,107253.84012612392
syrk,MEDIUM,750,950731,129025.0,203134.6,994.2258771209049,25417.15,202966.70151959342,1032.8034351875474,25358.427979116525,952189.840126124,4.691359878232067,4.680300647944762,202543.24500676722,107253.84012612392
syrk,MEDIUM,1000,950731,129025.0,160091.15,843.6681983738445,20031.1,159951.2625954364,965.0761709341418,19988.15038777673,952189.840126124,5.952999836797106,5.938685555072845,159627.06897325677,107253.84012612392
syrk,MEDIUM,2500,950731,129025.0,70154.9,849.3096205618697,8779.0,70165.22776395426,702.0503712792815,8778.182002050993,952189.840126124,13.57067981492806,13.55188304737089,70030.2023581051,107253.84012612392
syrk,MEDIUM,5000,950731,129025.0,36206.6,617.5616227509094,4531.85,36228.803626817484,520.6064559321695,4540.9912274169055,952189.840126124,26.282674137803678,26.258499831522432,36160.30298906382,107253.84012612392
syrk,MEDIUM,7500,950731,129025.0,24372.0,537.4056587953492,3051.6,24426.21318295862,431.91239641386113,3067.3420680780287,952189.840126124,38.98229467637808,39.009149844083375,24380.318657559106,107253.84012612392
syrk,MEDIUM,10000,950731,129025.0,18338.8,298.14436630245876,2296.65,18429.621297035017,377.0539972304573,2318.6159220569375,952189.840126124,51.6662727236459,51.84259602591228,18395.113966479592,107253.84012612392
syrk,MEDIUM,25000,950731,129025.0,7451.25,176.98851434634486,934.6,7471.48571893632,241.96165781731597,950.3851790242209,952189.840126124,127.44317207390483,127.5934910249958,7457.619765869652,107253.84012612392
syrk,MEDIUM,50000,950731,129025.0,3825.7,144.0351199863203,480.75,3770.1841751980764,171.94554022017434,488.0406168753044,952189.840126124,252.5579111996825,248.51164492772565,3763.240581333145,107253.84012612392
syrk,MEDIUM,75000,950731,129025.0,2501.0,167.45902876760485,315.2,2530.4062135204667,140.6326703357002,332.79826389914655,952189.840126124,376.29920249104003,380.14034386245504,2525.774783017443,107253.84012612392
syrk,MEDIUM,100000,950731,129025.0,1918.1,98.23757454574893,242.15,1909.116303966934,121.89831499545524,254.7103529613112,952189.840126124,498.7594721953702,495.6628955737449,1905.6418419150289,107253.84012612392
syrk,MINI,100,118682,25024.0,5021.2,157.3773875283967,786.75,5091.788141947001,144.51619803461568,529.454426408502,119389.84012612392,23.447527037224994,23.636182585836057,2714.296641702713,107253.84012612392
syrk,MINI,250,118682,25024.0,2337.1,84.38751466644186,358.95,2350.053086413771,103.12763604053336,240.59892405710107,119389.84012612392,50.80303964891077,50.78173805143126,1232.2590949592893,107253.84012612392
syrk,MINI,500,118682,25024.0,1242.4,105.75662228860534,192.6,1272.6550289849606,76.17778245518856,134.59886066309554,119389.84012612392,93.81162798008697,95.526400515132,660.9091656267373,107253.84012612392
syrk,MINI,750,118682,25024.0,893.4,93.91395838184744,137.4,883.8656101415452,63.15403313785579,97.83482761702484,119389.84012612392,135.07691526430634,132.84307141258117,460.40909731535123,107253.84012612392
syrk,MINI,1000,118682,25024.0,691.35,53.758010419011285,108.2,682.1500709511326,55.12392686728904,78.9699787538103,119389.84012612392,175.01990428536755,171.6670282780068,357.9564487715119,107253.84012612392
syrk,MINI,2500,118682,25024.0,307.7,39.83003362975443,47.6,303.25211524106584,35.42600917142528,42.968918677987986,119389.84012612392,393.69829302333704,385.7068573285668,168.2267093919122,107253.84012612392
syrk,MINI,5000,118682,25024.0,173.15,28.5993651015285,26.95,169.27037844463547,25.495563706502374,29.346233256869763,119389.84012612392,705.3203355670032,685.4288189431129,100.76974069097028,107253.84012612392
syrk,MINI,7500,118682,25024.0,130.9,28.83692807933313,20.45,121.76975691302246,21.3039910734495,24.08355232841845,119389.84012612392,980.4556004115335,906.6615737203972,75.87523151350604,107253.84012612392
syrk,MINI,10000,118682,25024.0,97.4,25.001894665046994,15.75,96.63214920050407,18.898409377626916,21.01742515685848,119389.84012612392,1235.5084836041412,1218.501026694045,62.12481864507909,107253.84012612392
syrk,MINI,25000,118682,25024.0,46.75,19.793340187787244,7.6,45.80090514135555,13.20343748230869,13.040674431054871,119389.84012612392,2606.713552006243,2538.652406417112,31.9349520746869,107253.84012612392
syrk,MINI,50000,118682,25024.0,31.3,13.131320533265816,5.3,25.210846693247788,9.986921040796496,8.231826255343888,119389.84012612392,4735.6537278892765,3791.7571884984027,18.267252828316714,107253.84012612392
syrk,MINI,75000,118682,25024.0,20.15,9.23537250267459,3.35,17.493221588301623,8.399641993950965,6.022256191111909,119389.84012612392,6824.920128260675,5889.925558312655,12.861791085277844,107253.84012612392
syrk,MINI,100000,118682,25024.0,14.45,10.723682596060582,2.45,13.410371841409074,7.396397780802887,4.74734553799708,119389.84012612392,8902.798635118175,8213.287197231833,9.935909789503937,107253.84012612392
syrk,MINI2,100,129119,26329.0,8790.65,222.56549006622987,1257.4,8876.957110864805,192.554571556676,1002.6005475239074,129789.84012612392,14.620983125768378,14.688219869975486,6499.465610620517,107253.84012612392
syrk,MINI2,250,129119,26329.0,4130.25,140.11381651695652,586.3,4146.506037100302,147.77902940195204,465.1560279869292,129789.84012612392,31.30101318190469,31.26178802735912,3028.71204564582,107253.84012612392
syrk,MINI2,500,129119,26329.0,2256.55,113.84267768792992,319.95,2226.654470440459,111.93919434726666,253.89622387294997,129789.84012612392,58.28916962605784,57.21964946489109,1614.9086070822357,107253.84012612392
syrk,MINI2,750,129119,26329.0,1532.6,88.46967961130137,218.1,1533.410972891868,93.5855875154065,179.25136503376513,129789.84012612392,84.64126214080271,84.24833616077255,1109.954460065674,107253.84012612392
syrk,MINI2,1000,129119,26329.0,1165.7,96.38524674177933,165.75,1174.8308598637113,82.03071332825269,141.03029024362738,129789.84012612392,110.47534122586842,110.76520545594921,850.6372376840905,107253.84012612392
syrk,MINI2,2500,129119,26329.0,509.2,62.53891420126899,72.85,505.9271415929053,53.0598830950176,69.74772154799864,129789.84012612392,256.5385990510061,253.57227022780833,370.90173574375166,107253.84012612392
syrk,MINI2,5000,129119,26329.0,266.3,38.95760178504454,38.6,274.3446508100593,37.83629186840737,44.03901598502218,129789.84012612392,473.0904712116405,484.86293653773936,205.84401305639412,107253.84012612392
syrk,MINI2,7500,129119,26329.0,208.45,33.36950230690482,29.9,195.3745407867731,31.043254323261834,34.83495637995712,129789.84012612392,664.3129632113803,619.4243223794675,149.48001538725669,107253.84012612392
syrk,MINI2,10000,129119,26329.0,155.25,24.62962486625876,23.1,155.02654979593797,27.04456497699169,29.982472116514455,129789.84012612392,837.210402327645,831.6843800322061,120.51921924051297,107253.84012612392
syrk,MINI2,25000,129119,26329.0,77.4,18.242229780605797,12.2,77.02384306782285,18.107050423486648,19.772144566832257,129789.84012612392,1685.0605599079015,1668.204134366925,63.15789000115421,107253.84012612392
syrk,MINI2,50000,129119,26329.0,49.5,16.285285576734275,7.7,45.419107910646325,13.890821192587662,14.224034991311093,129789.84012612392,2857.604345322268,2608.4646464646466,38.47551404571525,107253.84012612392
syrk,MINI2,75000,129119,26329.0,38.7,12.118276757812858,6.15,32.86751042276555,11.913485458737133,11.291578099641706,129789.84012612392,3948.879560899919,3336.40826873385,28.236079919741773,107253.84012612392
syrk,MINI2,100000,129119,26329.0,27.1,9.56363727327301,4.4,25.89216458503204,10.646904897955913,9.378579173744493,129789.84012612392,5012.707211090181,4764.538745387454,22.417702533126903,107253.84012612392
syrk,MINI3,100,154735,29531.0,19680.8,332.72821214603215,2617.9,19759.73148763433,272.51942582731414,2362.947344620098,155389.84012612392,7.863965166903564,7.862231210113411,17382.239987390043,107253.84012612392
syrk,MINI3,250,154735,29531.0,9667.05,225.01262537677118,1277.15,9594.80429035168,230.34900244564008,1146.1933098406867,155389.84012612392,16.19520684568631,16.006434227608217,8477.010298897198,107253.84012612392
syrk,MINI3,500,154735,29531.0,5199.1,151.56721628581693,685.75,5174.810159556881,180.26291456698894,622.4165621574389,155389.84012612392,30.02812380259954,29.761881864168796,4563.064296198658,107253.84012612392
syrk,MINI3,750,154735,29531.0,3561.1,199.1677156252198,469.8,3552.968908347423,152.32682791000397,431.7113681217806,155389.84012612392,43.7352096611506,43.45146162702536,3129.5123955212293,107253.84012612392
syrk,MINI3,1000,154735,29531.0,2739.65,127.8211229558097,361.65,2710.71746333014,134.2269161346368,333.0816139860488,155389.84012612392,57.324248000094464,56.47984231562425,2386.5238411505193,107253.84012612392
syrk,MINI3,2500,154735,29531.0,1145.05,92.96942055264584,153.85,1137.3354381660972,87.64779432965419,149.55790753359676,155389.84012612392,136.62621853820286,135.1338369503515,1002.3100323169435,107253.84012612392
syrk,MINI3,5000,154735,29531.0,572.9,68.9476536755851,77.5,594.4429943522763,62.67542245753815,85.76535536084864,155389.84012612392,261.40410704215896,270.09076627683714,525.9423565986111,107253.84012612392
syrk,MINI3,7500,154735,29531.0,416.95,49.39899317107372,56.75,410.6975460023647,51.37803956778107,63.602259802543394,155389.84012612392,378.35590117022326,371.1116440820242,364.8030206028482,107253.84012612392
syrk,MINI3,10000,154735,29531.0,308.0,46.43048000704074,42.25,318.09419396237143,44.58882424439074,52.159346629619364,155389.84012612392,488.50259789559556,502.3863636363636,283.58686340694646,107253.84012612392
syrk,MINI3,25000,154735,29531.0,153.3,32.118366609841964,21.6,148.99404148112487,28.42436165951984,30.44200251049975,155389.84012612392,1042.9265397556808,1009.3607305936073,135.12808841445622,107253.84012612392
syrk,MINI3,50000,154735,29531.0,91.45,23.374468752758517,13.6,88.9530341598152,20.674407695888334,22.213197435921938,155389.84012612392,1746.8750964351225,1692.0174958993985,82.00944029488413,107253.84012612392
syrk,MINI3,75000,154735,29531.0,66.5,15.530953812171017,10.25,66.48939500699038,17.50035827118133,18.754030880145176,155389.84012612392,2337.062024850534,2326.842105263158,61.85796450396659,107253.84012612392
syrk,MINI3,100000,154735,29531.0,56.65,15.31519713088587,8.8,54.00348620664348,15.670596796652712,16.54384118667416,155389.84012612392,2877.403868548915,2731.421006178288,50.529024154738345,107253.84012612392
syrk,SMALL,100,196335,34731.0,42446.6,370.0249493721938,5464.8,42632.05419390943,355.7479946263621,5221.987682904486,196989.84012612392,4.620697825868935,4.625458811777622,40254.562693665146,107253.84012612392
syrk,SMALL,250,196335,34731.0,22096.45,268.23604589202694,2830.05,22116.10169949098,338.42464622066893,2711.3554859830997,196989.84012612392,8.907077874879631,8.885363938551215,20998.3077080365,107253.84012612392
syrk,SMALL,500,196335,34731.0,12143.6,327.38363139482584,1553.0,12185.950656978303,276.5827700620347,1498.8091244417785,196989.84012612392,16.165323959630296,16.167775618432753,11574.20479362008,107253.84012612392
syrk,SMALL,750,196335,34731.0,8298.25,199.6562506435815,1064.4,8411.898557215189,237.21655804945607,1039.0776088180323,196989.84012612392,23.417999965912408,23.659807790799263,7988.442044388995,107253.84012612392
syrk,SMALL,1000,196335,34731.0,6392.2,221.06717245408058,820.75,6427.282044818069,210.59123819688259,797.6528186666211,196989.84012612392,30.64901131652453,30.714777384937893,6103.088422638449,107253.84012612392
syrk,SMALL,2500,196335,34731.0,2717.75,140.1010443629131,348.45,2679.0069741296775,139.34360559713346,342.3988828749476,196989.84012612392,73.53091724970949,72.24174408978016,2543.981568280524,107253.84012612392
syrk,SMALL,5000,196335,34731.0,1379.45,106.840498432304,178.7,1375.8225848137986,100.07175121465524,184.19656653463645,196989.84012612392,143.1796819593452,142.32846424299538,1307.3219470601334,107253.84012612392
syrk,SMALL,7500,196335,34731.0,921.3,78.15780258722194,119.95,934.6815006418454,82.14572116876698,130.33091350967507,196989.84012612392,210.75611316887205,213.10647997394986,888.786975242329,107253.84012612392
syrk,SMALL,10000,196335,34731.0,687.0,66.78638373674367,89.55,712.5592869608874,71.33597968126227,102.93261020723422,196989.84012612392,276.4539649273236,285.7860262008734,678.0519564054624,107253.84012612392
syrk,SMALL,25000,196335,34731.0,302.8,36.27468306655411,41.1,309.11322973306653,45.35752117113042,51.855473322371196,196989.84012612392,637.2740509884799,648.398282694848,295.2472766663979,107253.84012612392
syrk,SMALL,50000,196335,34731.0,161.4,28.81045132001854,22.45,172.8299728101972,32.174431400508254,33.826049988215736,196989.84012612392,1139.7897999003865,1216.449814126394,165.88637894526613,107253.84012612392
syrk,SMALL,75000,196335,34731.0,122.65,24.58770552853386,17.45,126.37991069742236,26.42515254996481,27.52560710838499,196989.84012612392,1558.711657881728,1600.7745617611088,121.74848019439858,107253.84012612392
syrk,SMALL,100000,196335,34731.0,105.6,26.392582690078505,15.2,102.31227927558267,23.107609664690685,24.192150254730667,196989.84012612392,1925.3782783542827,1859.2329545454547,98.83781722367753,107253.84012612392
syrk,SMALL2,100,308336,48731.0,112846.5,428.23831289549526,14261.6,112899.71234582193,464.8812424342361,14005.444951893547,308989.8401261239,2.736852324119838,2.7323488101093076,110522.22084557764,107253.84012612392
syrk,SMALL2,250,308336,48731.0,65129.45,503.933524751451,8210.05,65001.74525000165,533.1213839427702,8072.060929796934,308989.8401261239,4.753562214948622,4.734202423020616,63883.95125854717,107253.84012612392
syrk,SMALL2,500,308336,48731.0,37194.4,593.9534272013319,4685.65,37317.73879464922,467.21674321152375,4640.282641650644,308989.8401261239,8.279972209099341,8.289850084959026,36705.992931291,107253.84012612392
syrk,SMALL2,750,308336,48731.0,26175.05,287.0209005776771,3298.45,26113.168576795182,410.51794641605846,3251.7363612667473,308989.8401261239,11.832721073945047,11.779767373892314,25689.71206396899,107253.84012612392
syrk,SMALL2,1000,308336,48731.0,20053.4,381.6325595730996,2525.65,20078.626677028933,368.9283185548615,2504.0708979757987,308989.8401261239,15.388992738214785,15.37574675616105,19754.433054849313,107253.84012612392
syrk,SMALL2,2500,308336,48731.0,8464.25,254.35281650329304,1067.05,8425.791921523603,249.5618818955507,1060.7525201394405,308989.8401261239,36.67190490864276,36.428035561331484,8290.76651567445,107253.84012612392
syrk,SMALL2,5000,308336,48731.0,4268.45,202.92401352022844,539.05,4300.450085135194,180.5228217343263,549.9445253360933,308989.8401261239,71.85058168543075,72.23605758530614,4231.949447381528,107253.84012612392
syrk,SMALL2,7500,308336,48731.0,2908.05,172.68147586021823,368.35,2896.7242073687494,148.5370584478776,376.1248675319143,308989.8401261239,106.66871196785283,106.02843830057942,2850.8296819692328,107253.84012612392
syrk,SMALL2,10000,308336,48731.0,2184.5,124.55584247532038,277.4,2189.2204145787,129.14157715618765,288.4526127684115,308989.8401261239,141.14149405352902,141.14717326619365,2154.713084023275,107253.84012612392
syrk,SMALL2,25000,308336,48731.0,897.95,84.7544285444409,115.3,904.9344394687881,82.27446291626288,128.2992948059116,308989.8401261239,341.449973224034,343.3776936355031,891.0684864021194,107253.84012612392
syrk,SMALL2,50000,308336,48731.0,451.9,64.16089971806487,58.95,472.5384873415722,58.332607449305044,73.08638348840425,308989.8401261239,653.8934888974918,682.3102456295641,465.5948934766411,107253.84012612392
syrk,SMALL2,75000,308336,48731.0,326.45,57.77586001090767,43.2,327.6107544556145,47.67539073028596,54.16922851217946,308989.8401261239,943.1614680646469,944.5121764435595,322.97932395259073,107253.84012612392
syrk,SMALL2,100000,308336,48731.0,253.4,35.939129825742555,33.9,254.93346162113596,41.31152011534081,44.565722100045654,308989.8401261239,1212.041126971879,1216.7955801104972,251.45899956923083,107253.84012612392
syrk,SMALL3,100,581131,82825.0,309276.6,555.4936543291883,38816.45,309160.8288082765,544.5337640351778,38538.08450970037,582589.840126124,1.8844232057852717,1.879000868478249,306783.3373080322,107253.84012612392
syrk,SMALL3,250,581131,82825.0,204907.35,441.58855284076503,25683.1,205168.3193446315,809.7338516201083,25592.88269162567,582589.840126124,2.839570173343959,2.8360671298516134,204050.52535317704,107253.84012612392
syrk,SMALL3,500,581131,82825.0,126267.0,1062.322975965014,15818.95,126149.97351527298,792.685061804742,15744.311981728613,582589.840126124,4.618231965427958,4.602398092930061,125538.22765191476,107253.84012612392
syrk,SMALL3,750,581131,82825.0,90833.1,692.692071026628,11377.9,90551.96684416688,725.1436033283375,11306.58614468821,582589.840126124,6.433762406604787,6.3977889117513325,90128.51033134069,107253.84012612392
syrk,SMALL3,1000,581131,82825.0,70556.9,792.7985673681881,8839.35,70544.15220942331,665.4133655645874,8812.261589525095,582589.840126124,8.25851359580591,8.236345417669995,70219.95858724369,107253.84012612392
syrk,SMALL3,2500,581131,82825.0,30264.35,481.00489930758016,3792.95,30285.579565992037,467.8960387868474,3793.225977305714,582589.840126124,19.23654255506867,19.201833179962563,30150.554160142885,107253.84012612392
syrk,SMALL3,5000,581131,82825.0,15472.15,366.93413649634164,1940.3,15531.401236127856,342.9324368259334,1953.81592848598,582589.840126124,37.51044939660382,37.55980907630808,15462.900598374192,107253.84012612392
syrk,SMALL3,7500,581131,82825.0,10439.9,377.2688417393738,1310.5,10453.3819628271,283.3946158241371,1320.7381335989194,582589.840126124,55.732187171372004,55.66442207300837,10407.487437427582,107253.84012612392
syrk,SMALL3,10000,581131,82825.0,7998.25,269.0274638690063,1003.8,7883.347460507117,246.9183094355687,1000.3310942435791,582589.840126124,73.90132720201672,72.65726877754508,7848.840129951692,107253.84012612392
syrk,SMALL3,25000,581131,82825.0,3259.15,141.28220173226276,410.65,3203.4817965788425,157.90599344385947,416.75558738811407,582589.840126124,181.8614486114142,178.30753417302057,3189.615843512174,107253.84012612392
syrk,SMALL3,50000,581131,82825.0,1647.1,103.20949568717013,208.55,1626.8585483799782,112.08660539939552,219.3990563653022,582589.840126124,358.1072495247147,352.82071519640584,1619.9149545150472,107253.84012612392
syrk,SMALL3,75000,581131,82825.0,1102.9,71.96775593789796,140.35,1098.8085574182555,91.64184794293895,152.69242843695332,582589.840126124,530.2014042327523,526.9117780397135,1094.1771269152318,107253.84012612392
syrk,SMALL3,100000,581131,82825.0,817.3,75.96889945372729,104.4,834.1179932186207,79.42035594171435,118.97557226468226,582589.840126124,698.4501531708696,711.0375627064726,830.6435311667155,107253.84012612392
trisolv,MEDIUM,100,754803,104542.0,18612.45,376.14351614356195,2485.1,18440.846542035055,318.02132338781774,2182.764313007439,755346.652584611,40.96051940255743,40.55366166195208,16055.688235634301,107254.65258461093
trisolv,MEDIUM,250,754803,104542.0,9086.4,263.09561999994946,1202.65,9188.502426889841,208.00109680389303,1084.9786045162627,755346.652584611,82.20563237531663,83.0695324881141,8066.855650168017,107254.65258461093
trisolv,MEDIUM,500,754803,104542.0,5422.9,138.36028484016884,713.5,5442.267165702118,161.08372420695343,647.0273616111265,755346.652584611,138.79264460681105,139.18807280237513,4827.731852579969,107254.65258461093
trisolv,MEDIUM,750,754803,104542.0,3887.75,161.50733240646565,511.55,3927.643354730711,141.42160600735866,470.3491228237493,755346.652584611,192.31548905142367,194.14905793839625,3502.4681895780404,107254.65258461093
trisolv,MEDIUM,1000,754803,104542.0,3026.0,154.90914145157203,398.65,3083.8934677676853,128.76104279159603,371.8507607161378,755346.652584611,244.93279695922118,249.43919365499008,2758.562453658581,107254.65258461093
trisolv,MEDIUM,2500,754803,104542.0,1356.3,102.88271298706574,177.5,1364.0278533117398,91.73396300515192,170.7061504902374,755346.652584611,553.7618977139621,556.5162574651625,1228.7517242230992,107254.65258461093
trisolv,MEDIUM,5000,754803,104542.0,715.9,77.05561901024888,95.0,718.2430874430075,68.11724379995553,95.01463454398264,755346.652584611,1051.6587848742054,1054.3413884620757,649.6683320231332,107254.65258461093
trisolv,MEDIUM,7500,754803,104542.0,481.5,57.50926698779672,64.45,493.3806328316108,56.592719095531585,68.63526148339922,755346.652584611,1530.9612950340681,1567.607476635514,447.449594665507,107254.65258461093
trisolv,MEDIUM,10000,754803,104542.0,390.25,51.70857100896788,51.65,379.0335808004517,49.44865390797582,55.2160373349177,755346.652584611,1992.8225118984253,1934.152466367713,344.5039281863658,107254.65258461093
trisolv,MEDIUM,25000,754803,104542.0,181.75,32.6236514139504,24.75,169.848370664519,31.7931444605077,30.65283864103658,755346.652584611,4447.182210988389,4152.973865199449,155.97729005026468,107254.65258461093
trisolv,MEDIUM,50000,754803,104542.0,90.7,13.82255974466151,13.2,98.3876383477263,22.716038802034383,22.121400418573188,755346.652584611,7677.251586373369,8321.973539140023,91.44213707518205,107254.65258461093
trisolv,MEDIUM,75000,754803,104542.0,73.7,17.616081170041014,10.8,73.167510760116,18.85615178858196,18.873946209799055,755346.652584611,10323.525356234402,10241.560379918588,68.53495623009971,107254.65258461093
trisolv,MEDIUM,100000,754803,104542.0,55.95,15.212442967933569,8.55,59.62245102612842,16.67549582835598,16.95746534115254,755346.652584611,12668.82926791444,13490.670241286862,56.14720153888946,107254.65258461093
trisolv,MINI,100,113989,24440.0,2673.7,101.75258951832241,492.25,2704.518887817243,46.211133690703626,215.7233561257059,114546.65258461093,42.353800189969824,42.63342933014175,319.3605814164878,107254.65258461093
trisolv,MINI,250,113989,24440.0,1262.3,101.57709024754494,228.25,1278.1843437571654,32.48175434419355,96.1853513737989,114546.65258461093,89.61669194594123,90.30262219757586,156.53756703534103,107254.65258461093
trisolv,MINI,500,113989,24440.0,683.95,70.07250004929105,119.7,708.49455775627,24.094263604917998,55.19477719294729,114546.65258461093,161.67612204018687,166.66276774618026,93.95924463412102,107254.65258461093
trisolv,MINI,750,113989,24440.0,497.25,40.11283427637857,87.2,496.05376095873333,20.22197811713727,41.04719774561002,114546.65258461093,230.9158030839727,229.2388134741076,70.87859580606285,107254.65258461093
trisolv,MINI,1000,113989,24440.0,375.0,53.68426212587819,66.4,383.57277917335256,17.94861630126978,33.67149223927083,114546.65258461093,298.63081742003,303.97066666666666,58.24176506424815,107254.65258461093
trisolv,MINI,2500,113989,24440.0,164.05,25.621691057219053,29.8,166.24151747478317,12.572186791225171,18.7030167496169,114546.65258461093,689.0375781247683,694.8430356598598,30.965388386142553,107254.65258461093
trisolv,MINI,5000,113989,24440.0,81.85,24.92995450414917,14.7,87.08851066123064,9.55857749635706,11.788204506152343,114546.65258461093,1315.2900619714453,1392.6572999389127,18.51375524135632,107254.65258461093
trisolv,MINI,7500,113989,24440.0,69.0,24.768400921547727,11.7,59.29620407399601,8.072917558220432,8.72990749521715,114546.65258461093,1931.770412177947,1652.0144927536232,13.365165907892193,107254.65258461093
trisolv,MINI,10000,113989,24440.0,44.55,17.175487428921855,8.2,45.013728288544286,7.131405814929547,6.947704529058168,114546.65258461093,2544.7048476045106,2558.6756453423122,10.484075674458346,107254.65258461093
trisolv,MINI,25000,113989,24440.0,15.45,13.016083168627633,2.85,18.46362198309273,4.7070564555848176,3.1326238013986387,114546.65258461093,6203.910191050387,7377.928802588997,4.59254136883843,107254.65258461093
trisolv,MINI,50000,113989,24440.0,8.0,8.669365301845463,1.5,9.320012725101181,3.3849760078577953,1.6366584548484955,114546.65258461093,12290.396586702876,14248.625,2.3745114525569386,107254.65258461093
trisolv,MINI,75000,113989,24440.0,5.7,5.620451377265933,1.0,6.233961857286259,2.7803976485319546,1.1077255099121055,114546.65258461093,18374.615566620563,19998.070175438595,1.601407327269962,107254.65258461093
trisolv,MINI,100000,113989,24440.0,5.05,6.402918742343419,0.85,4.68335519286991,2.415281263407521,0.8371732722917011,114546.65258461093,24458.245823208203,22572.079207920793,1.2081057056309514,107254.65258461093
trisolv,MINI2,100,122350,25485.0,2924.6,139.80490165339603,522.8,3009.2198493124342,60.79229472004982,253.8109764171113,122946.65258461093,40.85665346541648,41.83478082472817,624.0615429116788,107254.65258461093
trisolv,MINI2,250,122350,25485.0,1388.25,60.668968049658865,242.85,1422.101497256332,44.181379364987414,114.17848740549715,122946.65258461093,86.45420374130296,88.13254096884567,300.4547205345077,107254.65258461093
trisolv,MINI2,500,122350,25485.0,754.3,71.99422491459042,127.85,785.9561003476067,33.34693547195021,64.98668355808537,122946.65258461093,156.42941448031897,162.20336736046667,171.4207872254578,107254.65258461093
trisolv,MINI2,750,122350,25485.0,527.05,49.83918876589092,91.65,550.3992228005184,27.90801811840381,48.17114398839519,122946.65258461093,223.37722782208684,232.1411630775069,125.22405764784781,107254.65258461093
trisolv,MINI2,1000,122350,25485.0,431.45,51.15968293387613,72.4,426.54809933208014,24.52280375793967,39.6031540742959,122946.65258461093,288.236315616292,283.5786302004867,101.21708522297574,107254.65258461093
trisolv,MINI2,2500,122350,25485.0,200.6,40.42719251613747,34.15,188.72529601529385,16.54752180258288,22.989911430757303,122946.65258461093,651.4582580103497,609.9202392821536,53.44916692665325,107254.65258461093
trisolv,MINI2,5000,122350,25485.0,98.1,21.133410813959465,16.85,101.69227967763021,12.6784984903646,15.883900743552541,122946.65258461093,1209.0067503094451,1247.1967380224262,33.117524257755896,107254.65258461093
trisolv,MINI2,7500,122350,25485.0,75.9,18.441657648977902,12.7,70.66578226114873,10.853596895514656,12.651917056323015,122946.65258461093,1739.8328957890224,1611.9894598155468,24.734744095044917,107254.65258461093
trisolv,MINI2,10000,122350,25485.0,56.5,19.462514577623583,9.7,54.449563148609386,9.689283916159242,10.608124324567083,122946.65258461093,2257.9915333581685,2165.4867256637167,19.919910534523446,107254.65258461093
trisolv,MINI2,25000,122350,25485.0,19.85,10.936539431504013,3.8,23.253884106159706,6.594525544125725,5.457341001130841,122946.65258461093,5287.144806576363,6163.727959697732,9.382803491905406,107254.65258461093
trisolv,MINI2,50000,122350,25485.0,15.0,8.973645624241781,2.7,11.965120791705747,4.8201715329112895,3.0201046161875604,122946.65258461093,10275.42092762138,8156.666666666667,5.019619519161505,107254.65258461093
trisolv,MINI2,75000,122350,25485.0,8.65,7.589986478040795,1.5,8.061308574712502,3.9852102820260673,2.087303376486519,122946.65258461093,15251.450982819584,14144.50867052023,3.4287540446962064,107254.65258461093
trisolv,MINI2,100000,122350,25485.0,8.5,8.249401892194813,1.45,6.079180371963761,3.4740790901028946,1.5946390676325908,122946.65258461093,20224.215282642683,14394.117647058823,2.603930884724803,107254.65258461093
trisolv,MINI3,100,133958,26936.0,3355.1,136.64510313409076,579.75,3398.064355561358,74.99589063500667,302.41653969822676,134546.6525846109,39.59508664525687,39.92667878751751,1012.9060491606026,107254.65258461093
trisolv,MINI3,250,133958,26936.0,1619.9,89.58024923291727,272.0,1612.894784350914,55.353781136966646,138.02764919888725,134546.6525846109,83.41936119457243,82.69522810050003,491.24800762908967,107254.65258461093
trisolv,MINI3,500,133958,26936.0,916.65,63.279892041959926,150.4,889.9165056278903,42.49019203245958,77.98352324876933,134546.6525846109,151.19019788230588,146.13865706649213,275.3811925057413,107254.65258461093
trisolv,MINI3,750,133958,26936.0,606.75,58.55350679416848,98.0,622.0008640787211,35.80417480323701,57.14331691872053,134546.6525846109,216.31264577726142,220.77956324680676,196.82569892605053,107254.65258461093
trisolv,MINI3,1000,133958,26936.0,466.75,59.543769836279175,76.85,481.4532263099835,31.528037908762506,46.54118931743418,134546.6525846109,279.4594474230049,287.00160685591857,156.1222122008791,107254.65258461093
trisolv,MINI3,2500,133958,26936.0,218.55,38.05740124435304,35.35,214.24049210695512,20.78452963942285,26.736509801641446,134546.6525846109,628.0169134294244,612.9398307023564,78.96436301831451,107254.65258461093
trisolv,MINI3,5000,133958,26936.0,115.7,27.67309162345256,19.05,117.53725374842178,15.563197014216016,18.937052120532318,134546.6525846109,1144.7149588214497,1157.8046672428695,48.962498328547454,107254.65258461093
trisolv,MINI3,7500,133958,26936.0,87.3,25.12306551861519,14.6,82.94431760168283,13.324986676058028,15.61499029402886,134546.6525846109,1622.1322505868823,1534.4558991981673,37.013279435579,107254.65258461093
trisolv,MINI3,10000,133958,26936.0,65.55,19.492171167987042,11.0,64.75077407729611,11.951263185990772,13.543905064380764,134546.6525846109,2077.915739261991,2043.6003051106027,30.221121463210178,107254.65258461093
trisolv,MINI3,25000,133958,26936.0,28.3,10.260296497203496,5.15,28.95523927072879,8.320355894369323,7.865298666003403,134546.6525846109,4646.711820496879,4733.498233215548,15.084158656474488,107254.65258461093
trisolv,MINI3,50000,133958,26936.0,16.8,8.581497844966105,3.0,15.322270443892172,6.179366501029832,4.659680953742264,134546.6525846109,8781.117203047703,7973.690476190476,8.376769171347929,107254.65258461093
trisolv,MINI3,75000,133958,26936.0,11.0,6.958523739384593,2.0,10.444192329256579,5.146422027407385,3.308267609018372,134546.6525846109,12882.437276429206,12178.0,5.811637799240282,107254.65258461093
trisolv,MINI3,100000,133958,26936.0,10.15,9.723953062304176,1.9,7.926309091159661,4.505140888101442,2.563835399791195,134546.6525846109,16974.691629761568,13197.83251231527,4.451059603920703,107254.65258461093
trisolv,SMALL,100,166750,31035.0,4356.15,86.2659748745276,699.7,4394.388561757861,103.40404950462853,426.9570654727896,167346.6525846109,38.081896999492514,38.27921444394707,2009.2302553571053,107254.65258461093
trisolv,SMALL,250,166750,31035.0,2116.05,76.08615269271371,333.5,2120.3161715405604,76.21437337571531,201.45532259760262,167346.6525846109,78.92532954791439,78.80248576356891,998.6693948187361,107254.65258461093
trisolv,SMALL,500,166750,31035.0,1150.9,81.45253703521875,179.2,1174.1176629208674,59.899613308813315,113.50867376346957,167346.6525846109,142.52971219962788,144.88661047875576,559.5823497987184,107254.65258461093
trisolv,SMALL,750,166750,31035.0,813.05,57.823210601025295,124.7,819.6364403001853,51.107163281457055,81.84825851018076,167346.6525846109,204.1718063722515,205.0919377652051,394.4612751475148,107254.65258461093
trisolv,SMALL,1000,166750,31035.0,614.55,53.7670168901266,95.05,632.9953908477623,45.32470160477296,65.48849975548468,167346.6525846109,264.37262419949974,271.336750467822,307.6643767386579,107254.65258461093
trisolv,SMALL,2500,166750,31035.0,284.5,52.53419938728635,44.55,278.7659673701447,30.01691505639677,35.03889144331341,167346.6525846109,600.3123486103613,586.115992970123,143.4898382815041,107254.65258461093
trisolv,SMALL,5000,166750,31035.0,158.65,30.046061130765278,24.65,153.92849109227973,21.72089215825949,24.29227442145364,167346.6525846109,1087.1713962575454,1051.0557831705012,85.3537356724054,107254.65258461093
trisolv,SMALL,7500,166750,31035.0,116.5,24.760962484481386,18.4,110.18303721883598,18.154408224800815,20.23819402275341,167346.6525846109,1518.8059506132647,1431.3304721030042,64.25199905273216,107254.65258461093
trisolv,SMALL,10000,166750,31035.0,92.6,23.614001199110223,14.75,87.24327768615407,16.122505677154763,17.90227814894933,167346.6525846109,1918.1609978778872,1800.7559395248381,52.71362507206814,107254.65258461093
trisolv,SMALL,25000,166750,31035.0,46.05,15.493547043850223,7.45,41.66180021542225,11.351404774537459,11.930391783089995,167346.6525846109,4016.7888021954222,3621.0640608034746,27.79071960116795,107254.65258461093
trisolv,SMALL,50000,166750,31035.0,25.65,11.522403806223952,4.6,23.37434526125147,8.637701363319804,8.041725260041979,167346.6525846109,7159.415620596131,6500.974658869396,16.42884398870723,107254.65258461093
trisolv,SMALL,75000,166750,31035.0,13.55,8.055563621693883,2.8,16.41078719900357,7.29243526251826,6.071939147634306,167346.6525846109,10197.356808987925,12306.273062730626,11.778232668987272,107254.65258461093
trisolv,SMALL,100000,166750,31035.0,14.5,8.12727700887249,2.55,12.673962633978347,6.438902181549486,4.873826594026022,167346.6525846109,13203.972381610292,11500.0,9.198713146739388,107254.65258461093
trisolv,SMALL2,100,240023,40195.0,6356.9,164.06285701715535,957.55,6378.501176050253,147.48425291675892,674.9711422593385,240546.6525846109,37.71209661100418,37.75786940175243,3993.342869649497,107254.65258461093
trisolv,SMALL2,250,240023,40195.0,3203.55,115.76858723105187,469.5,3154.8522511943356,105.19605891520027,330.7723325543245,240546.6525846109,76.24656669533317,74.92406861138424,2033.2054744725115,107254.65258461093
trisolv,SMALL2,500,240023,40195.0,1770.2,77.89642245686862,256.15,1774.5083489691265,83.99406657683105,188.5575095195025,240546.6525846109,135.5567882925729,135.59089368432944,1159.9730358469776,107254.65258461093
trisolv,SMALL2,750,240023,40195.0,1234.55,92.09861705344932,178.9,1244.1402996111965,72.6626426132308,134.91124093381006,240546.6525846109,193.3436708543109,194.42144911101212,818.9651344585261,107254.65258461093
trisolv,SMALL2,1000,240023,40195.0,951.8,82.5237445893764,138.75,961.4833617244776,65.01964972849495,106.54949746073679,240546.6525846109,250.18285511792547,252.17797856692584,636.1523476153733,107254.65258461093
trisolv,SMALL2,2500,240023,40195.0,427.35,55.94007602124936,61.95,418.27412654078375,43.90979512212346,52.48692803747835,240546.6525846109,575.0933115896578,561.6543816543816,282.9979974521432,107254.65258461093
trisolv,SMALL2,5000,240023,40195.0,221.0,47.10011733139928,31.7,226.1550638301284,31.800829347276988,33.49881984306758,240546.6525846109,1063.635934171664,1086.076923076923,157.58030841025408,107254.65258461093
trisolv,SMALL2,7500,240023,40195.0,165.05,33.64438640905946,23.9,160.56546663045498,26.20727359924332,26.990080179529038,240546.6525846109,1498.1219662770602,1454.2441684338078,114.63442846435115,107254.65258461093
trisolv,SMALL2,10000,240023,40195.0,129.45,35.73215417666926,19.4,127.12387939084124,22.867672324514718,23.59737538472199,240546.6525846109,1892.2224033539158,1854.1753572808036,92.5942267767553,107254.65258461093
trisolv,SMALL2,25000,240023,40195.0,64.1,17.782013384316187,10.1,62.67779302004958,15.37712417500585,16.2563706810601,240546.6525846109,3837.829013980503,3744.508580343214,48.80671240579528,107254.65258461093
trisolv,SMALL2,50000,240023,40195.0,43.4,15.46268853861143,7.05,37.03160062400408,11.802054709172518,12.174097685904176,240546.6525846109,6495.7130810243,5530.483870967742,30.086099351459833,107254.65258461093
trisolv,SMALL2,75000,240023,40195.0,28.05,7.521722926927956,5.0,26.986397954154654,10.09777515966606,9.939716347946307,240546.6525846109,8913.625782635354,8556.969696969696,22.353843424138358,107254.65258461093
trisolv,SMALL2,100000,240023,40195.0,20.7,10.177891416408928,3.75,21.39867828574972,9.007349275201058,8.416247275242615,240546.6525846109,11241.19206674559,11595.314009661835,17.923428798510763,107254.65258461093
trisolv,SMALL3,100,342007,52943.0,8875.7,224.60868896348313,1265.2,8921.884389359704,193.13690119625892,992.89404392302,342546.6525846109,38.393980199198076,38.53296078055815,6536.7260829589495,107254.65258461093
trisolv,SMALL3,250,342007,52943.0,4485.5,173.12833694294991,627.75,4473.161456855901,133.09671551695615,495.56098326202016,342546.6525846109,76.57819997970303,76.24724111024412,3351.5146801340766,107254.65258461093
trisolv,SMALL3,500,342007,52943.0,2578.8,132.7068792093073,357.15,2561.8567225639367,106.27898488494019,286.9760562188537,342546.6525846109,133.71030845229555,132.62253761439428,1947.3214094417879,107254.65258461093
trisolv,SMALL3,750,342007,52943.0,1810.6,98.33530179415413,249.85,1810.092972618228,92.75883170034481,205.65532505968895,342546.6525846109,189.24257359506274,188.89152767038553,1384.9178074655574,107254.65258461093
trisolv,SMALL3,1000,342007,52943.0,1390.9,107.03462302599003,190.6,1403.7429844893502,83.58101036489872,161.83195030634585,342546.6525846109,244.02376814671783,245.88899273851462,1078.4119703802457,107254.65258461093
trisolv,SMALL3,2500,342007,52943.0,586.05,37.2296924510531,81.2,609.9083537304658,57.43569431133482,76.44121304232111,342546.6525846109,561.6362695959909,583.5798993259962,474.63222464182525,107254.65258461093
trisolv,SMALL3,5000,342007,52943.0,339.8,47.009069673616665,48.05,324.7653496811902,41.89722848347823,45.82988729045176,342546.6525846109,1054.751231684279,1006.4949970570924,256.1905942613158,107254.65258461093
trisolv,SMALL3,7500,342007,52943.0,221.0,40.76376099584429,31.3,227.1702011286983,34.58012354473351,35.35749015965659,342546.6525846109,1507.885501191015,1547.5429864253394,181.2391629625945,107254.65258461093
trisolv,SMALL3,10000,342007,52943.0,184.65,39.387781968791444,26.05,177.83134310814097,30.117006493504505,30.05550227176708,342546.6525846109,1926.2445337113884,1852.1906309233684,143.30169049405504,107254.65258461093
trisolv,SMALL3,25000,342007,52943.0,93.35,29.87213981023297,14.1,86.36714370794293,19.534777555862476,19.88072087983465,342546.6525846109,3966.1685900249113,3663.7064809855387,72.49606309368863,107254.65258461093
trisolv,SMALL3,50000,342007,52943.0,57.65,21.054503206277698,8.75,51.843015166194725,14.653385091051108,15.240099118166324,342546.6525846109,6607.382913329766,5932.471812662619,44.89751389365048,107254.65258461093
trisolv,SMALL3,75000,342007,52943.0,40.25,13.09027360897757,6.35,38.487375877275795,12.555739766329477,12.938830720529078,342546.6525846109,8900.234031981943,8497.068322981366,33.8548213472595,107254.65258461093
trisolv,SMALL3,100000,342007,52943.0,31.3,10.260296497203496,5.3,31.040268806555783,11.257524714244763,11.366188589401892,342546.6525846109,11035.55689930959,10926.741214057507,27.565019319316825,107254.65258461093
trmm,MEDIUM,100,650715,91526.0,509819.25,574.0141090325334,63885.9,509686.0482980478,519.5823598932316,63603.62697937447,652182.0234595377,1.2795759774812647,1.2763641231671814,507308.370885669,107262.02345953761
trmm,MEDIUM,250,650715,91526.0,365762.55,791.6488106942912,45787.25,365991.60782789375,969.7255004462082,45695.943893733514,652182.0234595377,1.7819589561906675,1.7790640403179605,364875.2924981374,107262.02345953761
trmm,MEDIUM,500,650715,91526.0,234125.15,882.3332867728473,29301.65,234205.13917425286,1024.573563388921,29251.15696760475,652182.0234595377,2.7846614543086625,2.779346857866402,233593.12630297267,107262.02345953761
trmm,MEDIUM,750,650715,91526.0,171259.45,982.2965826652265,21432.3,170665.56143262296,961.6891536492791,21320.734638776295,652182.0234595377,3.821403791045521,3.7995859498556137,170241.79079341126,107262.02345953761
trmm,MEDIUM,1000,650715,91526.0,133921.6,869.6741313485416,16758.3,134001.78016036886,893.9600725405853,16744.425542296984,652182.0234595377,4.866965369258737,4.85892492323867,133677.3395914432,107262.02345953761
trmm,MEDIUM,2500,650715,91526.0,58197.6,615.950049239298,7284.4,58357.822158793795,643.4983700797287,7302.244750505072,652182.0234595377,11.175571660041154,11.181131180667244,58222.73209854751,107262.02345953761
trmm,MEDIUM,5000,650715,91526.0,29974.0,347.62229956936727,3752.7,30054.33589480705,475.34946878726885,3769.178700892022,652182.0234595377,21.70009764122671,21.70931473944085,29985.816653269638,107262.02345953761
trmm,MEDIUM,7500,650715,91526.0,20260.35,449.39482991896443,2537.7,20245.673100193315,393.842331681842,2544.7723230928846,652182.0234595377,32.21340284573252,32.11765838201216,20199.76994858316,107262.02345953761
trmm,MEDIUM,10000,650715,91526.0,15383.45,310.019095337181,1927.15,15268.987971768505,343.58686805235124,1923.5352717778874,652182.0234595377,42.712852002070164,42.29967920069945,15234.475697010845,107262.02345953761
trmm,MEDIUM,25000,650715,91526.0,6156.1,196.41360763235787,772.8,6186.48068460526,220.2111232110205,789.7668316874876,652182.0234595377,105.42052205585306,105.70247396890888,6172.6139283428165,107262.02345953761
trmm,MEDIUM,50000,650715,91526.0,3124.7,108.84469863549917,393.3,3121.7425614396643,156.43648906862495,407.16643646185,652182.0234595377,208.9160174562148,208.24879188402087,3114.798772881451,107262.02345953761
trmm,MEDIUM,75000,650715,91526.0,2104.6,129.74444517061835,265.6,2095.519707337718,127.94118895064163,278.9492301618058,652182.0234595377,311.22686232720343,309.18701891095697,2090.888193860382,107262.02345953761
trmm,MEDIUM,100000,650715,91526.0,1628.4,101.41805092108399,206.15,1581.3672470097815,110.89683687252435,214.5929383230429,652182.0234595377,412.41654947182775,399.60390567428146,1577.8927404043452,107262.02345953761
trmm,MINI,100,113202,24342.0,4084.75,172.7909826472739,672.8,4130.198846900792,123.10456565449951,409.14579798109037,113862.02345953761,27.568169882420335,27.713323948834077,1752.5214345220043,107262.02345953761
trmm,MINI,250,113202,24342.0,1928.8,108.40256357427016,309.5,1907.4066715879771,85.86264602148604,185.4187314543849,113862.02345953761,59.69467610425407,58.690377436748236,791.0913418316077,107262.02345953761
trmm,MINI,500,113202,24342.0,1042.1,66.6387748671108,166.4,1039.150616108208,62.933839771326475,105.40046464901391,113862.02345953761,109.57220415840183,108.62873044813358,427.137744828007,107262.02345953761
trmm,MINI,750,113202,24342.0,718.65,46.740352227125875,115.2,723.8032690510503,52.05713224311212,77.9539741066799,113862.02345953761,157.31073390814825,157.5203506574828,300.03262983934593,107262.02345953761
trmm,MINI,1000,113202,24342.0,556.65,45.9877271957593,87.9,559.6170415431274,45.395757396722544,63.98412611295069,113862.02345953761,203.46418176538452,203.36297493936945,235.17647261745205,107262.02345953761
trmm,MINI,2500,113202,24342.0,243.35,42.79851817405291,40.25,249.584895989269,29.2092135653087,37.430843357485365,113862.02345953761,456.2055849102069,465.181836860489,114.4948357429826,107262.02345953761
trmm,MINI,5000,113202,24342.0,135.9,35.44885121737486,21.85,138.526548186269,21.14516493508944,26.620780642803357,113862.02345953761,821.9509180755275,832.9801324503311,70.00730664885786,107262.02345953761
trmm,MINI,7500,113202,24342.0,104.65,24.96792679461097,18.0,98.71918215990624,17.70414140428652,21.813413375204295,113862.02345953761,1153.393099176033,1081.7200191113234,52.81603054975415,107262.02345953761
trmm,MINI,10000,113202,24342.0,79.95,23.484541388124367,13.25,77.5596036808127,15.690785082621252,18.737711504530203,113862.02345953761,1468.0583455289843,1415.9099437148218,43.04732892315203,107262.02345953761
trmm,MINI,25000,113202,24342.0,35.05,11.35770084220625,6.45,35.06257280908532,10.780475213603536,10.418422268109424,113862.02345953761,3247.3949952136427,3229.7289586305283,21.195816546642128,107262.02345953761
trmm,MINI,50000,113202,24342.0,18.55,10.757983571576775,3.35,18.575961842743336,8.008318543864085,6.0099018665185175,113862.02345953761,6129.535817496179,6102.533692722372,11.63217328452984,107262.02345953761
trmm,MINI,75000,113202,24342.0,15.35,10.383564949121837,2.65,12.658699569464169,6.672508809041274,4.221573688609653,113862.02345953761,8994.764654514767,7374.723127035831,8.027186092128304,107262.02345953761
trmm,MINI,100000,113202,24342.0,12.05,9.063954057578554,1.85,9.604134209501368,5.842301702100452,3.2530299176173063,113862.02345953761,11855.521900859521,9394.356846473029,6.129627604064997,107262.02345953761
trmm,MINI2,100,120027,25195.0,7071.5,189.81611600371787,1037.55,7164.528053527815,170.8677548433903,788.4369488094685,120702.02345953761,16.847170191496968,16.973343703598953,4786.850641149028,107262.02345953761
trmm,MINI2,250,120027,25195.0,3314.0,170.83201967830396,482.45,3317.781210848152,128.27546778998362,361.7155666027106,120702.02345953761,36.38034451002317,36.21816535908268,2201.4658810917826,107262.02345953761
trmm,MINI2,500,120027,25195.0,1780.85,115.65842404525313,258.15,1782.9031626207207,96.35139554958866,198.37744738310744,120702.02345953761,67.69970797635223,67.39871409720078,1170.8902913405198,107262.02345953761
trmm,MINI2,750,120027,25195.0,1223.05,85.46496666070718,178.25,1229.2015656948279,80.32944682111328,141.18858026224694,120702.02345953761,98.1954683659296,98.13744327705328,805.4309264831236,107262.02345953761
trmm,MINI2,1000,120027,25195.0,944.95,89.80708857264405,137.7,942.6116752340331,70.32260004442045,112.0213522591478,120702.02345953761,128.05063488055092,127.0194190168792,618.1711063083578,107262.02345953761
trmm,MINI2,2500,120027,25195.0,415.45,55.57022584082235,61.8,407.55869106650994,45.41608757446752,58.15081924146234,120702.02345953761,296.1586296778054,288.9084125646889,272.4686308202235,107262.02345953761
trmm,MINI2,5000,120027,25195.0,219.65,45.92015381415647,33.0,222.14795898692822,32.40038650414718,39.04289045881554,120702.02345953761,543.3406816339017,546.4466196221261,153.62871744951707,107262.02345953761
trmm,MINI2,7500,120027,25195.0,157.0,33.299280852041804,24.25,158.60085864847593,26.6244045578746,32.05262915615078,120702.02345953761,761.0426859482674,764.5031847133758,112.69770703832384,107262.02345953761
trmm,MINI2,10000,120027,25195.0,117.7,16.08562614327004,18.45,125.91259750913652,23.230602665953484,28.169082729060605,120702.02345953761,958.6175319016763,1019.7706032285471,91.40032275147585,107262.02345953761
trmm,MINI2,25000,120027,25195.0,65.1,23.907497172490295,10.55,61.798908395354324,15.551937895431502,18.60290296508054,120702.02345953761,1953.1416750495753,1843.7327188940094,47.932152132911135,107262.02345953761
trmm,MINI2,50000,120027,25195.0,37.15,15.18751218323098,6.45,35.48687250105132,11.807014077432818,12.550003239948651,120702.02345953761,3401.314766635514,3230.8748317631225,28.543083942837825,107262.02345953761
trmm,MINI2,75000,120027,25195.0,27.05,10.76776378093916,4.75,25.184490896013948,10.038706450111237,9.504444006427473,120702.02345953761,4792.712465696164,4437.2273567467655,20.552977418678083,107262.02345953761
trmm,MINI2,100000,120027,25195.0,23.35,11.207492794414016,4.1,19.570431589248074,8.914792430289847,7.648123216927757,120702.02345953761,6167.57085346298,5140.3426124197,16.095924983811702,107262.02345953761
trmm,MINI3,100,132455,26749.0,14088.75,229.65715293614724,1917.9,14071.305599273628,234.93193291968493,1651.784142027695,133142.0234595376,9.461952376786593,9.401472806317097,11693.62818689484,107262.02345953761
trmm,MINI3,250,132455,26749.0,6745.2,233.986639294685,912.35,6695.405297817584,191.20707480941627,783.9185774739877,133142.0234595376,19.885580862884613,19.636926999940698,5579.089968061215,107262.02345953761
trmm,MINI3,500,132455,26749.0,3616.2,128.21059977527918,487.65,3594.6305211502968,147.6058357352841,424.84338596682045,133142.0234595376,37.03914009413451,36.62822852718323,2982.6176498700956,107262.02345953761
trmm,MINI3,750,132455,26749.0,2445.6,149.50564150594872,331.65,2466.7342935457127,124.15195480226528,295.8812460423354,133142.0234595376,53.97501620174814,54.1605332024861,2042.9636543340082,107262.02345953761
trmm,MINI3,1000,132455,26749.0,1873.55,89.87855841722147,252.8,1882.560512166205,109.14592922993218,229.52306657933443,133142.0234595376,70.72390109061362,70.69733927570655,1558.1199432405297,107262.02345953761
trmm,MINI3,2500,132455,26749.0,798.65,80.07251647561004,109.35,793.2245665964915,71.00297877360332,106.64220374598823,133142.0234595376,167.8490922574592,165.84861954548302,658.1345063502051,107262.02345953761
trmm,MINI3,5000,132455,26749.0,412.45,57.05073918982351,57.95,417.7400570638207,50.73664022081865,64.29181447407754,133142.0234595376,318.7197904729464,321.1419566008001,349.2208155264095,107262.02345953761
trmm,MINI3,7500,132455,26749.0,300.8,50.23376930857735,42.95,290.7236045357462,41.588649690486214,49.7007766852299,133142.0234595376,457.96771016289114,440.34242021276594,244.8204529255941,107262.02345953761
trmm,MINI3,10000,132455,26749.0,237.9,43.80687280853494,34.1,226.67676050273005,36.09881519268149,42.179106844211304,133142.0234595376,587.3651236423685,556.7675493905002,192.16448574506938,107262.02345953761
trmm,MINI3,25000,132455,26749.0,109.3,36.932513132953595,16.15,108.60693717795465,23.13484133075911,27.343190348502247,133142.0234595376,1225.9071742478266,1211.8481244281793,94.74018091551146,107262.02345953761
trmm,MINI3,50000,132455,26749.0,66.4,20.592282662763687,10.6,64.96258197450756,16.96570460578692,20.345487622365805,133142.0234595376,2049.5186523187276,1994.8042168674697,58.018793416294066,107262.02345953761
trmm,MINI3,75000,132455,26749.0,51.2,22.222795314247648,8.5,48.04536950401164,14.37824105102763,16.739480010456116,133142.0234595376,2771.1728483724255,2587.01171875,43.413856026675774,107262.02345953761
trmm,MINI3,100000,132455,26749.0,34.35,9.371148331588374,5.95,38.53783454225023,12.843313936074459,14.30650969726725,133142.0234595376,3454.839251893353,3856.0407569141194,35.06332793681386,107262.02345953761
trmm,SMALL,100,159767,30163.0,33128.05,298.06842644283034,4299.05,33176.32583944703,325.1916749293737,4039.9116720493703,160422.0234595376,4.835436697718768,4.8227106636219155,30798.648427068245,107262.02345953761
trmm,SMALL,250,159767,30163.0,16818.85,321.1922321601196,2174.0,16815.01785223005,298.7983475775139,2048.870146775546,160422.0234595376,9.540401614159574,9.499282055550767,15698.70252247368,107262.02345953761
trmm,SMALL,500,159767,30163.0,9170.85,278.46142603504984,1183.8,9186.308851354954,240.71956903106556,1123.803177242512,160422.0234595376,17.46316459149703,17.42117688109608,8574.295980074752,107262.02345953761
trmm,SMALL,750,159767,30163.0,6277.45,186.94341249074338,810.9,6323.773685919698,205.4107591507523,778.011170438389,160422.0234595376,25.368084221092204,25.450939473830935,5900.003046707994,107262.02345953761
trmm,SMALL,1000,159767,30163.0,4830.75,165.93304769029422,622.7,4825.769030234972,181.88044684737793,597.4241510301304,160422.0234595376,33.24278937811627,33.07291828391037,4501.3284613092965,107262.02345953761
trmm,SMALL,2500,159767,30163.0,2025.3,148.15074115664476,263.55,2009.3113421646242,119.77096496959662,258.6806731015503,160422.0234595376,79.83930618075121,78.88559719547722,1874.2212819183378,107262.02345953761
trmm,SMALL,5000,159767,30163.0,1057.0,94.40394728589422,138.35,1033.3943959932378,85.89976194975677,141.532917300756,160422.0234595376,155.2379460170668,151.15137180700094,964.8751544558266,107262.02345953761
trmm,SMALL,7500,159767,30163.0,694.95,74.9051856823362,91.8,703.3584511267228,70.49382617304553,101.8426562896774,160422.0234595376,228.08003970458392,229.89711490035253,657.4552995165707,107262.02345953761
trmm,SMALL,10000,159767,30163.0,546.3,55.59070350148013,72.4,537.2764186583652,61.21334427630003,81.75770169390444,160422.0234595376,298.58377901663357,292.45286472634086,502.76414390070454,107262.02345953761
trmm,SMALL,25000,159767,30163.0,238.25,38.7446091326536,33.2,235.83715273255427,38.92492801314094,44.594378505176635,160422.0234595376,680.2237120012237,670.5855194123819,221.9703964701111,107262.02345953761
trmm,SMALL,50000,159767,30163.0,125.15,17.229946390850408,17.9,133.6715216361477,27.649092252535024,31.34109859514184,160422.0234595376,1200.121173874301,1276.604075109868,126.7277330779342,107262.02345953761
trmm,SMALL,75000,159767,30163.0,95.35,15.475872562765156,14.3,98.36814456549988,22.753626530106654,26.345030324110233,160422.0234595376,1630.8330727201858,1675.58468799161,93.736631088164,107262.02345953761
trmm,SMALL,100000,159767,30163.0,80.95,17.48525694767783,12.25,79.78617549956162,19.923638771691582,23.409321925586784,160422.0234595376,2010.6493694564795,1973.6504014823965,76.31166889412525,107262.02345953761
trmm,SMALL2,100,225852,38423.0,88627.8,471.4817181252275,11237.3,88710.86756213837,435.1318913668147,10981.729387385787,226542.0234595376,2.5537121852726115,2.548320053075897,86333.19014975958,107262.02345953761
trmm,SMALL2,250,225852,38423.0,49523.75,460.47731243043626,6256.45,49613.91979615734,477.9571951248466,6148.7328897664565,226542.0234595376,4.566098070668538,4.560478558267498,48497.60446640097,107262.02345953761
trmm,SMALL2,500,225852,38423.0,28091.55,430.95933072256616,3549.4,28122.653725498163,410.67937404214877,3490.8462865104134,226542.0234595376,8.055499515472011,8.039855401357348,27510.640854217963,107262.02345953761
trmm,SMALL2,750,225852,38423.0,19595.25,382.461263948459,2475.6,19588.840314647947,358.26029871932604,2436.14449902942,226542.0234595376,11.5648512020457,11.525854480039806,19165.069675436243,107262.02345953761
trmm,SMALL2,1000,225852,38423.0,14940.25,415.3826232333397,1889.0,15027.010656839917,320.7752092843486,1872.5793543558643,226542.0234595376,15.075654674965001,15.117016114188184,14702.570087914242,107262.02345953761
trmm,SMALL2,2500,225852,38423.0,6293.75,272.8710655622037,796.2,6281.174332146835,215.50319963588342,792.6637721728539,226542.0234595376,36.06682627802628,35.88512413108242,6146.084271900549,107262.02345953761
trmm,SMALL2,5000,225852,38423.0,3206.05,158.1147068628209,406.9,3203.968342239239,155.51846584342476,412.8826880495228,226542.0234595376,70.70669846294686,70.44556385583506,3135.449100701828,107262.02345953761
trmm,SMALL2,7500,225852,38423.0,2155.6,128.00509858266545,274.55,2158.872018530762,127.86934044268074,283.91963870970113,226542.0234595376,104.93536509575617,104.77454073111895,2112.96886692061,107262.02345953761
trmm,SMALL2,10000,225852,38423.0,1647.4,97.00157350866988,210.4,1632.426609741351,111.13851967659978,218.94958280023894,226542.0234595376,138.7762378459586,137.09603010804904,1597.9143349836904,107262.02345953761
trmm,SMALL2,25000,225852,38423.0,668.5,62.47904912006397,86.5,677.4045216147395,70.78433956971783,100.73185179015545,226542.0234595376,334.42650031258415,337.8489154824233,663.5377653522962,107262.02345953761
trmm,SMALL2,50000,225852,38423.0,345.6,47.66263018119619,45.75,356.1617041544053,50.18771995102799,60.312988276803594,226542.0234595376,636.0650817228957,653.5069444444445,349.2179155961918,107262.02345953761
trmm,SMALL2,75000,225852,38423.0,256.95,31.703353632998315,34.4,248.51727779376267,41.02108285638512,46.511849113461,226542.0234595376,911.5745410970512,878.9725627554,243.88576431642682,107262.02345953761
trmm,SMALL2,100000,225852,38423.0,196.0,32.56733914441535,26.8,194.49116973244497,35.55107317086386,39.48989625267973,226542.0234595376,1164.7933619360915,1152.3061224489795,191.0166631270086,107262.02345953761
trmm,SMALL3,100,412499,61749.0,268969.8,447.2539135188148,33777.8,269010.707006107,520.8247011380882,33519.20931788186,413982.0234595376,1.5389053769154974,1.533625708165006,266633.02959372825,107262.02345953761
trmm,SMALL3,250,412499,61749.0,174707.5,580.5350979914997,21908.05,174837.02585213073,768.087415608324,21801.621146763133,413982.0234595376,2.367816664930373,2.3610835253208933,173720.71052237437,107262.02345953761
trmm,SMALL3,500,412499,61749.0,106009.55,547.8744069487817,13287.85,106066.65486509458,739.1269899646477,13233.846428959963,413982.0234595376,3.9030364819752106,3.8911494294617794,105454.64199381438,107262.02345953761
trmm,SMALL3,750,412499,61749.0,75712.25,746.1156164817196,9488.1,75720.12933044859,670.9746389025362,9452.5556260045,413982.0234595376,5.467265139668311,5.448246485872498,75296.35869123688,107262.02345953761
trmm,SMALL3,1000,412499,61749.0,59057.4,575.699245311848,7402.15,58816.08071340372,613.103233013867,7346.213111426339,413982.0234595376,7.038585679939643,6.9847131773494935,58491.64014447804,107262.02345953761
trmm,SMALL3,2500,412499,61749.0,25043.1,470.1897601249053,3141.15,25108.368929190332,427.54454915050735,3146.0630968046394,413982.0234595376,16.487810284572205,16.471563025344306,24973.278868944046,107262.02345953761
trmm,SMALL3,5000,412499,61749.0,12843.5,387.1365188283406,1611.75,12851.38999220125,312.42575051906874,1618.8104630662904,413982.0234595376,32.21301537894024,32.11733561723829,12782.870750663838,107262.02345953761
trmm,SMALL3,7500,412499,61749.0,8620.4,206.07903440440666,1082.8,8644.475795892988,257.91812306015214,1094.622660004204,413982.0234595376,47.88977761453407,47.85149181012482,8598.572644282836,107262.02345953761
trmm,SMALL3,10000,412499,61749.0,6484.1,255.5934065536201,814.75,6517.56534144285,224.6027476982728,829.607438334843,413982.0234595376,63.517893840998426,63.6170015885011,6483.053066685189,107262.02345953761
trmm,SMALL3,25000,412499,61749.0,2632.1,163.64496229401786,332.3,2648.0068896958505,143.51190256548662,347.44222401770287,413982.0234595376,156.33721538658364,156.7185897192356,2634.1401334334073,107262.02345953761
trmm,SMALL3,50000,412499,61749.0,1379.25,73.70201382666056,175.3,1345.309074048633,101.85683511067862,184.90702609701904,413982.0234595376,307.7226129261744,299.0748595251042,1338.3652854904194,107262.02345953761
trmm,SMALL3,75000,412499,61749.0,917.85,93.80398095019882,117.4,909.2240894892518,83.27853594577672,130.22796570878543,413982.0234595376,455.3135230854785,449.41875034046956,904.592576011916,107262.02345953761
trmm,SMALL3,100000,412499,61749.0,696.3,52.099196882384625,89.75,690.6967912071535,72.17347029498391,102.6707677831802,413982.0234595376,599.3686791797709,592.4156254488008,687.2222846017172,107262.02345953761
